date,btcusd,sp500
2019-05-01,5321.15,2923.72998046875
2019-05-02,5390.01,2917.52001953125
2019-05-03,5657.4,2945.639892578125
2019-05-04,5770.01,
2019-05-05,5715.86,
2019-05-06,5687.9,2932.469970703125
2019-05-07,5748.45,2884.050048828125
2019-05-08,5948.41,2879.419921875
2019-05-09,6153.09,2870.719970703125
2019-05-10,6343.14,2881.39990234375
2019-05-11,7219.95,
2019-05-12,6979.76,
2019-05-13,7824.93,2811.8701171875
2019-05-14,7990.92,2834.409912109375
2019-05-15,8203.32,2850.9599609375
2019-05-16,7878.96,2876.320068359375
2019-05-17,7363.69,2859.530029296875
2019-05-18,7262.4,
2019-05-19,8200.0,
2019-05-20,7999.54,2840.22998046875
2019-05-21,7951.7,2864.360107421875
2019-05-22,7626.48,2856.27001953125
2019-05-23,7881.98,2822.239990234375
2019-05-24,8001.7,2826.06005859375
2019-05-25,8063.81,
2019-05-26,8731.72,
2019-05-27,8772.29,
2019-05-28,8715.36,2802.389892578125
2019-05-29,8662.44,2783.02001953125
2019-05-30,8279.69,2788.860107421875
2019-05-31,8554.06,2752.06005859375
2019-06-01,8558.95,
2019-06-02,8736.55,
2019-06-03,8107.96,2744.449951171875
2019-06-04,7670.96,2803.27001953125
2019-06-05,7789.48,2826.14990234375
2019-06-06,7805.0,2843.489990234375
2019-06-07,7998.13,2873.340087890625
2019-06-08,7930.14,
2019-06-09,7634.58,
2019-06-10,8015.69,2886.72998046875
2019-06-11,7918.17,2885.719970703125
2019-06-12,8176.02,2879.840087890625
2019-06-13,8239.04,2891.639892578125
2019-06-14,8697.46,2886.97998046875
2019-06-15,8860.23,
2019-06-16,8975.0,
2019-06-17,9333.14,2889.669921875
2019-06-18,9078.48,2917.75
2019-06-19,9277.54,2926.4599609375
2019-06-20,9531.21,2954.179931640625
2019-06-21,10236.2,2950.4599609375
2019-06-22,10666.86,
2019-06-23,10833.02,
2019-06-24,11032.32,2945.35009765625
2019-06-25,11755.53,2917.3798828125
2019-06-26,12927.44,2913.780029296875
2019-06-27,11159.29,2924.919921875
2019-06-28,12360.45,2941.760009765625
2019-06-29,11865.29,
2019-06-30,10761.26,
2019-07-01,10577.63,2964.330078125
2019-07-02,10829.18,2973.010009765625
2019-07-03,11976.42,2995.820068359375
2019-07-04,11136.0,
2019-07-05,11004.51,2990.409912109375
2019-07-06,11237.77,
2019-07-07,11474.42,
2019-07-08,12293.53,2975.949951171875
2019-07-09,12571.11,2979.6298828125
2019-07-10,12097.96,2993.070068359375
2019-07-11,11349.0,2999.909912109375
2019-07-12,11802.0,3013.77001953125
2019-07-13,11370.08,
2019-07-14,10185.03,
2019-07-15,10854.47,3014.300048828125
2019-07-16,9422.72,3004.0400390625
2019-07-17,9696.31,2984.419921875
2019-07-18,10649.07,2995.110107421875
2019-07-19,10538.06,2976.610107421875
2019-07-20,10761.03,
2019-07-21,10590.7,
2019-07-22,10323.39,2985.030029296875
2019-07-23,9840.12,3005.469970703125
2019-07-24,9772.6,3019.56005859375
2019-07-25,9883.33,3003.669921875
2019-07-26,9843.0,3025.860107421875
2019-07-27,9479.98,
2019-07-28,9533.0,
2019-07-29,9495.01,3020.969970703125
2019-07-30,9589.01,3013.179931640625
2019-07-31,10087.3,2980.3798828125
2019-08-01,10405.94,2953.56005859375
2019-08-02,10533.01,2932.050048828125
2019-08-03,10820.76,
2019-08-04,10977.51,
2019-08-05,11819.49,2844.739990234375
2019-08-06,11465.49,2881.77001953125
2019-08-07,11975.03,2883.97998046875
2019-08-08,11981.0,2938.090087890625
2019-08-09,11856.1,2918.64990234375
2019-08-10,11280.95,
2019-08-11,11540.76,
2019-08-12,11389.28,2882.699951171875
2019-08-13,10854.92,2926.320068359375
2019-08-14,10025.86,2840.60009765625
2019-08-15,10300.01,2847.60009765625
2019-08-16,10352.78,2888.679931640625
2019-08-17,10217.79,
2019-08-18,10315.48,
2019-08-19,10920.0,2923.64990234375
2019-08-20,10769.09,2900.510009765625
2019-08-21,10130.0,2924.429931640625
2019-08-22,10107.15,2922.949951171875
2019-08-23,10410.85,2847.110107421875
2019-08-24,10147.96,
2019-08-25,10138.72,
2019-08-26,10361.65,2878.3798828125
2019-08-27,10171.85,2869.159912109375
2019-08-28,9714.31,2887.93994140625
2019-08-29,9495.0,2924.580078125
2019-08-30,9582.42,2926.4599609375
2019-08-31,9600.86,
2019-09-01,9766.52,
2019-09-02,10381.26,
2019-09-03,10628.48,2906.27001953125
2019-09-04,10581.84,2937.780029296875
2019-09-05,10574.73,2976.0
2019-09-06,10308.92,2978.7099609375
2019-09-07,10484.37,
2019-09-08,10398.97,
2019-09-09,10310.0,2978.429931640625
2019-09-10,10093.01,2979.389892578125
2019-09-11,10160.2,3000.929931640625
2019-09-12,10423.72,3009.570068359375
2019-09-13,10365.93,3007.389892578125
2019-09-14,10360.25,
2019-09-15,10304.46,
2019-09-16,10262.54,2997.9599609375
2019-09-17,10185.39,3005.699951171875
2019-09-18,10155.26,3006.72998046875
2019-09-19,10275.01,3006.7900390625
2019-09-20,10168.85,2992.070068359375
2019-09-21,9973.99,
2019-09-22,10026.8,
2019-09-23,9693.74,2991.780029296875
2019-09-24,8530.01,2966.60009765625
2019-09-25,8438.35,2984.8701171875
2019-09-26,8060.0,2977.6201171875
2019-09-27,8193.99,2961.7900390625
2019-09-28,8217.47,
2019-09-29,8052.4,
2019-09-30,8304.96,2976.739990234375
2019-10-01,8321.52,2940.25
2019-10-02,8381.72,2887.610107421875
2019-10-03,8240.41,2910.6298828125
2019-10-04,8156.67,2952.010009765625
2019-10-05,8147.63,
2019-10-06,7859.79,
2019-10-07,8209.0,2938.7900390625
2019-10-08,8180.0,2893.06005859375
2019-10-09,8590.0,2919.39990234375
2019-10-10,8587.5,2938.1298828125
2019-10-11,8267.33,2970.27001953125
2019-10-12,8309.03,
2019-10-13,8282.97,
2019-10-14,8355.0,2966.14990234375
2019-10-15,8162.44,2995.679931640625
2019-10-16,7993.54,2989.68994140625
2019-10-17,8076.2,2997.949951171875
2019-10-18,7954.16,2986.199951171875
2019-10-19,7965.28,
2019-10-20,8236.12,
2019-10-21,8209.92,3006.719970703125
2019-10-22,8024.72,2995.989990234375
2019-10-23,7474.85,3004.52001953125
2019-10-24,7430.87,3010.2900390625
2019-10-25,8668.0,3022.550048828125
2019-10-26,9259.78,
2019-10-27,9548.84,
2019-10-28,9226.5,3039.419921875
2019-10-29,9430.8,3036.889892578125
2019-10-30,9164.44,3046.77001953125
2019-10-31,9159.48,3037.56005859375
2019-11-01,9253.12,3066.909912109375
2019-11-02,9308.52,
2019-11-03,9206.52,
2019-11-04,9412.53,3078.27001953125
2019-11-05,9322.09,3074.6201171875
2019-11-06,9341.27,3076.780029296875
2019-11-07,9198.84,3085.179931640625
2019-11-08,8763.01,3093.080078125
2019-11-09,8807.89,
2019-11-10,9032.23,
2019-11-11,8721.54,3087.010009765625
2019-11-12,8810.0,3091.840087890625
2019-11-13,8758.34,3094.0400390625
2019-11-14,8630.0,3096.6298828125
2019-11-15,8457.48,3120.4599609375
2019-11-16,8481.0,
2019-11-17,8500.01,
2019-11-18,8168.84,3122.030029296875
2019-11-19,8123.36,3120.179931640625
2019-11-20,8082.96,3108.4599609375
2019-11-21,7616.46,3103.5400390625
2019-11-22,7283.03,3110.2900390625
2019-11-23,7329.29,
2019-11-24,6908.64,
2019-11-25,7127.01,3133.639892578125
2019-11-26,7162.67,3140.52001953125
2019-11-27,7523.72,3153.6298828125
2019-11-28,7432.41,
2019-11-29,7760.0,3140.97998046875
2019-11-30,7555.92,
2019-12-01,7404.27,
2019-12-02,7305.01,3113.8701171875
2019-12-03,7302.94,3093.199951171875
2019-12-04,7198.99,3112.760009765625
2019-12-05,7393.54,3117.429931640625
2019-12-06,7540.08,3145.909912109375
2019-12-07,7502.19,
2019-12-08,7520.0,
2019-12-09,7337.51,3135.9599609375
2019-12-10,7219.37,3132.52001953125
2019-12-11,7201.23,3141.6298828125
2019-12-12,7185.91,3168.570068359375
2019-12-13,7249.9,3168.800048828125
2019-12-14,7062.91,
2019-12-15,7111.0,
2019-12-16,6877.03,3191.449951171875
2019-12-17,6616.62,3192.52001953125
2019-12-18,7285.53,3191.139892578125
2019-12-19,7149.12,3205.3701171875
2019-12-20,7190.0,3221.219970703125
2019-12-21,7143.01,
2019-12-22,7513.06,
2019-12-23,7310.79,3224.010009765625
2019-12-24,7255.01,3223.3798828125
2019-12-25,7192.12,
2019-12-26,7194.13,3239.909912109375
2019-12-27,7245.83,3240.02001953125
2019-12-28,7302.67,
2019-12-29,7384.89,
2019-12-30,7218.0,3221.2900390625
2019-12-31,7165.72,3230.780029296875
2020-01-01,7174.33,
2020-01-02,6945.02,3257.85009765625
2020-01-03,7334.45,3234.85009765625
2020-01-04,7348.63,
2020-01-05,7355.4,
2020-01-06,7764.63,3246.280029296875
2020-01-07,8158.52,3237.179931640625
2020-01-08,8045.51,3253.050048828125
2020-01-09,7813.78,3274.699951171875
2020-01-10,8198.09,3265.35009765625
2020-01-11,8020.0,
2020-01-12,8180.81,
2020-01-13,8104.5,3288.1298828125
2020-01-14,8815.69,3283.14990234375
2020-01-15,8808.81,3289.2900390625
2020-01-16,8714.76,3316.81005859375
2020-01-17,8899.42,3329.6201171875
2020-01-18,8909.32,
2020-01-19,8697.53,
2020-01-20,8628.89,
2020-01-21,8722.03,3320.7900390625
2020-01-22,8660.38,3321.75
2020-01-23,8385.22,3325.5400390625
2020-01-24,8427.26,3295.469970703125
2020-01-25,8326.81,
2020-01-26,8595.0,
2020-01-27,8895.96,3243.6298828125
2020-01-28,9394.5,3276.239990234375
2020-01-29,9288.44,3273.39990234375
2020-01-30,9503.08,3283.659912109375
2020-01-31,9334.98,3225.52001953125
2020-02-01,9380.18,
2020-02-02,9323.5,
2020-02-03,9280.49,3248.919921875
2020-02-04,9164.33,3297.590087890625
2020-02-05,9613.82,3334.68994140625
2020-02-06,9763.01,3345.780029296875
2020-02-07,9808.05,3327.7099609375
2020-02-08,9905.64,
2020-02-09,10168.35,
2020-02-10,9851.78,3352.090087890625
2020-02-11,10270.01,3357.75
2020-02-12,10351.13,3379.449951171875
2020-02-13,10236.49,3373.93994140625
2020-02-14,10371.33,3380.159912109375
2020-02-15,9911.22,
2020-02-16,9921.0,
2020-02-17,9700.0,
2020-02-18,10188.04,3370.2900390625
2020-02-19,9600.08,3386.14990234375
2020-02-20,9610.05,3373.22998046875
2020-02-21,9695.66,3337.75
2020-02-22,9668.23,
2020-02-23,9965.01,
2020-02-24,9660.0,3225.889892578125
2020-02-25,9305.0,3128.2099609375
2020-02-26,8778.3,3116.389892578125
2020-02-27,8812.49,2978.760009765625
2020-02-28,8708.89,2954.219970703125
2020-02-29,8525.07,
2020-03-01,8522.31,
2020-03-02,8915.0,3090.22998046875
2020-03-03,8757.84,3003.3701171875
2020-03-04,8760.66,3130.1201171875
2020-03-05,9070.17,3023.93994140625
2020-03-06,9158.51,2972.3701171875
2020-03-07,8901.37,
2020-03-08,8037.76,
2020-03-09,7934.52,2746.56005859375
2020-03-10,7894.68,2882.22998046875
2020-03-11,7938.05,2741.3798828125
2020-03-12,4857.1,2480.639892578125
2020-03-13,5637.6,2711.02001953125
2020-03-14,5165.25,
2020-03-15,5345.35,
2020-03-16,5037.61,2386.1298828125
2020-03-17,5331.71,2529.18994140625
2020-03-18,5413.64,2398.10009765625
2020-03-19,6186.26,2409.389892578125
2020-03-20,6206.1,2304.919921875
2020-03-21,6198.78,
2020-03-22,5818.25,
2020-03-23,6490.63,2237.39990234375
2020-03-24,6766.64,2447.330078125
2020-03-25,6690.96,2475.56005859375
2020-03-26,6758.18,2630.070068359375
2020-03-27,6372.36,2541.469970703125
2020-03-28,6251.82,
2020-03-29,5877.21,
2020-03-30,6406.4,2626.64990234375
2020-03-31,6424.35,2584.590087890625
2020-04-01,6666.11,2470.5
2020-04-02,6804.52,2526.89990234375
2020-04-03,6741.99,2488.64990234375
2020-04-04,6874.77,
2020-04-05,6778.25,
2020-04-06,7341.56,2663.679931640625
2020-04-07,7200.01,2659.409912109375
2020-04-08,7370.11,2749.97998046875
2020-04-09,7293.24,2789.820068359375
2020-04-10,6871.91,
2020-04-11,6889.65,
2020-04-12,6908.13,
2020-04-13,6861.21,2761.6298828125
2020-04-14,6877.37,2846.06005859375
2020-04-15,6624.12,2783.360107421875
2020-04-16,7112.64,2799.550048828125
2020-04-17,7037.46,2874.56005859375
2020-04-18,7261.76,
2020-04-19,7130.71,
2020-04-20,6838.19,2823.159912109375
2020-04-21,6853.68,2736.56005859375
2020-04-22,7136.84,2799.31005859375
2020-04-23,7488.83,2797.800048828125
2020-04-24,7514.64,2836.739990234375
2020-04-25,7547.61,
2020-04-26,7706.4,
2020-04-27,7789.77,2878.47998046875
2020-04-28,7755.01,2863.389892578125
2020-04-29,8793.75,2939.510009765625
2020-04-30,8624.28,2912.429931640625
2020-05-01,8829.42,2830.7099609375
2020-05-02,8985.58,
2020-05-03,8909.95,
2020-05-04,8883.53,2842.739990234375
2020-05-05,9028.79,2868.43994140625
2020-05-06,9155.79,2848.419921875
2020-05-07,10004.77,2881.18994140625
2020-05-08,9810.0,2929.800048828125
2020-05-09,9537.21,
2020-05-10,8729.86,
2020-05-11,8572.4,2930.18994140625
2020-05-12,8821.42,2870.1201171875
2020-05-13,9321.26,2820.0
2020-05-14,9795.34,2852.5
2020-05-15,9312.1,2863.699951171875
2020-05-16,9383.16,
2020-05-17,9676.63,
2020-05-18,9728.52,2953.909912109375
2020-05-19,9783.76,2922.93994140625
2020-05-20,9509.41,2971.610107421875
2020-05-21,9061.96,2948.510009765625
2020-05-22,9168.84,2955.449951171875
2020-05-23,9181.76,
2020-05-24,8715.73,
2020-05-25,8899.31,
2020-05-26,8844.42,2991.77001953125
2020-05-27,9208.53,3036.1298828125
2020-05-28,9580.19,3029.72998046875
2020-05-29,9423.84,3044.31005859375
2020-05-30,9700.33,
2020-05-31,9446.57,
2020-06-01,10208.96,3055.72998046875
2020-06-02,9522.46,3080.820068359375
2020-06-03,9668.07,3122.8701171875
2020-06-04,9788.03,3112.35009765625
2020-06-05,9613.21,3193.929931640625
2020-06-06,9671.7,
2020-06-07,9750.12,
2020-06-08,9781.51,3232.389892578125
2020-06-09,9779.41,3207.179931640625
2020-06-10,9894.04,3190.139892578125
2020-06-11,9268.16,3002.10009765625
2020-06-12,9464.17,3041.31005859375
2020-06-13,9475.0,
2020-06-14,9325.0,
2020-06-15,9432.53,3066.590087890625
2020-06-16,9526.25,3124.739990234375
2020-06-17,9457.51,3113.489990234375
2020-06-18,9376.14,3115.340087890625
2020-06-19,9301.91,3097.739990234375
2020-06-20,9355.74,
2020-06-21,9286.14,
2020-06-22,9690.74,3117.860107421875
2020-06-23,9623.56,3131.2900390625
2020-06-24,9285.91,3050.330078125
2020-06-25,9243.51,3083.760009765625
2020-06-26,9155.42,3009.050048828125
2020-06-27,9002.46,
2020-06-28,9113.24,
2020-06-29,9184.45,3053.239990234375
2020-06-30,9136.2,3100.2900390625
2020-07-01,9239.97,3115.860107421875
2020-07-02,9091.53,3130.010009765625
2020-07-03,9063.87,
2020-07-04,9138.51,
2020-07-05,9074.39,
2020-07-06,9343.31,3179.719970703125
2020-07-07,9253.94,3145.320068359375
2020-07-08,9435.28,3169.93994140625
2020-07-09,9236.95,3152.050048828125
2020-07-10,9291.05,3185.0400390625
2020-07-11,9235.0,
2020-07-12,9303.37,
2020-07-13,9236.92,3155.219970703125
2020-07-14,9256.94,3197.52001953125
2020-07-15,9190.16,3226.56005859375
2020-07-16,9130.11,3215.570068359375
2020-07-17,9154.29,3224.72998046875
2020-07-18,9175.85,
2020-07-19,9212.87,
2020-07-20,9161.05,3251.840087890625
2020-07-21,9394.14,3257.300048828125
2020-07-22,9536.18,3276.02001953125
2020-07-23,9613.24,3235.659912109375
2020-07-24,9551.21,3215.6298828125
2020-07-25,9711.33,
2020-07-26,9941.0,
2020-07-27,11048.91,3239.409912109375
2020-07-28,10934.23,3218.43994140625
2020-07-29,11110.12,3258.43994140625
2020-07-30,11115.95,3246.219970703125
2020-07-31,11351.62,3271.1201171875
2020-08-01,11810.07,
2020-08-02,11068.54,
2020-08-03,11233.13,3294.610107421875
2020-08-04,11197.04,3306.510009765625
2020-08-05,11756.75,3327.77001953125
2020-08-06,11773.89,3349.159912109375
2020-08-07,11606.52,3351.280029296875
2020-08-08,11774.98,
2020-08-09,11688.48,
2020-08-10,11899.73,3360.469970703125
2020-08-11,11388.53,3333.68994140625
2020-08-12,11566.45,3380.35009765625
2020-08-13,11795.95,3373.429931640625
2020-08-14,11779.0,3372.85009765625
2020-08-15,11859.24,
2020-08-16,11918.84,
2020-08-17,12304.26,3381.989990234375
2020-08-18,11950.0,3389.780029296875
2020-08-19,11758.87,3374.85009765625
2020-08-20,11864.26,3385.510009765625
2020-08-21,11529.22,3397.159912109375
2020-08-22,11672.93,
2020-08-23,11650.01,
2020-08-24,11753.85,3431.280029296875
2020-08-25,11324.92,3443.6201171875
2020-08-26,11463.27,3478.72998046875
2020-08-27,11330.06,3484.550048828125
2020-08-28,11535.0,3508.010009765625
2020-08-29,11474.31,
2020-08-30,11716.01,
2020-08-31,11655.0,3500.31005859375
2020-09-01,11924.22,3526.64990234375
2020-09-02,11395.48,3580.840087890625
2020-09-03,10172.52,3455.06005859375
2020-09-04,10500.05,3426.9599609375
2020-09-05,10168.36,
2020-09-06,10257.86,
2020-09-07,10375.0,
2020-09-08,10125.69,3331.840087890625
2020-09-09,10224.56,3398.9599609375
2020-09-10,10343.23,3339.18994140625
2020-09-11,10394.41,3340.969970703125
2020-09-12,10446.52,
2020-09-13,10336.76,
2020-09-14,10679.95,3383.5400390625
2020-09-15,10783.75,3401.199951171875
2020-09-16,10959.61,3385.489990234375
2020-09-17,10943.61,3357.010009765625
2020-09-18,10937.52,3319.469970703125
2020-09-19,11080.0,
2020-09-20,10920.89,
2020-09-21,10416.82,3281.06005859375
2020-09-22,10531.13,3315.570068359375
2020-09-23,10235.1,3236.919921875
2020-09-24,10740.01,3246.590087890625
2020-09-25,10690.53,3298.4599609375
2020-09-26,10730.0,
2020-09-27,10778.2,
2020-09-28,10695.55,3351.60009765625
2020-09-29,10840.73,3335.469970703125
2020-09-30,10779.63,3363.0
2020-10-01,10617.63,3380.800048828125
2020-10-02,10573.12,3348.419921875
2020-10-03,10551.65,
2020-10-04,10671.11,
2020-10-05,10795.0,3408.60009765625
2020-10-06,10602.66,3360.969970703125
2020-10-07,10670.47,3419.43994140625
2020-10-08,10933.09,3446.830078125
2020-10-09,11057.07,3477.139892578125
2020-10-10,11299.5,
2020-10-11,11374.01,
2020-10-12,11535.46,3534.219970703125
2020-10-13,11428.22,3511.929931640625
2020-10-14,11427.7,3488.669921875
2020-10-15,11509.34,3483.340087890625
2020-10-16,11328.95,3483.81005859375
2020-10-17,11367.89,
2020-10-18,11514.2,
2020-10-19,11760.45,3426.919921875
2020-10-20,11923.83,3443.1201171875
2020-10-21,12808.0,3435.56005859375
2020-10-22,12987.02,3453.489990234375
2020-10-23,12937.09,3465.389892578125
2020-10-24,13126.24,
2020-10-25,13045.0,
2020-10-26,13068.79,3400.969970703125
2020-10-27,13698.18,3390.679931640625
2020-10-28,13281.05,3271.030029296875
2020-10-29,13460.0,3310.110107421875
2020-10-30,13571.51,3269.9599609375
2020-10-31,13804.81,
2020-11-01,13771.59,
2020-11-02,13563.22,3310.239990234375
2020-11-03,14035.8,3369.159912109375
2020-11-04,14161.48,3443.43994140625
2020-11-05,15608.21,3510.449951171875
2020-11-06,15599.95,3509.43994140625
2020-11-07,14834.09,
2020-11-08,15482.9,
2020-11-09,15342.25,3550.5
2020-11-10,15315.03,3545.530029296875
2020-11-11,15705.79,3572.659912109375
2020-11-12,16310.81,3537.010009765625
2020-11-13,16339.56,3585.14990234375
2020-11-14,16082.01,
2020-11-15,15966.89,
2020-11-16,16726.64,3626.909912109375
2020-11-17,17679.36,3609.530029296875
2020-11-18,17782.91,3567.7900390625
2020-11-19,17821.58,3581.8701171875
2020-11-20,18675.25,3557.5400390625
2020-11-21,18721.21,
2020-11-22,18437.66,
2020-11-23,18384.82,3577.590087890625
2020-11-24,19172.84,3635.409912109375
2020-11-25,18721.93,3629.64990234375
2020-11-26,17170.0,
2020-11-27,17153.95,3638.35009765625
2020-11-28,17739.85,
2020-11-29,18202.04,
2020-11-30,19713.94,3621.6298828125
2020-12-01,18782.97,3662.449951171875
2020-12-02,19225.63,3669.010009765625
2020-12-03,19448.64,3666.719970703125
2020-12-04,18658.1,3699.1201171875
2020-12-05,19158.96,
2020-12-06,19375.6,
2020-12-07,19177.71,3691.9599609375
2020-12-08,18316.22,3702.25
2020-12-09,18546.55,3672.820068359375
2020-12-10,18253.44,3668.10009765625
2020-12-11,18042.15,3663.4599609375
2020-12-12,18821.28,
2020-12-13,19166.65,
2020-12-14,19272.37,3647.489990234375
2020-12-15,19444.6,3694.6201171875
2020-12-16,21359.65,3701.169921875
2020-12-17,22826.48,3722.47998046875
2020-12-18,23137.76,3709.409912109375
2020-12-19,23849.99,
2020-12-20,23476.51,
2020-12-21,22729.4,3694.919921875
2020-12-22,23823.27,3687.260009765625
2020-12-23,23228.35,3690.010009765625
2020-12-24,23717.96,3703.06005859375
2020-12-25,24704.71,
2020-12-26,26475.35,
2020-12-27,26258.65,
2020-12-28,27040.36,3735.360107421875
2020-12-29,27366.35,3727.0400390625
2020-12-30,28897.42,3732.0400390625
2020-12-31,28990.08,3756.070068359375
2021-01-01,29412.84,
2021-01-02,32225.91,
2021-01-03,33080.66,
2021-01-04,32019.99,3700.64990234375
2021-01-05,34030.64,3726.860107421875
2021-01-06,36859.26,3748.139892578125
2021-01-07,39505.56,3803.7900390625
2021-01-08,40665.15,3824.679931640625
2021-01-09,40257.43,
2021-01-10,38171.57,
2021-01-11,35452.59,3799.610107421875
2021-01-12,34038.98,3801.18994140625
2021-01-13,37393.66,3809.840087890625
2021-01-14,39125.14,3795.5400390625
2021-01-15,36754.67,3768.25
2021-01-16,36006.94,
2021-01-17,35820.0,
2021-01-18,36624.23,
2021-01-19,35917.28,3798.909912109375
2021-01-20,35503.09,3851.85009765625
2021-01-21,30855.95,3853.070068359375
2021-01-22,32984.93,3841.469970703125
2021-01-23,32112.01,
2021-01-24,32288.56,
2021-01-25,32261.87,3855.360107421875
2021-01-26,32510.82,3849.6201171875
2021-01-27,30407.13,3750.77001953125
2021-01-28,33488.99,3787.3798828125
2021-01-29,34262.11,3714.239990234375
2021-01-30,34315.63,
2021-01-31,33137.74,
2021-02-01,33533.19,3773.860107421875
2021-02-02,35512.67,3826.31005859375
2021-02-03,37678.37,3830.169921875
2021-02-04,36975.0,3871.739990234375
2021-02-05,38311.49,3886.830078125
2021-02-06,39265.43,
2021-02-07,38871.42,
2021-02-08,46448.1,3915.590087890625
2021-02-09,46514.73,3911.22998046875
2021-02-10,44850.0,3909.8798828125
2021-02-11,47997.91,3916.3798828125
2021-02-12,47408.34,3934.830078125
2021-02-13,47232.45,
2021-02-14,48680.69,
2021-02-15,47936.37,
2021-02-16,49158.71,3932.590087890625
2021-02-17,52170.01,3931.330078125
2021-02-18,51601.73,3913.969970703125
2021-02-19,55983.56,3906.7099609375
2021-02-20,55923.52,
2021-02-21,57489.16,
2021-02-22,54142.13,3876.5
2021-02-23,48899.99,3881.3701171875
2021-02-24,49737.82,3925.429931640625
2021-02-25,47058.48,3829.340087890625
2021-02-26,46326.2,3811.14990234375
2021-02-27,46180.75,
2021-02-28,45231.75,
2021-03-01,49639.4,3901.820068359375
2021-03-02,48511.6,3870.2900390625
2021-03-03,50360.0,3819.719970703125
2021-03-04,48368.52,3768.469970703125
2021-03-05,48769.47,3841.93994140625
2021-03-06,48909.84,
2021-03-07,50978.61,
2021-03-08,52415.23,3821.35009765625
2021-03-09,54916.38,3875.43994140625
2021-03-10,55890.69,3898.81005859375
2021-03-11,57815.47,3939.340087890625
2021-03-12,57225.91,3943.340087890625
2021-03-13,61178.5,
2021-03-14,58972.7,
2021-03-15,55636.15,3968.93994140625
2021-03-16,56927.11,3962.7099609375
2021-03-17,58925.54,3974.1201171875
2021-03-18,57644.95,3915.4599609375
2021-03-19,58039.66,3913.10009765625
2021-03-20,58116.7,
2021-03-21,57363.32,
2021-03-22,54110.07,3940.590087890625
2021-03-23,54345.54,3910.52001953125
2021-03-24,52276.16,3889.139892578125
2021-03-25,51325.01,3909.52001953125
2021-03-26,55072.44,3974.5400390625
2021-03-27,55856.53,
2021-03-28,55778.82,
2021-03-29,57613.48,3971.090087890625
2021-03-30,58786.46,3958.550048828125
2021-03-31,58800.0,3972.889892578125
2021-04-01,58726.48,4019.8701171875
2021-04-02,58981.04,
2021-04-03,57094.34,
2021-04-04,58215.94,
2021-04-05,59123.02,4077.909912109375
2021-04-06,58019.98,4073.93994140625
2021-04-07,55955.75,4079.949951171875
2021-04-08,58083.1,4097.169921875
2021-04-09,58092.68,4128.7998046875
2021-04-10,59778.6,
2021-04-11,59985.26,
2021-04-12,59839.82,4127.990234375
2021-04-13,63588.22,4141.58984375
2021-04-14,62971.8,4124.66015625
2021-04-15,63229.04,4170.419921875
2021-04-16,61427.27,4185.47021484375
2021-04-17,60058.86,
2021-04-18,56274.41,
2021-04-19,55696.83,4163.259765625
2021-04-20,56499.29,4134.93994140625
2021-04-21,53800.86,4173.419921875
2021-04-22,51701.59,4134.97998046875
2021-04-23,51187.27,4180.169921875
2021-04-24,50089.15,
2021-04-25,49121.0,
2021-04-26,54053.6,4187.6201171875
2021-04-27,55069.62,4186.72021484375
2021-04-28,54894.03,4183.18017578125
2021-04-29,53580.0,4211.47021484375
2021-04-30,57798.77,4181.169921875
2021-05-01,57859.28,
2021-05-02,56625.2,
2021-05-03,57212.73,4192.66015625
2021-05-04,53241.92,4164.66015625
2021-05-05,57515.69,4167.58984375
2021-05-06,56440.66,4201.6201171875
2021-05-07,57380.39,4232.60009765625
2021-05-08,58958.05,
2021-05-09,58312.57,
2021-05-10,55866.41,4188.43017578125
2021-05-11,56753.19,4152.10009765625
2021-05-12,49498.77,4063.0400390625
2021-05-13,49690.11,4112.5
2021-05-14,49893.48,4173.85009765625
2021-05-15,46775.51,
2021-05-16,46450.79,
2021-05-17,43580.5,4163.2900390625
2021-05-18,42857.15,4127.830078125
2021-05-19,36731.75,4115.68017578125
2021-05-20,40623.33,4159.1201171875
2021-05-21,37340.77,4155.85986328125
2021-05-22,37476.83,
2021-05-23,34758.67,
2021-05-24,38878.56,4197.0498046875
2021-05-25,38361.81,4188.1298828125
2021-05-26,39293.23,4195.990234375
2021-05-27,38556.88,4200.8798828125
2021-05-28,35680.47,4204.10986328125
2021-05-29,34627.82,
2021-05-30,35669.44,
2021-05-31,37279.31,
2021-06-01,36685.0,4202.0400390625
2021-06-02,37577.91,4208.1201171875
2021-06-03,39248.55,4192.85009765625
2021-06-04,36856.52,4229.89013671875
2021-06-05,35539.49,
2021-06-06,35800.48,
2021-06-07,33575.91,4226.52001953125
2021-06-08,33402.13,4227.259765625
2021-06-09,37403.86,4219.5498046875
2021-06-10,36694.05,4239.18017578125
2021-06-11,37338.44,4247.43994140625
2021-06-12,35557.33,
2021-06-13,39015.24,
2021-06-14,40539.47,4255.14990234375
2021-06-15,40162.37,4246.58984375
2021-06-16,38351.0,4223.7001953125
2021-06-17,38095.17,4221.85986328125
2021-06-18,35841.81,4166.4501953125
2021-06-19,35484.79,
2021-06-20,35585.78,
2021-06-21,31609.82,4224.7900390625
2021-06-22,32538.37,4246.43994140625
2021-06-23,33688.35,4241.83984375
2021-06-24,34654.58,4266.490234375
2021-06-25,31594.63,4280.7001953125
2021-06-26,32275.19,
2021-06-27,34709.23,
2021-06-28,34493.22,4290.60986328125
2021-06-29,35904.28,4291.7998046875
2021-06-30,35060.0,4297.5
2021-07-01,33516.11,4319.93994140625
2021-07-02,33805.02,4352.33984375
2021-07-03,34682.16,
2021-07-04,35284.05,
2021-07-05,33697.78,
2021-07-06,34225.73,4343.5400390625
2021-07-07,33878.56,4358.1298828125
2021-07-08,32875.95,4320.81982421875
2021-07-09,33824.26,4369.5498046875
2021-07-10,33515.35,
2021-07-11,34259.23,
2021-07-12,33091.1,4384.6298828125
2021-07-13,32734.14,4369.2099609375
2021-07-14,32816.39,4374.2998046875
2021-07-15,31868.68,4360.02978515625
2021-07-16,31388.06,4327.16015625
2021-07-17,31533.91,
2021-07-18,31788.25,
2021-07-19,30842.03,4258.490234375
2021-07-20,29796.16,4323.06005859375
2021-07-21,32135.19,4358.68994140625
2021-07-22,32287.74,4367.47998046875
2021-07-23,33647.26,4411.7900390625
2021-07-24,34283.01,
2021-07-25,35428.26,
2021-07-26,37262.77,4422.2998046875
2021-07-27,39470.48,4401.4599609375
2021-07-28,40035.1,4400.64013671875
2021-07-29,40039.44,4419.14990234375
2021-07-30,42237.95,4395.259765625
2021-07-31,41495.01,
2021-08-01,39865.41,
2021-08-02,39149.59,4387.16015625
2021-08-03,38191.44,4423.14990234375
2021-08-04,39722.41,4402.66015625
2021-08-05,40888.74,4429.10009765625
2021-08-06,42869.58,4436.52001953125
2021-08-07,44637.34,
2021-08-08,43829.14,
2021-08-09,46285.48,4432.35009765625
2021-08-10,45595.66,4436.75
2021-08-11,45553.49,4442.41015625
2021-08-12,44422.14,4460.830078125
2021-08-13,47833.64,4468.0
2021-08-14,47109.65,
2021-08-15,47014.49,
2021-08-16,45902.46,4479.7099609375
2021-08-17,44671.58,4448.080078125
2021-08-18,44707.98,4400.27001953125
2021-08-19,46765.87,4405.7998046875
2021-08-20,49342.4,4441.669921875
2021-08-21,48867.02,
2021-08-22,49284.63,
2021-08-23,49506.5,4479.52978515625
2021-08-24,47682.45,4486.22998046875
2021-08-25,48987.33,4496.18994140625
2021-08-26,46851.47,4470.0
2021-08-27,49077.57,4509.3701171875
2021-08-28,48942.94,
2021-08-29,48802.58,
2021-08-30,46993.71,4528.7900390625
2021-08-31,47112.5,4522.68017578125
2021-09-01,48839.86,4524.08984375
2021-09-02,49279.37,4536.9501953125
2021-09-03,50025.0,4535.43017578125
2021-09-04,49942.98,
2021-09-05,51789.17,
2021-09-06,52698.81,
2021-09-07,46894.5,4520.02978515625
2021-09-08,46060.36,4514.06982421875
2021-09-09,46400.0,4493.27978515625
2021-09-10,44851.45,4458.580078125
2021-09-11,45171.83,
2021-09-12,46024.23,
2021-09-13,44947.72,4468.72998046875
2021-09-14,47127.22,4443.0498046875
2021-09-15,48148.12,4480.7001953125
2021-09-16,47753.16,4473.75
2021-09-17,47303.5,4432.990234375
2021-09-18,48314.56,
2021-09-19,47255.92,
2021-09-20,43012.97,4357.72998046875
2021-09-21,40719.6,4354.18994140625
2021-09-22,43575.1,4395.64013671875
2021-09-23,44897.59,4448.97998046875
2021-09-24,42848.92,4455.47998046875
2021-09-25,42705.51,
2021-09-26,43178.02,
2021-09-27,42171.76,4443.10986328125
2021-09-28,41026.07,4352.6298828125
2021-09-29,41522.16,4359.4599609375
2021-09-30,43824.43,4307.5400390625
2021-10-01,48165.76,4357.0400390625
2021-10-02,47657.69,
2021-10-03,48233.99,
2021-10-04,49245.54,4300.4599609375
2021-10-05,51493.99,4345.72021484375
2021-10-06,55339.48,4363.5498046875
2021-10-07,53797.82,4399.759765625
2021-10-08,53963.82,4391.33984375
2021-10-09,54962.29,
2021-10-10,54690.53,
2021-10-11,57487.44,4361.18994140625
2021-10-12,56005.1,4350.64990234375
2021-10-13,57367.32,4363.7998046875
2021-10-14,57359.51,4438.259765625
2021-10-15,61695.39,4471.3701171875
2021-10-16,60877.42,
2021-10-17,61527.11,
2021-10-18,62042.41,4486.4599609375
2021-10-19,64303.14,4519.6298828125
2021-10-20,66026.54,4536.18994140625
2021-10-21,62204.02,4549.77978515625
2021-10-22,60687.64,4544.89990234375
2021-10-23,61300.01,
2021-10-24,60854.48,
2021-10-25,63083.54,4566.47998046875
2021-10-26,60337.62,4574.7900390625
2021-10-27,58455.47,4551.68017578125
2021-10-28,60591.65,4596.419921875
2021-10-29,62276.72,4605.3798828125
2021-10-30,61892.41,
2021-10-31,61343.68,
2021-11-01,60949.54,4613.669921875
2021-11-02,63266.51,4630.64990234375
2021-11-03,62935.41,4660.56982421875
2021-11-04,61444.5,4680.06005859375
2021-11-05,61006.15,4697.52978515625
2021-11-06,61539.31,
2021-11-07,63309.13,
2021-11-08,67554.84,4701.7001953125
2021-11-09,66944.66,4685.25
2021-11-10,64912.2,4646.7099609375
2021-11-11,64807.59,4649.27001953125
2021-11-12,64147.9,4682.85009765625
2021-11-13,64400.01,
2021-11-14,65505.02,
2021-11-15,63624.59,4682.7998046875
2021-11-16,60107.98,4700.89990234375
2021-11-17,60351.51,4688.669921875
2021-11-18,56898.0,4704.5400390625
2021-11-19,58122.16,4697.9599609375
2021-11-20,59760.76,
2021-11-21,58671.21,
2021-11-22,56280.81,4682.93994140625
2021-11-23,57566.85,4690.7001953125
2021-11-24,57162.66,4701.4599609375
2021-11-25,58987.27,
2021-11-26,53757.67,4594.6201171875
2021-11-27,54759.05,
2021-11-28,57317.17,
2021-11-29,57838.06,4655.27001953125
2021-11-30,56987.97,4567.0
2021-12-01,57226.5,4513.0400390625
2021-12-02,56521.46,4577.10009765625
2021-12-03,53638.04,4538.43017578125
2021-12-04,49241.12,
2021-12-05,49484.22,
2021-12-06,50529.56,4591.669921875
2021-12-07,50625.48,4686.75
2021-12-08,50519.68,4701.2099609375
2021-12-09,47568.43,4667.4501953125
2021-12-10,47170.94,4712.02001953125
2021-12-11,49407.75,
2021-12-12,50089.64,
2021-12-13,46727.89,4668.97021484375
2021-12-14,48367.43,4634.08984375
2021-12-15,48884.78,4709.85009765625
2021-12-16,47634.22,4668.669921875
2021-12-17,46166.5,4620.64013671875
2021-12-18,46859.46,
2021-12-19,46687.19,
2021-12-20,46926.07,4568.02001953125
2021-12-21,48914.7,4649.22998046875
2021-12-22,48608.62,4696.56005859375
2021-12-23,50842.2,4725.7900390625
2021-12-24,50851.38,
2021-12-25,50428.31,
2021-12-26,50801.79,
2021-12-27,50717.77,4791.18994140625
2021-12-28,47543.09,4786.35009765625
2021-12-29,46471.24,4793.06005859375
2021-12-30,47122.08,4778.72998046875
2021-12-31,46211.24,4766.18017578125
2022-01-01,47733.43,
2022-01-02,47299.07,
2022-01-03,46459.56,4796.56005859375
2022-01-04,45814.61,4793.5400390625
2022-01-05,43436.04,4700.580078125
2022-01-06,43083.76,4696.0498046875
2022-01-07,41565.18,4677.02978515625
2022-01-08,41684.84,
2022-01-09,41876.52,
2022-01-10,41824.07,4670.2900390625
2022-01-11,42753.44,4713.06982421875
2022-01-12,43920.37,4726.35009765625
2022-01-13,42581.65,4659.02978515625
2022-01-14,43090.72,4662.85009765625
2022-01-15,43098.2,
2022-01-16,43104.34,
2022-01-17,42218.01,
2022-01-18,42369.74,4577.10986328125
2022-01-19,41674.27,4532.759765625
2022-01-20,40670.97,4482.72998046875
2022-01-21,36456.94,4397.93994140625
2022-01-22,35066.43,
2022-01-23,36282.47,
2022-01-24,36693.32,4410.1298828125
2022-01-25,36980.0,4356.4501953125
2022-01-26,36840.63,4349.93017578125
2022-01-27,37188.37,4326.509765625
2022-01-28,37741.9,4431.85009765625
2022-01-29,38191.1,
2022-01-30,37901.35,
2022-01-31,38491.93,4515.5498046875
2022-02-01,38716.88,4546.5400390625
2022-02-02,36923.39,4589.3798828125
2022-02-03,37329.91,4477.43994140625
2022-02-04,41614.64,4500.52978515625
2022-02-05,41404.85,
2022-02-06,42415.16,
2022-02-07,43868.07,4483.8701171875
2022-02-08,44085.59,4521.5400390625
2022-02-09,44416.35,4587.18017578125
2022-02-10,43527.71,4504.080078125
2022-02-11,42386.47,4418.64013671875
2022-02-12,42244.97,
2022-02-13,42074.99,
2022-02-14,42548.71,4401.669921875
2022-02-15,44583.52,4471.06982421875
2022-02-16,43895.56,4475.009765625
2022-02-17,40536.73,4380.259765625
2022-02-18,39983.56,4348.8701171875
2022-02-19,40101.94,
2022-02-20,38389.03,
2022-02-21,37023.0,
2022-02-22,38251.48,4304.759765625
2022-02-23,37268.19,4225.5
2022-02-24,38347.3,4288.7001953125
2022-02-25,39238.48,4384.64990234375
2022-02-26,39137.8,
2022-02-27,37717.08,
2022-02-28,43192.66,4373.93994140625
2022-03-01,44439.95,4306.259765625
2022-03-02,43912.34,4386.5400390625
2022-03-03,42464.41,4363.490234375
2022-03-04,39166.51,4328.8701171875
2022-03-05,39402.43,
2022-03-06,38408.38,
2022-03-07,37994.0,4201.08984375
2022-03-08,38749.38,4170.7001953125
2022-03-09,41953.97,4277.8798828125
2022-03-10,39433.71,4259.52001953125
2022-03-11,38732.04,4204.31005859375
2022-03-12,38813.02,
2022-03-13,37793.01,
2022-03-14,39674.17,4173.10986328125
2022-03-15,39298.1,4262.4501953125
2022-03-16,41127.97,4357.85986328125
2022-03-17,40950.33,4411.669921875
2022-03-18,41774.98,4463.1201171875
2022-03-19,42232.26,
2022-03-20,41287.24,
2022-03-21,41017.71,4461.18017578125
2022-03-22,42378.26,4511.60986328125
2022-03-23,42899.71,4456.240234375
2022-03-24,44012.29,4520.16015625
2022-03-25,44331.85,4543.06005859375
2022-03-26,44539.42,
2022-03-27,46850.01,
2022-03-28,47144.92,4575.52001953125
2022-03-29,47454.19,4631.60009765625
2022-03-30,47078.03,4602.4501953125
2022-03-31,45528.45,4530.41015625
2022-04-01,46296.34,4545.85986328125
2022-04-02,45826.27,
2022-04-03,46422.16,
2022-04-04,46596.83,4582.64013671875
2022-04-05,45506.5,4525.1201171875
2022-04-06,43166.7,4481.14990234375
2022-04-07,43452.18,4500.2099609375
2022-04-08,42262.02,4488.27978515625
2022-04-09,42766.93,
2022-04-10,42165.96,
2022-04-11,39535.87,4412.52978515625
2022-04-12,40086.23,4397.4501953125
2022-04-13,41146.68,4446.58984375
2022-04-14,39954.08,4392.58984375
2022-04-15,40554.58,
2022-04-16,40387.6,
2022-04-17,39683.54,
2022-04-18,40803.58,4391.68994140625
2022-04-19,41503.85,4462.2099609375
2022-04-20,41377.61,4459.4501953125
2022-04-21,40480.81,4393.66015625
2022-04-22,39712.25,4271.77978515625
2022-04-23,39465.87,
2022-04-24,39464.56,
2022-04-25,40439.22,4296.1201171875
2022-04-26,38113.82,4175.2001953125
2022-04-27,39251.11,4183.9599609375
2022-04-28,39743.22,4287.5
2022-04-29,38593.1,4131.93017578125
2022-04-30,37644.1,
2022-05-01,38473.05,
2022-05-02,38510.89,4155.3798828125
2022-05-03,37719.59,4175.47998046875
2022-05-04,39669.56,4300.169921875
2022-05-05,36537.22,4146.8701171875
2022-05-06,35999.1,4123.33984375
2022-05-07,35458.0,
2022-05-08,34027.91,
2022-05-09,30078.27,3991.239990234375
2022-05-10,31002.39,4001.050048828125
2022-05-11,28972.34,3935.179931640625
2022-05-12,28941.95,3930.080078125
2022-05-13,29232.18,4023.889892578125
2022-05-14,30041.88,
2022-05-15,31290.05,
2022-05-16,29839.89,4008.010009765625
2022-05-17,30412.12,4088.85009765625
2022-05-18,28672.94,3923.679931640625
2022-05-19,30274.59,3900.7900390625
2022-05-20,29155.75,3901.360107421875
2022-05-21,29408.26,
2022-05-22,30260.87,
2022-05-23,29082.52,3973.75
2022-05-24,29626.44,3941.47998046875
2022-05-25,29503.49,3978.72998046875
2022-05-26,29166.06,4057.840087890625
2022-05-27,28598.31,4158.240234375
2022-05-28,29008.99,
2022-05-29,29447.07,
2022-05-30,31711.42,
2022-05-31,31784.05,4132.14990234375
2022-06-01,29788.79,4101.22998046875
2022-06-02,30433.75,4176.81982421875
2022-06-03,29670.85,4108.5400390625
2022-06-04,29843.18,
2022-06-05,29901.54,
2022-06-06,31343.61,4121.43017578125
2022-06-07,31106.9,4160.68017578125
2022-06-08,30177.0,4115.77001953125
2022-06-09,30079.62,4017.820068359375
2022-06-10,29063.11,3900.860107421875
2022-06-11,28388.63,
2022-06-12,26555.2,
2022-06-13,22460.97,3749.6298828125
2022-06-14,22120.25,3735.47998046875
2022-06-15,22562.33,3789.989990234375
2022-06-16,20372.0,3666.77001953125
2022-06-17,20447.86,3674.840087890625
2022-06-18,18948.89,
2022-06-19,20552.44,
2022-06-20,20549.75,
2022-06-21,20696.96,3764.7900390625
2022-06-22,19968.46,3759.889892578125
2022-06-23,21104.45,3795.72998046875
2022-06-24,21223.72,3911.739990234375
2022-06-25,21478.04,
2022-06-26,21027.92,
2022-06-27,20725.17,3900.110107421875
2022-06-28,20252.89,3821.550048828125
2022-06-29,20094.79,3818.830078125
2022-06-30,19985.62,3785.3798828125
2022-07-01,19252.76,3825.330078125
2022-07-02,19224.03,
2022-07-03,19291.33,
2022-07-04,20211.35,
2022-07-05,20153.51,3831.389892578125
2022-07-06,20542.67,3845.080078125
2022-07-07,21614.6,3902.6201171875
2022-07-08,21582.2,3899.3798828125
2022-07-09,21583.99,
2022-07-10,20850.65,
2022-07-11,19942.43,3854.429931640625
2022-07-12,19303.65,3818.800048828125
2022-07-13,20220.23,3801.780029296875
2022-07-14,20577.02,3790.3798828125
2022-07-15,20827.55,3863.159912109375
2022-07-16,21189.68,
2022-07-17,20791.74,
2022-07-18,22427.56,3830.85009765625
2022-07-19,23395.06,3936.68994140625
2022-07-20,23226.99,3959.89990234375
2022-07-21,23153.96,3998.949951171875
2022-07-22,22687.68,3961.6298828125
2022-07-23,22450.69,
2022-07-24,22583.43,
2022-07-25,21313.41,3966.840087890625
2022-07-26,21261.57,3921.050048828125
2022-07-27,22962.59,4023.610107421875
2022-07-28,23851.7,4072.429931640625
2022-07-29,23784.5,4130.2900390625
2022-07-30,23650.13,
2022-07-31,23307.44,
2022-08-01,23273.86,4118.6298828125
2022-08-02,22989.4,4091.18994140625
2022-08-03,22825.0,4155.169921875
2022-08-04,22623.94,4151.93994140625
2022-08-05,23320.81,4145.18994140625
2022-08-06,22960.93,
2022-08-07,23177.39,
2022-08-08,23815.65,4140.06005859375
2022-08-09,23158.27,4122.47021484375
2022-08-10,23962.18,4210.240234375
2022-08-11,23944.86,4207.27001953125
2022-08-12,24415.18,4280.14990234375
2022-08-13,24456.49,
2022-08-14,24316.71,
2022-08-15,24097.82,4297.14013671875
2022-08-16,23857.93,4305.2001953125
2022-08-17,23341.17,4274.0400390625
2022-08-18,23189.46,4283.740234375
2022-08-19,20834.94,4228.47998046875
2022-08-20,21139.23,
2022-08-21,21518.62,
2022-08-22,21398.25,4137.990234375
2022-08-23,21528.34,4128.72998046875
2022-08-24,21367.12,4140.77001953125
2022-08-25,21561.86,4199.1201171875
2022-08-26,20240.72,4057.659912109375
2022-08-27,20036.69,
2022-08-28,19554.03,
2022-08-29,20286.97,4030.610107421875
2022-08-30,19813.17,3986.159912109375
2022-08-31,20048.26,3955.0
2022-09-01,20133.65,3966.85009765625
2022-09-02,19953.74,3924.260009765625
2022-09-03,19835.47,
2022-09-04,20004.73,
2022-09-05,19794.58,
2022-09-06,18790.91,3908.18994140625
2022-09-07,19293.52,3979.8701171875
2022-09-08,19321.87,4006.179931640625
2022-09-09,21364.5,4067.360107421875
2022-09-10,21651.52,
2022-09-11,21831.72,
2022-09-12,22402.71,4110.41015625
2022-09-13,20174.78,3932.68994140625
2022-09-14,20227.77,3946.010009765625
2022-09-15,19703.67,3901.35009765625
2022-09-16,19801.04,3873.330078125
2022-09-17,20113.37,
2022-09-18,19417.64,
2022-09-19,19540.38,3899.889892578125
2022-09-20,18876.91,3855.929931640625
2022-09-21,18462.64,3789.929931640625
2022-09-22,19401.25,3757.989990234375
2022-09-23,19286.01,3693.22998046875
2022-09-24,18923.2,
2022-09-25,18808.61,
2022-09-26,19228.0,3655.0400390625
2022-09-27,19077.57,3647.2900390625
2022-09-28,19412.07,3719.0400390625
2022-09-29,19595.57,3640.469970703125
2022-09-30,19426.11,3585.6201171875
2022-10-01,19315.27,
2022-10-02,19059.17,
2022-10-03,19633.46,3678.429931640625
2022-10-04,20345.19,3790.929931640625
2022-10-05,20161.62,3783.280029296875
2022-10-06,19965.64,3744.52001953125
2022-10-07,19533.05,3639.659912109375
2022-10-08,19419.39,
2022-10-09,19443.47,
2022-10-10,19132.83,3612.389892578125
2022-10-11,19058.11,3588.840087890625
2022-10-12,19155.92,3577.030029296875
2022-10-13,19378.65,3669.909912109375
2022-10-14,19178.0,3583.070068359375
2022-10-15,19070.24,
2022-10-16,19264.44,
2022-10-17,19550.4,3677.949951171875
2022-10-18,19328.76,3719.97998046875
2022-10-19,19124.18,3695.159912109375
2022-10-20,19042.48,3665.780029296875
2022-10-21,19166.45,3752.75
2022-10-22,19209.1,
2022-10-23,19572.44,
2022-10-24,19330.41,3797.340087890625
2022-10-25,20086.28,3859.110107421875
2022-10-26,20775.4,3830.60009765625
2022-10-27,20296.97,3807.300048828125
2022-10-28,20597.91,3901.06005859375
2022-10-29,20823.53,
2022-10-30,20630.68,
2022-10-31,20489.94,3871.97998046875
2022-11-01,20479.63,3856.10009765625
2022-11-02,20151.4,3759.68994140625
2022-11-03,20206.88,3719.889892578125
2022-11-04,21144.2,3770.550048828125
2022-11-05,21300.45,
2022-11-06,20909.17,
2022-11-07,20593.49,3806.800048828125
2022-11-08,18550.25,3828.110107421875
2022-11-09,15891.96,3748.570068359375
2022-11-10,17553.89,3956.3701171875
2022-11-11,17013.62,3992.929931640625
2022-11-12,16783.33,
2022-11-13,16301.39,
2022-11-14,16590.73,3957.25
2022-11-15,16877.93,3991.72998046875
2022-11-16,16645.24,3958.7900390625
2022-11-17,16680.47,3946.56005859375
2022-11-18,16680.59,3965.340087890625
2022-11-19,16683.02,
2022-11-20,16252.53,
2022-11-21,15760.14,3949.93994140625
2022-11-22,16199.71,4003.580078125
2022-11-23,16587.0,4027.260009765625
2022-11-24,16587.61,
2022-11-25,16510.9,4026.1201171875
2022-11-26,16450.93,
2022-11-27,16419.88,
2022-11-28,16206.3,3963.93994140625
2022-11-29,16438.0,3957.6298828125
2022-11-30,17167.33,4080.110107421875
2022-12-01,16980.08,4076.570068359375
2022-12-02,17094.71,4071.699951171875
2022-12-03,16888.53,
2022-12-04,17108.9,
2022-12-05,16966.05,3998.840087890625
2022-12-06,17089.05,3941.260009765625
2022-12-07,16840.0,3933.919921875
2022-12-08,17226.01,3963.510009765625
2022-12-09,17130.59,3934.3798828125
2022-12-10,17128.1,
2022-12-11,17085.21,
2022-12-12,17211.66,3990.56005859375
2022-12-13,17773.18,4019.64990234375
2022-12-14,17804.97,3995.320068359375
2022-12-15,17357.96,3895.75
2022-12-16,16632.64,3852.360107421875
2022-12-17,16782.25,
2022-12-18,16741.16,
2022-12-19,16439.74,3817.659912109375
2022-12-20,16897.65,3821.6201171875
2022-12-21,16826.56,3878.43994140625
2022-12-22,16815.51,3822.389892578125
2022-12-23,16777.21,3844.820068359375
2022-12-24,16837.12,
2022-12-25,16829.02,
2022-12-26,16917.96,
2022-12-27,16698.73,3829.25
2022-12-28,16539.66,3783.219970703125
2022-12-29,16627.54,3849.280029296875
2022-12-30,16600.1,3839.5
2022-12-31,16530.35,
2023-01-01,16611.58,
2023-01-02,16666.95,
2023-01-03,16669.47,3824.139892578125
2023-01-04,16844.42,3852.969970703125
2023-01-05,16825.69,3808.10009765625
2023-01-06,16948.06,3895.080078125
2023-01-07,16942.37,
2023-01-08,17125.18,
2023-01-09,17177.98,3892.090087890625
2023-01-10,17443.5,3919.25
2023-01-11,17944.27,3969.610107421875
2023-01-12,18847.75,3983.169921875
2023-01-13,19934.88,3999.090087890625
2023-01-14,20957.02,
2023-01-15,20879.7,
2023-01-16,21187.5,
2023-01-17,21136.33,3990.969970703125
2023-01-18,20674.29,3928.860107421875
2023-01-19,21084.22,3898.85009765625
2023-01-20,22669.81,3972.610107421875
2023-01-21,22789.37,
2023-01-22,22714.87,
2023-01-23,22920.29,4019.81005859375
2023-01-24,22636.17,4016.949951171875
2023-01-25,23062.36,4016.219970703125
2023-01-26,23010.47,4060.429931640625
2023-01-27,23084.4,4070.56005859375
2023-01-28,23028.95,
2023-01-29,23745.8,
2023-01-30,22836.03,4017.77001953125
2023-01-31,23128.86,4076.60009765625
2023-02-01,23735.97,4119.2099609375
2023-02-02,23493.84,4179.759765625
2023-02-03,23433.54,4136.47998046875
2023-02-04,23328.87,
2023-02-05,22936.34,
2023-02-06,22764.07,4111.080078125
2023-02-07,23244.67,4164.0
2023-02-08,22964.38,4117.85986328125
2023-02-09,21800.63,4081.5
2023-02-10,21628.97,4090.4599609375
2023-02-11,21863.73,
2023-02-12,21789.8,
2023-02-13,21789.14,4137.2900390625
2023-02-14,22206.27,4136.1298828125
2023-02-15,24329.04,4147.60009765625
2023-02-16,23516.15,4090.409912109375
2023-02-17,24577.6,4079.090087890625
2023-02-18,24636.23,
2023-02-19,24281.31,
2023-02-20,24844.97,
2023-02-21,24454.43,3997.340087890625
2023-02-22,24184.44,3991.050048828125
2023-02-23,23943.32,4012.320068359375
2023-02-24,23186.88,3970.0400390625
2023-02-25,23159.71,
2023-02-26,23556.83,
2023-02-27,23489.52,3982.239990234375
2023-02-28,23145.32,3970.14990234375
2023-03-01,23631.52,3951.389892578125
2023-03-02,23468.24,3981.35009765625
2023-03-03,22358.18,4045.639892578125
2023-03-04,22350.95,
2023-03-05,22432.69,
2023-03-06,22410.31,4048.419921875
2023-03-07,22198.48,3986.3701171875
2023-03-08,21698.37,3992.010009765625
2023-03-09,20367.01,3918.320068359375
2023-03-10,20230.08,3861.590087890625
2023-03-11,20620.54,
2023-03-12,22219.08,
2023-03-13,24220.0,3855.760009765625
2023-03-14,24762.65,3919.2900390625
2023-03-15,24377.16,3891.929931640625
2023-03-16,25051.85,3960.280029296875
2023-03-17,27453.62,3916.639892578125
2023-03-18,26980.35,
2023-03-19,28054.46,
2023-03-20,27823.32,3951.570068359375
2023-03-21,28207.33,4002.8701171875
2023-03-22,27325.15,3936.969970703125
2023-03-23,28352.94,3948.719970703125
2023-03-24,27489.24,3970.989990234375
2023-03-25,27488.18,
2023-03-26,27992.9,
2023-03-27,27142.87,3977.530029296875
2023-03-28,27274.15,3971.27001953125
2023-03-29,28359.54,4027.81005859375
2023-03-30,28035.48,4050.830078125
2023-03-31,28474.4,4109.31005859375
2023-04-01,28471.46,
2023-04-02,28188.34,
2023-04-03,27811.77,4124.509765625
2023-04-04,28179.64,4100.60009765625
2023-04-05,28175.37,4090.3798828125
2023-04-06,28053.46,4105.02001953125
2023-04-07,27931.94,
2023-04-08,27958.81,
2023-04-09,28340.99,
2023-04-10,29660.41,4109.10986328125
2023-04-11,30227.19,4108.93994140625
2023-04-12,29912.2,4091.949951171875
2023-04-13,30406.78,4146.22021484375
2023-04-14,30492.92,4137.64013671875
2023-04-15,30324.11,
2023-04-16,30326.09,
2023-04-17,29449.91,4151.31982421875
2023-04-18,30393.4,4154.8701171875
2023-04-19,28809.72,4154.52001953125
2023-04-20,28248.18,4129.7900390625
2023-04-21,27253.85,4133.52001953125
2023-04-22,27821.41,
2023-04-23,27592.98,
2023-04-24,27515.05,4137.0400390625
2023-04-25,28304.42,4071.6298828125
2023-04-26,28426.08,4055.989990234375
2023-04-27,29483.72,4135.35009765625
2023-04-28,29338.63,4169.47998046875
2023-04-29,29249.35,
2023-04-30,29247.14,
2023-05-01,28077.27,4167.8701171875
2023-05-02,28684.4,4119.580078125
2023-05-03,29038.75,4090.75
2023-05-04,28857.23,4061.219970703125
2023-05-05,29536.76,4136.25
2023-05-06,28902.66,
2023-05-07,28474.53,
2023-05-08,27695.06,4138.1201171875
2023-05-09,27647.29,4119.169921875
2023-05-10,27624.01,4137.64013671875
2023-05-11,26986.56,4130.6201171875
2023-05-12,26808.84,4124.080078125
2023-05-13,26789.48,
2023-05-14,26929.98,
2023-05-15,27171.13,4136.27978515625
2023-05-16,27037.68,4109.89990234375
2023-05-17,27407.77,4158.77001953125
2023-05-18,26820.49,4198.0498046875
2023-05-19,26890.27,4191.97998046875
2023-05-20,27113.61,
2023-05-21,26752.65,
2023-05-22,26854.73,4192.6298828125
2023-05-23,27223.22,4145.580078125
2023-05-24,26321.4,4115.240234375
2023-05-25,26479.06,4151.27978515625
2023-05-26,26714.86,4205.4501953125
2023-05-27,26867.99,
2023-05-28,28070.04,
2023-05-29,27744.82,
2023-05-30,27700.15,4205.52001953125
2023-05-31,27223.08,4179.830078125
2023-06-01,26828.42,4221.02001953125
2023-06-02,27250.69,4282.3701171875
2023-06-03,27077.6,
2023-06-04,27122.04,
2023-06-05,25741.5,4273.7900390625
2023-06-06,27243.63,4283.85009765625
2023-06-07,26346.41,4267.52001953125
2023-06-08,26508.32,4293.93017578125
2023-06-09,26482.81,4298.85986328125
2023-06-10,25856.1,
2023-06-11,25937.02,
2023-06-12,25905.82,4338.93017578125
2023-06-13,25930.23,4369.009765625
2023-06-14,25123.34,4372.58984375
2023-06-15,25569.99,4425.83984375
2023-06-16,26329.6,4409.58984375
2023-06-17,26506.56,
2023-06-18,26336.46,
2023-06-19,26837.78,
2023-06-20,28320.43,4388.7099609375
2023-06-21,29995.08,4365.68994140625
2023-06-22,29886.31,4381.89013671875
2023-06-23,30707.61,4348.330078125
2023-06-24,30547.18,
2023-06-25,30480.24,
2023-06-26,30272.18,4328.81982421875
2023-06-27,30697.38,4378.41015625
2023-06-28,30074.94,4376.85986328125
2023-06-29,30446.47,4396.43994140625
2023-06-30,30466.72,4450.3798828125
2023-07-01,30587.21,
2023-07-02,30613.51,
2023-07-03,31161.8,4455.58984375
2023-07-04,30771.25,
2023-07-05,30499.27,4446.81982421875
2023-07-06,29899.38,4411.58984375
2023-07-07,30352.08,4398.9501953125
2023-07-08,30291.69,
2023-07-09,30168.38,
2023-07-10,30419.89,4409.52978515625
2023-07-11,30626.55,4439.259765625
2023-07-12,30381.81,4472.16015625
2023-07-13,31471.83,4510.0400390625
2023-07-14,30330.52,4505.419921875
2023-07-15,30301.65,
2023-07-16,30247.64,
2023-07-17,30143.08,4522.7900390625
2023-07-18,29861.93,4554.97998046875
2023-07-19,29916.72,4565.72021484375
2023-07-20,29809.13,4534.8701171875
2023-07-21,29907.98,4536.33984375
2023-07-22,29795.03,
2023-07-23,30081.61,
2023-07-24,29176.98,4554.64013671875
2023-07-25,29225.14,4567.4599609375
2023-07-26,29353.23,4566.75
2023-07-27,29214.92,4537.41015625
2023-07-28,29316.15,4582.22998046875
2023-07-29,29355.71,
2023-07-30,29281.39,
2023-07-31,29230.67,4588.9599609375
2023-08-01,29697.27,4576.72998046875
2023-08-02,29164.22,4513.39013671875
2023-08-03,29174.18,4501.89013671875
2023-08-04,29076.48,4478.02978515625
2023-08-05,29047.12,
2023-08-06,29040.01,
2023-08-07,29179.21,4518.43994140625
2023-08-08,29770.01,4499.3798828125
2023-08-09,29562.76,4467.7099609375
2023-08-10,29424.03,4468.830078125
2023-08-11,29400.45,4464.0498046875
2023-08-12,29416.96,
2023-08-13,29275.94,
2023-08-14,29405.49,4489.72021484375
2023-08-15,29170.14,4437.85986328125
2023-08-16,28700.51,4404.330078125
2023-08-17,26627.57,4370.35986328125
2023-08-18,26048.89,4369.7099609375
2023-08-19,26096.42,
2023-08-20,26189.14,
2023-08-21,26125.18,4399.77001953125
2023-08-22,26042.11,4387.5498046875
2023-08-23,26427.54,4436.009765625
2023-08-24,26163.49,4376.31005859375
2023-08-25,26049.39,4405.7099609375
2023-08-26,26009.61,
2023-08-27,26091.16,
2023-08-28,26101.04,4433.31005859375
2023-08-29,27717.98,4497.6298828125
2023-08-30,27306.06,4514.8701171875
2023-08-31,25932.45,4507.66015625
2023-09-01,25794.88,4515.77001953125
2023-09-02,25867.83,
2023-09-03,25969.83,
2023-09-04,25816.13,
2023-09-05,25783.91,4496.830078125
2023-09-06,25747.63,4465.47998046875
2023-09-07,26276.3,4451.14013671875
2023-09-08,25906.34,4457.490234375
2023-09-09,25897.82,
2023-09-10,25831.76,
2023-09-11,25152.14,4487.4599609375
2023-09-12,25840.61,4461.89990234375
2023-09-13,26226.65,4467.43994140625
2023-09-14,26532.76,4505.10009765625
2023-09-15,26602.42,4450.31982421875
2023-09-16,26569.69,
2023-09-17,26530.95,
2023-09-18,26764.49,4453.52978515625
2023-09-19,27216.13,4443.9501953125
2023-09-20,27123.94,4402.2001953125
2023-09-21,26564.54,4330.0
2023-09-22,26578.4,4320.06005859375
2023-09-23,26579.6,
2023-09-24,26250.24,
2023-09-25,26296.08,4337.43994140625
2023-09-26,26208.44,4273.52978515625
2023-09-27,26357.62,4274.509765625
2023-09-28,27027.14,4299.7001953125
2023-09-29,26907.0,4288.0498046875
2023-09-30,26961.0,
2023-10-01,27995.46,
2023-10-02,27504.04,4288.39013671875
2023-10-03,27428.96,4229.4501953125
2023-10-04,27786.75,4263.75
2023-10-05,27412.96,4258.18994140625
2023-10-06,27945.17,4308.5
2023-10-07,27976.43,
2023-10-08,27933.55,
2023-10-09,27596.67,4335.66015625
2023-10-10,27393.29,4358.240234375
2023-10-11,26869.19,4376.9501953125
2023-10-12,26750.51,4349.60986328125
2023-10-13,26863.53,4327.77978515625
2023-10-14,26851.71,
2023-10-15,27186.13,
2023-10-16,28520.24,4373.6298828125
2023-10-17,28408.83,4373.2001953125
2023-10-18,28326.51,4314.60009765625
2023-10-19,28735.34,4278.0
2023-10-20,29684.73,4224.16015625
2023-10-21,29924.84,
2023-10-22,30004.15,
2023-10-23,33087.58,4217.0400390625
2023-10-24,33922.52,4247.68017578125
2023-10-25,34506.35,4186.77001953125
2023-10-26,34154.71,4137.22998046875
2023-10-27,33906.09,4117.3701171875
2023-10-28,34085.42,
2023-10-29,34534.48,
2023-10-30,34493.79,4166.81982421875
2023-10-31,34656.4,4193.7998046875
2023-11-01,35440.1,4237.85986328125
2023-11-02,34950.0,4317.77978515625
2023-11-03,34731.27,4358.33984375
2023-11-04,35087.01,
2023-11-05,35035.42,
2023-11-06,35059.46,4365.97998046875
2023-11-07,35416.28,4378.3798828125
2023-11-08,35639.13,4382.77978515625
2023-11-09,36706.59,4347.35009765625
2023-11-10,37324.83,4415.240234375
2023-11-11,37139.12,
2023-11-12,37086.03,
2023-11-13,36475.67,4411.5498046875
2023-11-14,35554.09,4495.7001953125
2023-11-15,37885.35,4502.8798828125
2023-11-16,36161.15,4508.240234375
2023-11-17,36630.38,4514.02001953125
2023-11-18,36594.89,
2023-11-19,37391.19,
2023-11-20,37475.64,4547.3798828125
2023-11-21,35751.89,4538.18994140625
2023-11-22,37424.31,4556.6201171875
2023-11-23,37304.05,
2023-11-24,37745.84,4559.33984375
2023-11-25,37805.99,
2023-11-26,37462.79,
2023-11-27,37241.63,4550.43017578125
2023-11-28,37838.26,4554.89013671875
2023-11-29,37863.84,4550.580078125
2023-11-30,37732.27,4567.7998046875
2023-12-01,38703.54,4594.6298828125
2023-12-02,39478.95,
2023-12-03,39984.81,
2023-12-04,41987.24,4569.77978515625
2023-12-05,44084.39,4567.18017578125
2023-12-06,43764.05,4549.33984375
2023-12-07,43280.95,4585.58984375
2023-12-08,44192.87,4604.3701171875
2023-12-09,43723.25,
2023-12-10,43793.68,
2023-12-11,41229.61,4622.43994140625
2023-12-12,41477.39,4643.7001953125
2023-12-13,42885.54,4707.08984375
2023-12-14,43027.77,4719.5498046875
2023-12-15,41933.89,4719.18994140625
2023-12-16,42237.29,
2023-12-17,41349.59,
2023-12-18,42650.01,4740.56005859375
2023-12-19,42266.22,4768.3701171875
2023-12-20,43674.77,4698.35009765625
2023-12-21,43875.32,4746.75
2023-12-22,44013.73,4754.6298828125
2023-12-23,43726.35,
2023-12-24,43025.03,
2023-12-25,43589.67,
2023-12-26,42515.53,4774.75
2023-12-27,43474.4,4781.580078125
2023-12-28,42581.23,4783.35009765625
2023-12-29,42063.45,4769.830078125
2023-12-30,42141.03,
2023-12-31,42288.06,
2024-01-01,44220.78,
2024-01-02,44972.8,4742.830078125
2024-01-03,42862.44,4704.81005859375
2024-01-04,44193.29,4688.68017578125
2024-01-05,44186.59,4697.240234375
2024-01-06,43992.44,
2024-01-07,43950.28,
2024-01-08,46995.1,4763.5400390625
2024-01-09,46124.08,4756.5
2024-01-10,46666.11,4783.4501953125
2024-01-11,46342.66,4780.240234375
2024-01-12,42773.03,4783.830078125
2024-01-13,42839.33,
2024-01-14,41697.33,
2024-01-15,42490.16,
2024-01-16,43130.45,4765.97998046875
2024-01-17,42739.49,4739.2099609375
2024-01-18,41293.5,4780.93994140625
2024-01-19,41624.07,4839.81005859375
2024-01-20,41666.67,
2024-01-21,41554.05,
2024-01-22,39524.27,4850.43017578125
2024-01-23,39878.3,4864.60009765625
2024-01-24,40077.78,4868.5498046875
2024-01-25,39941.66,4894.16015625
2024-01-26,41814.8,4890.97021484375
2024-01-27,42126.55,
2024-01-28,42034.59,
2024-01-29,43306.18,4927.93017578125
2024-01-30,42942.78,4924.97021484375
2024-01-31,42548.08,4845.64990234375
2024-02-01,43078.81,4906.18994140625
2024-02-02,43181.66,4958.60986328125
2024-02-03,43010.67,
2024-02-04,42568.55,
2024-02-05,42657.67,4942.81005859375
2024-02-06,43095.79,4954.22998046875
2024-02-07,44343.61,4995.06005859375
2024-02-08,45305.2,4997.91015625
2024-02-09,47160.41,5026.60986328125
2024-02-10,47767.06,
2024-02-11,48316.3,
2024-02-12,49941.81,5021.83984375
2024-02-13,49725.36,4953.169921875
2024-02-14,51858.59,5000.6201171875
2024-02-15,51934.29,5029.72998046875
2024-02-16,52162.64,5005.56982421875
2024-02-17,51666.22,
2024-02-18,52153.63,
2024-02-19,51787.05,
2024-02-20,52277.52,4975.509765625
2024-02-21,51851.67,4981.7998046875
2024-02-22,51258.7,5087.02978515625
2024-02-23,50747.05,5088.7998046875
2024-02-24,51570.65,
2024-02-25,51731.0,
2024-02-26,54533.48,5069.52978515625
2024-02-27,57077.07,5078.18017578125
2024-02-28,62518.9,5069.759765625
2024-02-29,61179.03,5096.27001953125
2024-03-01,62436.72,5137.080078125
2024-03-02,62045.78,
2024-03-03,63154.49,
2024-03-04,68360.14,5130.9501953125
2024-03-05,63800.78,5078.64990234375
2024-03-06,66122.28,5104.759765625
2024-03-07,66938.21,5157.35986328125
2024-03-08,68289.16,5123.68994140625
2024-03-09,68480.0,
2024-03-10,69032.12,
2024-03-11,72110.98,5117.93994140625
2024-03-12,71475.93,5175.27001953125
2024-03-13,73135.04,5165.31005859375
2024-03-14,71364.58,5150.47998046875
2024-03-15,69506.88,5117.08984375
2024-03-16,65254.22,
2024-03-17,68343.64,
2024-03-18,67613.04,5149.419921875
2024-03-19,61906.27,5178.509765625
2024-03-20,67858.8,5224.6201171875
2024-03-21,65484.7,5241.52978515625
2024-03-22,63814.56,5234.18017578125
2024-03-23,63998.86,
2024-03-24,67204.93,
2024-03-25,69890.28,5218.18994140625
2024-03-26,69992.4,5203.580078125
2024-03-27,69435.96,5248.490234375
2024-03-28,70801.18,5254.35009765625
2024-03-29,69903.75,
2024-03-30,69626.87,
2024-03-31,71288.9,
2024-04-01,69681.82,5243.77001953125
2024-04-02,65464.14,5205.81005859375
2024-04-03,65987.92,5211.490234375
2024-04-04,68525.23,5147.2099609375
2024-04-05,67856.51,5204.33984375
2024-04-06,68919.89,
2024-04-07,69350.34,
2024-04-08,71622.53,5202.39013671875
2024-04-09,69117.01,5209.91015625
2024-04-10,70634.04,5160.64013671875
2024-04-11,70020.73,5199.06005859375
2024-04-12,67148.61,5123.41015625
2024-04-13,64024.77,
2024-04-14,65777.05,
2024-04-15,63452.18,5061.81982421875
2024-04-16,63814.94,5051.41015625
2024-04-17,61279.36,5022.2099609375
2024-04-18,63513.85,5011.1201171875
2024-04-19,63848.37,4967.22998046875
2024-04-20,64968.87,
2024-04-21,64952.92,
2024-04-22,66859.17,5010.60009765625
2024-04-23,66414.16,5070.5498046875
2024-04-24,64255.78,5071.6298828125
2024-04-25,64484.44,5048.419921875
2024-04-26,63742.39,5099.9599609375
2024-04-27,63422.0,
2024-04-28,63108.94,
2024-04-29,63844.85,5116.169921875
2024-04-30,60622.1,5035.68994140625
2024-05-01,58265.59,5018.39013671875
2024-05-02,59071.89,5064.2001953125
2024-05-03,62913.03,5127.7900390625
2024-05-04,63902.88,
2024-05-05,64023.45,
2024-05-06,63162.24,5180.740234375
2024-05-07,62315.76,5187.7001953125
2024-05-08,61169.53,5187.669921875
2024-05-09,63073.57,5214.080078125
2024-05-10,60787.47,5222.68017578125
2024-05-11,60814.63,
2024-05-12,61453.02,
2024-05-13,62932.37,5221.419921875
2024-05-14,61539.84,5246.68017578125
2024-05-15,66244.69,5308.14990234375
2024-05-16,65252.18,5297.10009765625
2024-05-17,67046.33,5303.27001953125
2024-05-18,66923.87,
2024-05-19,66261.62,
2024-05-20,71432.17,5308.1298828125
2024-05-21,70142.84,5321.41015625
2024-05-22,69109.93,5307.009765625
2024-05-23,67940.45,5267.83984375
2024-05-24,68547.8,5304.72021484375
2024-05-25,69289.67,
2024-05-26,68473.72,
2024-05-27,69368.72,
2024-05-28,68321.98,5306.0400390625
2024-05-29,67569.45,5266.9501953125
2024-05-30,68338.58,5235.47998046875
2024-05-31,67472.41,5277.509765625
2024-06-01,67719.29,
2024-06-02,67735.52,
2024-06-03,68791.0,5283.39990234375
2024-06-04,70542.32,5291.33984375
2024-06-05,71121.11,5354.02978515625
2024-06-06,70773.64,5352.9599609375
2024-06-07,69324.53,5346.990234375
2024-06-08,69304.05,
2024-06-09,69637.87,
2024-06-10,69497.73,5360.7900390625
2024-06-11,67316.53,5375.31982421875
2024-06-12,68248.6,5421.02978515625
2024-06-13,66738.85,5433.740234375
2024-06-14,66004.39,5431.60009765625
2024-06-15,66192.0,
2024-06-16,66628.75,
2024-06-17,66481.81,5473.22998046875
2024-06-18,65152.8,5487.02978515625
2024-06-19,64943.79,
2024-06-20,64840.88,5473.169921875
2024-06-21,64120.28,5464.6201171875
2024-06-22,64235.01,
2024-06-23,63171.43,
2024-06-24,60263.0,5447.8701171875
2024-06-25,61789.71,5469.2998046875
2024-06-26,60816.68,5477.89990234375
2024-06-27,61615.39,5482.8701171875
2024-06-28,60313.35,5460.47998046875
2024-06-29,60885.67,
2024-06-30,62668.26,
2024-07-01,62830.13,5475.08984375
2024-07-02,62040.22,5509.009765625
2024-07-03,60145.01,5537.02001953125
2024-07-04,57042.14,
2024-07-05,56639.43,5567.18994140625
2024-07-06,58244.75,
2024-07-07,55854.09,
2024-07-08,56699.43,5572.85009765625
2024-07-09,58047.86,5576.97998046875
2024-07-10,57712.59,5633.91015625
2024-07-11,57340.77,5584.5400390625
2024-07-12,57909.03,5615.35009765625
2024-07-13,59224.58,
2024-07-14,60808.42,
2024-07-15,64757.16,5631.22021484375
2024-07-16,65088.99,5667.2001953125
2024-07-17,64085.81,5588.27001953125
2024-07-18,63982.86,5544.58984375
2024-07-19,66707.61,5505.0
2024-07-20,67163.83,
2024-07-21,68181.28,
2024-07-22,67558.22,5564.41015625
2024-07-23,65939.24,5555.740234375
2024-07-24,65366.4,5427.1298828125
2024-07-25,65795.42,5399.22021484375
2024-07-26,67924.08,5459.10009765625
2024-07-27,67899.41,
2024-07-28,68244.3,
2024-07-29,66771.45,5463.5400390625
2024-07-30,66169.68,5436.43994140625
2024-07-31,64609.62,5522.2998046875
2024-08-01,65288.18,5446.68017578125
2024-08-02,61418.06,5346.56005859375
2024-08-03,60674.93,
2024-08-04,58130.95,
2024-08-05,54029.12,5186.330078125
2024-08-06,56048.08,5240.02978515625
2024-08-07,55148.1,5199.5
2024-08-08,61705.58,5319.31005859375
2024-08-09,60862.13,5344.16015625
2024-08-10,60935.02,
2024-08-11,58722.49,
2024-08-12,59358.78,5344.39013671875
2024-08-13,60603.19,5434.43017578125
2024-08-14,58690.62,5455.2099609375
2024-08-15,57543.61,5543.22021484375
2024-08-16,58888.99,5554.25
2024-08-17,59497.49,
2024-08-18,58437.9,
2024-08-19,59452.67,5608.25
2024-08-20,59017.59,5597.1201171875
2024-08-21,61163.28,5620.85009765625
2024-08-22,60383.29,5570.64013671875
2024-08-23,64086.72,5634.60986328125
2024-08-24,64179.63,
2024-08-25,64251.93,
2024-08-26,62840.0,5616.83984375
2024-08-27,59439.64,5625.7998046875
2024-08-28,59045.88,5592.18017578125
2024-08-29,59364.47,5591.9599609375
2024-08-30,59112.77,5648.39990234375
2024-08-31,58968.37,
2024-09-01,57299.0,
2024-09-02,59139.83,
2024-09-03,57468.84,5528.93017578125
2024-09-04,57971.0,5520.06982421875
2024-09-05,56156.82,5503.41015625
2024-09-06,53950.01,5408.419921875
2024-09-07,54156.33,
2024-09-08,54881.11,
2024-09-09,57053.9,5471.0498046875
2024-09-10,57645.59,5495.52001953125
2024-09-11,57352.79,5554.1298828125
2024-09-12,58137.54,5595.759765625
2024-09-13,60543.35,5626.02001953125
2024-09-14,60012.35,
2024-09-15,59122.33,
2024-09-16,58208.75,5633.08984375
2024-09-17,60312.6,5634.580078125
2024-09-18,61769.18,5618.259765625
2024-09-19,62960.14,5713.64013671875
2024-09-20,63210.69,5702.5498046875
2024-09-21,63362.74,
2024-09-22,63577.66,
2024-09-23,63338.87,5718.56982421875
2024-09-24,64272.93,5732.93017578125
2024-09-25,63130.89,5722.259765625
2024-09-26,65177.21,5745.3701171875
2024-09-27,65789.0,5738.169921875
2024-09-28,65858.99,
2024-09-29,65600.01,
2024-09-30,63301.25,5762.47998046875
2024-10-01,60790.0,5708.75
2024-10-02,60631.37,5709.5400390625
2024-10-03,60744.99,5699.93994140625
2024-10-04,62090.71,5751.06982421875
2024-10-05,62051.29,
2024-10-06,62810.86,
2024-10-07,62200.28,5695.93994140625
2024-10-08,62122.02,5751.1298828125
2024-10-09,60578.28,5792.0400390625
2024-10-10,60279.53,5780.0498046875
2024-10-11,62518.75,5815.02978515625
2024-10-12,63187.47,
2024-10-13,62845.3,
2024-10-14,66065.65,5859.85009765625
2024-10-15,67056.6,5815.259765625
2024-10-16,67608.44,5842.47021484375
2024-10-17,67402.33,5841.47021484375
2024-10-18,68426.11,5864.669921875
2024-10-19,68363.73,
2024-10-20,69014.86,
2024-10-21,67346.15,5853.97998046875
2024-10-22,67380.08,5851.2001953125
2024-10-23,66601.11,5797.419921875
2024-10-24,68156.84,5809.85986328125
2024-10-25,66564.51,5808.1201171875
2024-10-26,67012.56,
2024-10-27,67943.19,
2024-10-28,69924.5,5823.52001953125
2024-10-29,72724.35,5832.919921875
2024-10-30,72322.91,5813.669921875
2024-10-31,70197.83,5705.4501953125
2024-11-01,69467.29,5728.7998046875
2024-11-02,69358.94,
2024-11-03,68738.18,
2024-11-04,67807.48,5712.68994140625
2024-11-05,69380.73,5782.759765625
2024-11-06,75646.55,5929.0400390625
2024-11-07,75920.0,5973.10009765625
2024-11-08,76566.73,5995.5400390625
2024-11-09,76716.06,
2024-11-10,80428.92,
2024-11-11,88770.73,6001.35009765625
2024-11-12,88035.43,5983.990234375
2024-11-13,90493.82,5985.3798828125
2024-11-14,87340.4,5949.169921875
2024-11-15,91058.36,5870.6201171875
2024-11-16,90636.24,
2024-11-17,89886.69,
2024-11-18,90520.3,5893.6201171875
2024-11-19,92435.89,5916.97998046875
2024-11-20,94393.15,5917.10986328125
2024-11-21,98439.09,5948.7099609375
2024-11-22,99024.03,5969.33984375
2024-11-23,97778.77,
2024-11-24,98028.18,
2024-11-25,93000.01,5987.3701171875
2024-11-26,91929.54,6021.6298828125
2024-11-27,95951.19,5998.740234375
2024-11-28,95665.53,
2024-11-29,97490.56,6032.3798828125
2024-11-30,96465.42,
2024-12-01,97263.18,
2024-12-02,95862.89,6047.14990234375
2024-12-03,95924.52,6049.8798828125
2024-12-04,98746.24,6086.490234375
2024-12-05,97044.23,6075.10986328125
2024-12-06,99891.35,6090.27001953125
2024-12-07,99929.32,
2024-12-08,101174.99,
2024-12-09,97324.81,6052.85009765625
2024-12-10,96660.76,6034.91015625
2024-12-11,101202.11,6084.18994140625
2024-12-12,100030.47,6051.25
2024-12-13,101428.75,6051.08984375
2024-12-14,101399.99,
2024-12-15,104447.76,
2024-12-16,106099.81,6074.080078125
2024-12-17,106136.99,6050.60986328125
2024-12-18,100150.73,5872.16015625
2024-12-19,97372.21,5867.080078125
2024-12-20,97765.0,5930.85009765625
2024-12-21,97230.08,
2024-12-22,95087.75,
2024-12-23,94764.56,5974.06982421875
2024-12-24,98594.47,6040.0400390625
2024-12-25,99346.28,
2024-12-26,95669.49,6037.58984375
2024-12-27,94171.89,5970.83984375
2024-12-28,95130.82,
2024-12-29,93563.35,
2024-12-30,92620.71,5906.93994140625
2024-12-31,93354.22,5881.6298828125
2025-01-01,94383.59,
2025-01-02,96903.19,5868.5498046875
2025-01-03,98136.51,5942.47021484375
2025-01-04,98209.85,
2025-01-05,98345.33,
2025-01-06,102279.41,5975.3798828125
2025-01-07,96941.98,5909.02978515625
2025-01-08,95036.63,5918.25
2025-01-09,92547.44,
2025-01-10,94701.18,5827.0400390625
2025-01-11,94565.02,
2025-01-12,94509.62,
2025-01-13,94506.45,5836.22021484375
2025-01-14,96534.96,5842.91015625
2025-01-15,100510.23,5949.91015625
2025-01-16,99981.78,5937.33984375
2025-01-17,104107.0,5996.66015625
2025-01-18,104435.0,
2025-01-19,101211.13,
2025-01-20,102145.43,
2025-01-21,106159.26,6049.240234375
2025-01-22,103667.11,6086.3701171875
2025-01-23,103926.36,6118.7099609375
2025-01-24,104850.27,6101.240234375
2025-01-25,104733.56,
2025-01-26,102563.0,
2025-01-27,102062.42,6012.27978515625
2025-01-28,101290.0,6067.7001953125
2025-01-29,103747.25,6039.31005859375
2025-01-30,104742.64,6071.169921875
2025-01-31,102411.26,6040.52978515625
2025-02-01,100623.85,
2025-02-02,97676.52,
2025-02-03,101460.2,5994.56982421875
2025-02-04,97795.05,6037.8798828125
2025-02-05,96638.33,6061.47998046875
2025-02-06,96564.62,6083.56982421875
2025-02-07,96537.08,6025.990234375
2025-02-08,96476.25,
2025-02-09,96475.82,
2025-02-10,97444.41,6066.43994140625
2025-02-11,95774.08,6068.5
2025-02-12,97862.53,6051.97021484375
2025-02-13,96625.29,6115.06982421875
2025-02-14,97509.03,6114.6298828125
2025-02-15,97596.94,
2025-02-16,96119.88,
2025-02-17,95781.8,
2025-02-18,95607.4,6129.580078125
2025-02-19,96632.03,6144.14990234375
2025-02-20,98347.2,6117.52001953125
2025-02-21,96157.03,6013.1298828125
2025-02-22,96582.12,
2025-02-23,96265.98,
2025-02-24,91510.82,5983.25
2025-02-25,88583.74,5955.25
2025-02-26,84111.78,5956.06005859375
2025-02-27,84625.19,5861.56982421875
2025-02-28,84297.73,5954.5
2025-03-01,86018.76,
2025-03-02,94265.48,
2025-03-03,86161.1,5849.72021484375
2025-03-04,87249.96,5778.14990234375
2025-03-05,90603.73,5842.6298828125
2025-03-06,89921.85,5738.52001953125
2025-03-07,86756.98,5770.2001953125
2025-03-08,86206.69,
2025-03-09,80699.17,
2025-03-10,78544.71,5614.56005859375
2025-03-11,82914.51,5572.06982421875
2025-03-12,83659.43,5599.2998046875
2025-03-13,81073.43,5521.52001953125
2025-03-14,83980.49,5638.93994140625
2025-03-15,84351.46,
2025-03-16,82562.57,
2025-03-17,84011.4,5675.1201171875
2025-03-18,82698.76,5614.66015625
2025-03-19,86877.96,5675.2900390625
2025-03-20,84183.42,5662.89013671875
2025-03-21,84061.96,5667.56005859375
2025-03-22,83852.03,
2025-03-23,86092.94,
2025-03-24,87523.62,5767.56982421875
2025-03-25,87427.88,5776.64990234375
2025-03-26,86926.01,5712.2001953125
2025-03-27,87217.48,5693.31005859375
2025-03-28,84381.8,5580.93994140625
2025-03-29,82616.83,
2025-03-30,82379.98,
2025-03-31,82534.32,5611.85009765625
2025-04-01,85170.37,5633.06982421875
2025-04-02,82490.08,5670.97021484375
2025-04-03,83174.33,5396.52001953125
2025-04-04,83860.16,5074.080078125
2025-04-05,83498.25,
2025-04-06,78370.75,
2025-04-07,79140.01,5062.25
2025-04-08,76251.64,4982.77001953125
2025-04-09,82594.75,5456.89990234375
2025-04-10,79552.34,5268.0498046875
2025-04-11,83380.47,5363.35986328125
2025-04-12,85271.01,
2025-04-13,83733.07,
2025-04-14,84590.36,5405.97021484375
2025-04-15,83629.78,5396.6298828125
2025-04-16,84028.72,5275.7001953125
2025-04-17,84961.97,5282.7001953125
2025-04-18,84466.47,
2025-04-19,85074.99,
2025-04-20,85177.34,
2025-04-21,87522.07,5158.2001953125
2025-04-22,93489.1,5287.759765625
2025-04-23,93740.92,5375.85986328125
2025-04-24,94021.96,5484.77001953125
2025-04-25,94708.79,5525.2099609375
2025-04-26,94666.64,
2025-04-27,93780.57,
2025-04-28,95042.57,5528.75
2025-04-29,94271.09,5560.830078125
2025-04-30,94182.54,5569.06005859375
2025-05-01,96524.98,5604.14013671875
2025-05-02,96929.81,5686.669921875
2025-05-03,95861.33,
2025-05-04,94272.55,
2025-05-05,94733.99,5650.3798828125
2025-05-06,96839.17,5606.91015625
2025-05-07,97058.32,5631.27978515625
2025-05-08,103253.49,5663.93994140625
2025-05-09,102986.96,5659.91015625
2025-05-10,104821.19,
2025-05-11,104137.62,
2025-05-12,102800.21,5844.18994140625
2025-05-13,104131.06,5886.5498046875
2025-05-14,103545.38,5892.580078125
2025-05-15,103786.43,5916.93017578125
2025-05-16,103500.03,5958.3798828125
2025-05-17,103161.07,
2025-05-18,106473.46,
2025-05-19,105616.18,5963.60009765625
2025-05-20,106883.24,5940.4599609375
2025-05-21,109699.54,5844.60986328125
2025-05-22,111722.53,5842.009765625
2025-05-23,107329.61,5802.81982421875
2025-05-24,107794.01,
2025-05-25,109048.68,
2025-05-26,109464.32,
2025-05-27,108978.46,5921.5400390625
2025-05-28,107819.29,5888.5498046875
2025-05-29,105572.58,5912.169921875
2025-05-30,104033.26,5911.68994140625
2025-05-31,104645.87,
2025-06-01,105697.94,
2025-06-02,105904.94,5935.93994140625
2025-06-03,105447.82,5970.3701171875
2025-06-04,104753.38,5970.81005859375
2025-06-05,101570.2,5939.2998046875
2025-06-06,104397.99,6000.35986328125
2025-06-07,105619.02,
2025-06-08,105784.4,
2025-06-09,110301.15,6005.8798828125
2025-06-10,110300.24,6038.81005859375
2025-06-11,108669.37,6022.240234375
2025-06-12,105721.05,6045.259765625
2025-06-13,106118.7,5976.97021484375
2025-06-14,105465.42,
2025-06-15,105599.25,
2025-06-16,106853.38,6033.10986328125
2025-06-17,104590.44,5982.72021484375
2025-06-18,104915.6,5980.8701171875
2025-06-19,104671.9,
2025-06-20,103317.8,5967.83984375
2025-06-21,102160.03,
2025-06-22,100996.87,
2025-06-23,105419.39,6025.169921875
2025-06-24,106141.0,6092.18017578125
2025-06-25,107400.22,6092.16015625
2025-06-26,107029.64,6141.02001953125
2025-06-27,107113.38,6173.06982421875
2025-06-28,107352.2,
2025-06-29,108386.44,
2025-06-30,107173.21,6204.9501953125
2025-07-01,105711.78,6198.009765625
2025-07-02,108888.32,6227.419921875
2025-07-03,109628.83,6279.35009765625
2025-07-04,108028.6,
2025-07-05,108246.65,
2025-07-06,109217.98,
2025-07-07,108269.84,6229.97998046875
2025-07-08,108958.04,6225.52001953125
2025-07-09,111282.85,6263.259765625
2025-07-10,116031.3,6280.4599609375
2025-07-11,117582.16,6259.75
2025-07-12,117472.65,
2025-07-13,119130.81,
2025-07-14,119863.71,6268.56005859375
2025-07-15,117781.64,6243.759765625
2025-07-16,118681.68,6263.7001953125
2025-07-17,119273.69,6297.35986328125
2025-07-18,118023.05,6296.7900390625
2025-07-19,117914.17,
2025-07-20,117312.7,
2025-07-21,117428.79,6305.60009765625
2025-07-22,120026.42,6309.6201171875
2025-07-23,118810.44,6358.91015625
2025-07-24,118397.04,6363.35009765625
2025-07-25,117633.27,6388.64013671875
2025-07-26,117969.63,
2025-07-27,119465.52,
2025-07-28,118070.59,6389.77001953125
2025-07-29,117933.39,6370.85986328125
2025-07-30,117830.15,6362.89990234375
2025-07-31,115761.13,6339.39013671875
2025-08-01,113248.73,6238.009765625
2025-08-02,112542.74,
2025-08-03,114215.73,
2025-08-04,115051.85,6329.93994140625
2025-08-05,114112.95,6299.18994140625
2025-08-06,115028.83,6345.06005859375
2025-08-07,117515.49,6340.0
2025-08-08,116683.79,6389.4501953125
2025-08-09,116492.51,
2025-08-10,119309.37,
2025-08-11,118701.84,6373.4501953125
2025-08-12,120113.18,6445.759765625
2025-08-13,123365.63,6466.580078125
2025-08-14,118389.79,6468.5400390625
2025-08-15,117436.96,6449.7998046875
2025-08-16,117455.68,
2025-08-17,117488.6,
2025-08-18,116286.76,6449.14990234375
2025-08-19,112856.19,6411.3701171875
2025-08-20,114276.0,6395.77978515625
2025-08-21,112480.3,6370.169921875
2025-08-22,116908.68,6466.91015625
2025-08-23,115383.87,
2025-08-24,113478.0,
2025-08-25,110127.74,6439.31982421875
2025-08-26,111788.01,6465.93994140625
2025-08-27,111253.21,6481.39990234375
2025-08-28,112574.85,6501.85986328125
2025-08-29,108378.32,6460.259765625
2025-08-30,108827.93,
2025-08-31,108247.95,
2025-09-01,109240.55,
2025-09-02,111247.94,6415.5400390625
2025-09-03,111756.41,6448.259765625
2025-09-04,110720.79,6502.080078125
2025-09-05,110670.02,6481.5
2025-09-06,110212.6,
2025-09-07,111129.61,
2025-09-08,112072.57,6495.14990234375
2025-09-09,111549.32,6512.60986328125
2025-09-10,113983.97,6532.0400390625
2025-09-11,115540.0,6587.47021484375
2025-09-12,116106.03,6584.2900390625
2025-09-13,115968.35,
2025-09-14,115314.13,
2025-09-15,115381.08,6615.27978515625
2025-09-16,116832.56,6606.759765625
2025-09-17,116484.4,6600.35009765625
2025-09-18,117117.99,6631.9599609375
2025-09-19,115690.55,6664.35986328125
2025-09-20,115752.4,
2025-09-21,115282.27,
2025-09-22,112736.59,6693.75
2025-09-23,112017.21,6656.919921875
2025-09-24,113348.17,6637.97021484375
2025-09-25,109035.72,6604.72021484375
2025-09-26,109697.29,6643.7001953125
2025-09-27,109681.16,
2025-09-28,112197.67,
2025-09-29,114365.07,6661.2099609375
2025-09-30,114067.71,6688.4599609375
2025-10-01,118659.97,6711.2001953125
2025-10-02,120621.32,6715.35009765625
2025-10-03,122318.4,6715.7900390625
2025-10-04,122458.56,
2025-10-05,123520.79,
2025-10-06,124720.09,6740.27978515625
2025-10-07,121393.95,6714.58984375
2025-10-08,123343.25,6753.72021484375
2025-10-09,121714.51,6735.10986328125
2025-10-10,112980.28,6552.509765625
2025-10-11,110768.89,
2025-10-12,115067.98,
2025-10-13,115274.03,6654.72021484375
2025-10-14,113068.0,6644.31005859375
2025-10-15,110804.12,6671.06005859375
2025-10-16,108198.0,6629.06982421875
2025-10-17,106463.3,6664.009765625
2025-10-18,107208.91,
2025-10-19,108676.78,
2025-10-20,110568.06,6735.1298828125
2025-10-21,108362.27,6735.35009765625
2025-10-22,107585.98,6699.39990234375
2025-10-23,110116.03,6738.43994140625
2025-10-24,111042.13,6791.68994140625
2025-10-25,111666.21,
2025-10-26,114548.09,
2025-10-27,114087.06,6875.16015625
2025-10-28,112906.75,6890.89013671875
2025-10-29,110032.13,6890.58984375
2025-10-30,108308.18,6822.33984375
2025-10-31,109555.27,6840.2001953125
2025-11-01,110052.25,
2025-11-02,110536.01,
2025-11-03,106557.98,6851.97021484375
2025-11-04,101468.15,6771.5498046875
2025-11-05,103869.0,6796.2900390625
2025-11-06,101290.5,6720.31982421875
2025-11-07,103284.27,6728.7998046875
2025-11-08,102285.57,
2025-11-09,104694.95,
2025-11-10,105979.38,6832.43017578125
2025-11-11,103009.35,6846.60986328125
2025-11-12,101639.01,6850.919921875
2025-11-13,99614.54,6737.490234375
2025-11-14,94503.96,6734.10986328125
2025-11-15,95544.94,
2025-11-16,94183.97,
2025-11-17,92100.6,6672.41015625
2025-11-18,92914.46,6617.31982421875
2025-11-19,91461.6,6642.16015625
2025-11-20,86536.88,6538.759765625
2025-11-21,85068.88,6602.990234375
2025-11-22,84684.0,
2025-11-23,86808.28,
2025-11-24,88266.2,6705.1201171875
2025-11-25,87325.01,6765.8798828125
2025-11-26,90468.84,6812.60986328125
2025-11-27,91316.7,
2025-11-28,90902.7,6849.08984375
2025-11-29,90828.06,
2025-11-30,90369.51,
2025-12-01,86282.36,6812.6298828125
2025-12-02,91308.05,6829.3701171875
2025-12-03,93453.84,6849.72021484375
2025-12-04,92093.54,6857.1201171875
2025-12-05,89345.29,6870.39990234375
2025-12-06,89267.97,
2025-12-07,90402.29,
2025-12-08,90653.86,6846.509765625
2025-12-09,92690.0,6840.509765625
2025-12-10,92035.99,6886.68017578125
2025-12-11,92542.0,6901.0
2025-12-12,90278.0,6827.41015625
2025-12-13,90255.32,
2025-12-14,88171.61,
2025-12-15,86417.5,6816.509765625
2025-12-16,87854.01,6800.259765625
2025-12-17,86209.77,6721.43017578125
2025-12-18,85460.02,6774.759765625
2025-12-19,88092.65,6834.5
2025-12-20,88324.0,
2025-12-21,88639.95,
2025-12-22,88556.77,6878.490234375
2025-12-23,87429.32,6909.7900390625
2025-12-24,87609.03,6932.0498046875
2025-12-25,87171.68,
2025-12-26,87296.01,6929.93994140625
2025-12-27,87808.0,
2025-12-28,87877.29,
2025-12-29,87110.78,6905.740234375
2025-12-30,88397.5,6896.240234375
2025-12-31,87497.94,6845.5
2026-01-01,88738.34,
2026-01-02,89957.99,6858.47021484375
2026-01-03,90598.02,
2026-01-04,91494.0,
2026-01-05,93870.06,6902.0498046875
2026-01-06,93722.01,6944.81982421875
2026-01-07,91279.73,6920.93017578125
2026-01-08,91026.0,6921.4599609375
2026-01-09,90515.45,6966.27978515625
2026-01-10,90385.54,
2026-01-11,90872.01,
2026-01-12,91188.09,6977.27001953125
2026-01-13,95384.23,6963.740234375
2026-01-14,96955.16,6926.60009765625
2026-01-15,95587.65,6944.47021484375
2026-01-16,95504.0,6940.009765625
2026-01-17,95109.99,
2026-01-18,93633.53,
2026-01-19,92559.66,
2026-01-20,88310.6,6796.85986328125
2026-01-21,89363.71,6875.6201171875
2026-01-22,89463.5,6913.35009765625
2026-01-23,89474.93,6915.60986328125
2026-01-24,89082.17,
2026-01-25,86561.94,
2026-01-26,88250.01,6950.22998046875
2026-01-27,89116.96,6978.60009765625
2026-01-28,89162.4,6978.02978515625
2026-01-29,84513.2,6969.009765625
2026-01-30,84110.99,6939.02978515625
2026-01-31,78648.0,
2026-02-01,76895.53,
2026-02-02,78666.85,6976.43994140625
2026-02-03,75661.49,6917.81005859375
2026-02-04,72998.0,6882.72021484375
2026-02-05,62791.0,6798.39990234375
2026-02-06,70527.7,6932.2998046875
2026-02-07,69244.74,
2026-02-08,70279.33,
2026-02-09,70101.99,6964.81982421875
2026-02-10,68803.65,6941.81005859375
2026-02-11,67024.93,6941.47021484375
2026-02-12,66208.0,6832.759765625
2026-02-13,68812.0,6836.169921875
2026-02-14,69786.96,
2026-02-15,68792.0,
2026-02-16,68858.13,
2026-02-17,67466.7,6843.22021484375
2026-02-18,66419.79,6881.31005859375
2026-02-19,66972.5,6861.89013671875
2026-02-20,67984.42,6909.509765625
2026-02-21,67955.78,
2026-02-22,67617.98,
2026-02-23,64625.78,6837.75
2026-02-24,64068.33,6890.06982421875
2026-02-25,67992.68,6946.1298828125
2026-02-26,67490.51,6908.85986328125
2026-02-27,65859.94,6878.8798828125
2026-02-28,66967.85,
2026-03-01,65769.0,
2026-03-02,68832.01,6881.6201171875
2026-03-03,68335.99,6816.6298828125
2026-03-04,72683.26,6869.5
2026-03-05,70887.6,6830.7099609375
2026-03-06,68108.24,6740.02001953125
2026-03-07,67259.62,
2026-03-08,65970.56,
2026-03-09,68432.17,6795.990234375
2026-03-10,69960.83,6781.47998046875
2026-03-11,70208.0,6775.7998046875
2026-03-12,70531.56,6672.6201171875
2026-03-13,70944.33,6632.18994140625
2026-03-14,71232.02,
2026-03-15,72830.01,
2026-03-16,74886.47,6699.3798828125
2026-03-17,73934.11,6716.08984375
2026-03-18,71245.02,6624.7001953125
2026-03-19,69918.3,6606.490234375
2026-03-20,70497.01,6506.47998046875
2026-03-21,68912.02,
2026-03-22,67844.94,
2026-03-23,70874.23,6581.0
2026-03-24,70533.49,6556.3701171875
2026-03-25,71301.53,6591.89990234375
2026-03-26,68769.02,6477.16015625
2026-03-27,66353.34,6368.85009765625
2026-03-28,66320.15,
2026-03-29,65956.94,
2026-03-30,66737.18,6343.72021484375
2026-03-31,68221.85,6528.52001953125
2026-04-01,68112.35,6575.31982421875
2026-04-02,66894.48,6582.68994140625
2026-04-03,66959.99,
2026-04-04,67291.73,
2026-04-05,69005.0,
2026-04-06,68853.61,6611.830078125
2026-04-07,71910.2,6616.85009765625
2026-04-08,71085.99,6782.81005859375
2026-04-09,71798.01,6824.66015625
2026-04-10,72997.88,6816.89013671875
2026-04-11,73086.0,
2026-04-12,70755.35,
2026-04-13,74446.0,6886.240234375
2026-04-14,74179.04,6967.3798828125
2026-04-15,74836.31,7022.9501953125
2026-04-16,75163.09,7041.27978515625
2026-04-17,77098.01,7126.06005859375
2026-04-18,75736.82,
2026-04-19,73823.14,
2026-04-20,75864.86,7109.14013671875
2026-04-21,76348.58,7064.009765625
2026-04-22,78208.52,7137.89990234375
2026-04-23,78281.32,7108.39990234375
2026-04-24,77461.8,7165.080078125
2026-04-25,77650.72,
2026-04-26,78673.83,
2026-04-27,77364.42,7173.91015625
2026-04-28,76317.99,7138.7998046875
2026-04-29,75752.88,7135.9501953125
2026-04-30,76305.78,7209.009765625
2026-05-01,78234.05,7230.1201171875
2026-05-02,78682.31,
2026-05-03,78558.89,
2026-05-04,79852.37,7200.75
2026-05-05,80907.72,7259.22021484375
2026-05-06,81438.1,7365.1201171875
2026-05-07,80005.38,7337.10986328125
2026-05-08,80188.82,7398.93017578125
2026-05-09,80655.96,
2026-05-10,82199.99,
2026-05-11,81727.06,7412.83984375
2026-05-12,80484.72,7400.9599609375
2026-05-13,79288.26,7444.25
2026-05-14,81079.39,7501.240234375
2026-05-15,79058.51,7408.5
2026-05-16,78105.45,
2026-05-17,77407.59,
2026-05-18,76943.98,7403.0498046875
2026-05-19,76767.48,7353.60986328125
2026-05-20,77475.99,7432.97021484375
2026-05-21,77547.62,7445.72021484375
2026-05-22,75443.91,7473.47021484375
2026-05-23,76650.0,
2026-05-24,76975.99,
2026-05-25,77249.07,
2026-05-26,75826.1,7519.1201171875
2026-05-27,74315.98,7520.35986328125
2026-05-28,73512.56,7563.6298828125
2026-05-29,73366.77,7580.06005859375
2026-05-30,73770.69,
2026-05-31,73575.17,
2026-06-01,71314.42,7599.9599609375
2026-06-02,66658.35,7609.77978515625
2026-06-03,64040.0,7553.68017578125
2026-06-04,63806.02,7584.31005859375
2026-06-05,61032.0,7383.740234375
2026-06-06,60850.48,
2026-06-07,63302.73,
2026-06-08,63062.98,7405.72998046875
2026-06-09,61685.8,7386.64990234375
2026-06-10,61449.46,7266.990234375
2026-06-11,63563.42,7394.2998046875
2026-06-12,63538.43,7431.4599609375
2026-06-13,64429.99,
2026-06-14,65706.62,
2026-06-15,66276.8,7554.2900390625
2026-06-16,65616.64,7511.35009765625
2026-06-17,64446.04,7420.10009765625
2026-06-18,62879.01,7500.580078125
2026-06-19,63475.2,
2026-06-20,64222.99,
2026-06-21,63235.63,
2026-06-22,63950.61,7472.7900390625
2026-06-23,62644.86,7365.4599609375
2026-06-24,60983.13,7358.22021484375
2026-06-25,59703.65,7357.490234375
2026-06-26,60002.53,7354.02001953125
2026-06-27,59934.84,
2026-06-28,59474.01,
2026-06-29,60162.73,7440.43017578125
2026-06-30,58523.93,7499.35986328125
2026-07-01,59961.45,7483.22998046875
2026-07-02,61484.02,7483.240234375
2026-07-03,62520.22,
2026-07-04,63086.45,
2026-07-05,63580.44,
2026-07-06,64001.84,7537.43017578125
2026-07-07,63323.27,7503.85009765625
2026-07-08,62237.7,7482.7099609375
2026-07-09,63175.25,7543.64013671875
2026-07-10,64128.49,7575.39013671875
2026-07-11,63773.04,
2026-07-12,63740.32,
2026-07-13,62264.94,7515.33984375
2026-07-14,64988.64,7543.58984375
2026-07-15,64716.63,7572.39990234375
2026-07-16,63770.6,7533.77001953125
2026-07-17,63894.0,7457.68994140625
2026-07-18,64796.36,
2026-07-19,64681.78,
2026-07-20,65213.05,7443.27978515625
2026-07-21,66516.18,7509.2001953125
2026-07-22,66086.61,7498.9599609375
2026-07-23,65051.23,7408.2998046875
2026-07-24,64083.32,7411.97998046875
2026-07-25,64295.61,
2026-07-26,65341.07,
2026-07-27,63694.43,7413.18017578125
2026-07-28,63847.12,7428.77978515625
2026-07-29,63896.14,7316.14990234375
2026-07-30,64721.9,7437.6298828125
2026-07-31,62825.9,7489.72021484375
2026-08-01,62764.2,
2026-08-02,63499.49,
2026-08-03,63466.51,7600.5
2026-08-04,64050.51,7736.52001953125
2026-08-05,64603.03,7723.5498046875
2026-08-06,64267.3,7709.9599609375
2026-08-07,64891.61,7757.64013671875
2026-08-08,64908.72,
2026-08-09,64848.69,
2026-08-10,63911.88,7753.10986328125
2026-08-11,63531.75,7728.2001953125
2026-08-12,63411.72,7748.5
2026-08-13,63425.35,7798.990234375
2026-08-14,62975.19,7785.759765625
2026-08-15,63018.75,
2026-08-16,62836.66,
2026-08-17,64484.18,7745.06005859375
2026-08-18,64681.33,7691.759765625
2026-08-19,69300.01,7707.97998046875
2026-08-20,73011.87,7641.16015625
2026-08-21,78325.54,7674.3701171875
2026-08-22,77054.44,
2026-08-23,77729.36,
2026-08-24,78981.59,7652.85986328125
2026-08-25,78526.8,7677.27978515625
2026-08-26,79026.18,7675.7001953125
2026-08-27,79428.86,
