date,op_type,tenor,amount_bn,maturity,url
2019-08-19,逆回购,7天,20.0,2019-08-26,3876604.html
2019-08-20,逆回购,7天,50.0,2019-08-27,3877486.html
2019-08-21,逆回购,7天,60.0,2019-08-28,3878053.html
2019-08-22,逆回购,7天,60.0,2019-08-29,3878508.html
2019-08-26,中期借贷便利,1年,150.0,2020-08-26,3879661.html
2019-08-27,逆回购,7天,80.0,2019-09-03,3880585.html
2019-08-28,逆回购,7天,60.0,2019-09-04,3881347.html
2019-09-06,逆回购,7天,40.0,2019-09-13,3885931.html
2019-09-09,逆回购,7天,120.0,2019-09-16,3886823.html
2019-09-10,逆回购,7天,80.0,2019-09-17,3887654.html
2019-09-11,逆回购,7天,30.0,2019-09-18,3888472.html
2019-09-17,中期借贷便利,1年,200.0,2020-09-17,3890701.html
2019-09-18,逆回购,7天,30.0,2019-09-25,3891777.html
2019-09-20,逆回购,7天,40.0,2019-09-27,3892907.html
2019-09-20,逆回购,14天,80.0,2019-10-04,3892907.html
2019-09-23,逆回购,7天,20.0,2019-09-30,3894121.html
2019-09-23,逆回购,14天,80.0,2019-10-07,3894121.html
2019-09-24,逆回购,14天,40.0,2019-10-08,3895119.html
2019-09-25,逆回购,14天,20.0,2019-10-09,3895824.html
2019-09-26,逆回购,14天,20.0,2019-10-10,3896308.html
2019-09-27,逆回购,14天,30.0,2019-10-11,3896749.html
2019-10-16,中期借贷便利,1年,200.0,2020-10-16,3903925.html
2019-10-18,逆回购,7天,30.0,2019-10-25,3905075.html
2019-10-21,逆回购,7天,50.0,2019-10-28,3905930.html
2019-10-23,逆回购,7天,200.0,2019-10-30,3907415.html
2019-10-24,逆回购,7天,60.0,2019-10-31,3908087.html
2019-10-25,逆回购,7天,30.0,2019-11-01,3908304.html
2019-11-05,中期借贷便利,1年,400.0,2020-11-05,3914723.html
2019-11-15,中期借贷便利,1年,200.0,2020-11-15,3921371.html
2019-11-18,逆回购,7天,180.0,2019-11-25,3922300.html
2019-12-06,中期借贷便利,1年,300.0,2020-12-06,3934201.html
2019-12-16,中期借贷便利,1年,300.0,2020-12-16,3939378.html
2019-12-18,逆回购,7天,50.0,2019-12-25,3941545.html
2019-12-18,逆回购,14天,150.0,2020-01-01,3941545.html
2019-12-19,逆回购,7天,30.0,2019-12-26,3942590.html
2019-12-19,逆回购,14天,250.0,2020-01-02,3942590.html
2019-12-20,逆回购,14天,150.0,2020-01-03,3943067.html
2019-12-23,逆回购,14天,50.0,2020-01-06,3943899.html
2020-01-15,中期借贷便利,1年,300.0,2021-01-15,3959725.html
2020-01-15,逆回购,14天,100.0,2020-01-29,3959725.html
2020-01-16,逆回购,14天,300.0,2020-01-30,3960047.html
2020-01-17,逆回购,14天,200.0,2020-01-31,3960528.html
2020-01-19,逆回购,14天,200.0,2020-02-02,3961441.html
2020-01-20,逆回购,14天,250.0,2020-02-03,3962482.html
2020-01-21,逆回购,14天,100.0,2020-02-04,3963388.html
2020-01-22,逆回购,14天,30.0,2020-02-05,3964427.html
2020-01-23,中期借贷便利,1年,240.5,2021-01-23,3964899.html
2020-02-03,逆回购,7天,900.0,2020-02-10,3966231.html
2020-02-03,逆回购,14天,300.0,2020-02-17,3966231.html
2020-02-04,逆回购,7天,380.0,2020-02-11,3967416.html
2020-02-04,逆回购,14天,120.0,2020-02-18,3967416.html
2020-02-10,逆回购,7天,700.0,2020-02-17,3969170.html
2020-02-10,逆回购,14天,200.0,2020-02-24,3969170.html
2020-02-11,逆回购,7天,100.0,2020-02-18,3969585.html
2020-02-17,中期借贷便利,1年,200.0,2021-02-17,3971702.html
2020-02-17,逆回购,7天,100.0,2020-02-24,3971702.html
2020-03-16,中期借贷便利,1年,100.0,2021-03-16,3989548.html
2020-03-30,逆回购,7天,50.0,2020-04-06,3997424.html
2020-03-31,逆回购,7天,20.0,2020-04-07,4000001.html
2020-04-15,中期借贷便利,1年,100.0,2021-04-15,4007464.html
2020-04-15,中期借贷便利,1年,100.0,2021-04-15,4023684.html
2020-04-24,中期借贷便利,1年,56.1,2021-04-24,4012863.html
2020-05-26,逆回购,7天,10.0,2020-06-02,4028280.html
2020-05-27,逆回购,7天,120.0,2020-06-03,4029104.html
2020-05-28,逆回购,7天,240.0,2020-06-04,4029311.html
2020-05-29,逆回购,7天,300.0,2020-06-05,4029713.html
2020-06-04,逆回购,7天,70.0,2020-06-11,4033515.html
2020-06-05,逆回购,7天,150.0,2020-06-12,4034176.html
2020-06-08,逆回购,7天,120.0,2020-06-15,4035281.html
2020-06-09,逆回购,7天,60.0,2020-06-16,4036414.html
2020-06-10,逆回购,7天,60.0,2020-06-17,4037260.html
2020-06-11,逆回购,7天,80.0,2020-06-18,4037926.html
2020-06-12,逆回购,7天,100.0,2020-06-19,4038468.html
2020-06-15,中期借贷便利,1年,200.0,2021-06-15,4039132.html
2020-06-18,逆回购,7天,50.0,2020-06-25,4041830.html
2020-06-18,逆回购,14天,70.0,2020-07-02,4041830.html
2020-06-19,逆回购,7天,70.0,2020-06-26,4042448.html
2020-06-19,逆回购,14天,110.0,2020-07-03,4042448.html
2020-06-22,逆回购,7天,40.0,2020-06-29,4043053.html
2020-06-22,逆回购,14天,80.0,2020-07-06,4043053.html
2020-06-23,逆回购,7天,90.0,2020-06-30,4043876.html
2020-06-23,逆回购,14天,110.0,2020-07-07,4043876.html
2020-06-24,逆回购,7天,180.0,2020-07-01,4044955.html
2020-06-28,逆回购,7天,100.0,2020-07-05,4045866.html
2020-07-13,逆回购,7天,50.0,2020-07-20,4055365.html
2020-07-14,逆回购,7天,30.0,2020-07-21,4056198.html
2020-07-15,中期借贷便利,1年,400.0,2021-07-15,4057119.html
2020-07-16,逆回购,7天,50.0,2020-07-23,4057606.html
2020-07-17,逆回购,7天,200.0,2020-07-24,4058004.html
2020-07-20,逆回购,7天,100.0,2020-07-27,4058981.html
2020-07-21,逆回购,7天,10.0,2020-07-28,4059949.html
2020-07-27,逆回购,7天,100.0,2020-08-03,4062399.html
2020-07-28,逆回购,7天,80.0,2020-08-04,4063583.html
2020-07-29,逆回购,7天,30.0,2020-08-05,4064372.html
2020-07-30,逆回购,7天,50.0,2020-08-06,4064967.html
2020-07-31,逆回购,7天,20.0,2020-08-07,4065463.html
2020-08-07,逆回购,7天,10.0,2020-08-14,4068174.html
2020-08-10,逆回购,7天,10.0,2020-08-17,4069160.html
2020-08-11,逆回购,7天,50.0,2020-08-18,4070026.html
2020-08-12,逆回购,7天,140.0,2020-08-19,4070805.html
2020-08-13,逆回购,7天,150.0,2020-08-20,4071015.html
2020-08-14,逆回购,7天,150.0,2020-08-21,4071683.html
2020-08-17,中期借贷便利,1年,700.0,2021-08-17,4072750.html
2020-08-17,逆回购,7天,50.0,2020-08-24,4072750.html
2020-08-18,逆回购,7天,100.0,2020-08-25,4073769.html
2020-08-19,逆回购,7天,150.0,2020-08-26,4074599.html
2020-08-20,逆回购,7天,160.0,2020-08-27,4074801.html
2020-08-24,逆回购,7天,100.0,2020-08-31,4075945.html
2020-08-24,逆回购,14天,60.0,2020-09-07,4075945.html
2020-08-25,逆回购,7天,250.0,2020-09-01,4077023.html
2020-08-25,逆回购,14天,50.0,2020-09-08,4077023.html
2020-08-26,逆回购,7天,200.0,2020-09-02,4077802.html
2020-08-27,逆回购,7天,100.0,2020-09-03,4078160.html
2020-08-28,逆回购,7天,50.0,2020-09-04,4078485.html
2020-08-31,逆回购,7天,20.0,2020-09-07,4079259.html
2020-09-01,逆回购,7天,20.0,2020-09-08,4080145.html
2020-09-02,逆回购,7天,20.0,2020-09-09,4080723.html
2020-09-03,逆回购,7天,120.0,2020-09-10,4081316.html
2020-09-04,逆回购,7天,100.0,2020-09-11,4086334.html
2020-09-07,逆回购,7天,100.0,2020-09-14,4087110.html
2020-09-08,逆回购,7天,170.0,2020-09-15,4090589.html
2020-09-09,逆回购,7天,120.0,2020-09-16,4091302.html
2020-09-10,逆回购,7天,140.0,2020-09-17,4091772.html
2020-09-11,逆回购,7天,90.0,2020-09-18,4092191.html
2020-09-14,逆回购,7天,80.0,2020-09-21,4092999.html
2020-09-15,中期借贷便利,1年,600.0,2021-09-15,4094097.html
2020-09-16,逆回购,7天,120.0,2020-09-23,4094733.html
2020-09-17,逆回购,7天,110.0,2020-09-24,4095709.html
2020-09-18,逆回购,7天,110.0,2020-09-25,4098458.html
2020-09-18,逆回购,14天,60.0,2020-10-02,4098458.html
2020-09-22,逆回购,7天,200.0,2020-09-29,4100660.html
2020-09-22,逆回购,14天,150.0,2020-10-06,4100660.html
2020-09-23,逆回购,7天,100.0,2020-09-30,4101421.html
2020-09-23,逆回购,14天,100.0,2020-10-07,4101421.html
2020-09-24,逆回购,14天,120.0,2020-10-08,4101949.html
2020-09-25,逆回购,14天,90.0,2020-10-09,4102402.html
2020-09-27,逆回购,14天,20.0,2020-10-11,4103441.html
2020-09-28,逆回购,14天,40.0,2020-10-12,4104090.html
2020-09-29,逆回购,14天,100.0,2020-10-13,4104869.html
2020-09-30,逆回购,14天,50.0,2020-10-14,4105610.html
2020-10-15,中期借贷便利,1年,500.0,2021-10-15,4109852.html
2020-10-15,逆回购,7天,50.0,2020-10-22,4109852.html
2020-10-16,逆回购,7天,50.0,2020-10-23,4110435.html
2020-10-19,逆回购,7天,50.0,2020-10-26,4111716.html
2020-10-20,逆回购,7天,70.0,2020-10-27,4112427.html
2020-10-21,逆回购,7天,80.0,2020-10-28,4113132.html
2020-10-22,逆回购,7天,50.0,2020-10-29,4113718.html
2020-10-23,逆回购,7天,70.0,2020-10-30,4114225.html
2020-10-27,逆回购,7天,100.0,2020-11-03,4116044.html
2020-10-28,逆回购,7天,120.0,2020-11-04,4116818.html
2020-10-29,逆回购,7天,140.0,2020-11-05,4117276.html
2020-10-30,逆回购,7天,100.0,2020-11-06,4118050.html
2020-11-02,逆回购,7天,50.0,2020-11-09,4118861.html
2020-11-03,逆回购,7天,120.0,2020-11-10,4120015.html
2020-11-04,逆回购,7天,120.0,2020-11-11,4120889.html
2020-11-05,逆回购,7天,30.0,2020-11-12,4121355.html
2020-11-10,逆回购,7天,120.0,2020-11-17,4123751.html
2020-11-11,逆回购,7天,150.0,2020-11-18,4124583.html
2020-11-12,逆回购,7天,120.0,2020-11-19,4124971.html
2020-11-13,逆回购,7天,160.0,2020-11-20,4125303.html
2020-11-16,中期借贷便利,1年,800.0,2021-11-16,4126082.html
2020-11-17,逆回购,7天,50.0,2020-11-24,4127582.html
2020-11-18,逆回购,7天,100.0,2020-11-25,4129108.html
2020-11-19,逆回购,7天,70.0,2020-11-26,4130160.html
2020-11-20,逆回购,7天,80.0,2020-11-27,4130819.html
2020-11-23,逆回购,7天,40.0,2020-11-30,4131445.html
2020-11-24,逆回购,7天,70.0,2020-12-01,4132353.html
2020-11-25,逆回购,7天,120.0,2020-12-02,4133390.html
2020-11-26,逆回购,7天,80.0,2020-12-03,4133717.html
2020-11-27,逆回购,7天,120.0,2020-12-04,4134200.html
2020-11-30,中期借贷便利,1年,200.0,2021-11-30,4135750.html
2020-11-30,逆回购,7天,150.0,2020-12-07,4135750.html
2020-12-01,逆回购,7天,20.0,2020-12-08,4136528.html
2020-12-02,逆回购,7天,10.0,2020-12-09,4137385.html
2020-12-03,逆回购,7天,10.0,2020-12-10,4137811.html
2020-12-04,逆回购,7天,10.0,2020-12-11,4138227.html
2020-12-07,逆回购,7天,50.0,2020-12-14,4139095.html
2020-12-08,逆回购,7天,60.0,2020-12-15,4140026.html
2020-12-09,逆回购,7天,20.0,2020-12-16,4141229.html
2020-12-10,逆回购,7天,10.0,2020-12-17,4141686.html
2020-12-11,逆回购,7天,10.0,2020-12-18,4142061.html
2020-12-14,逆回购,7天,20.0,2020-12-21,4142974.html
2020-12-15,中期借贷便利,1年,950.0,2021-12-15,4144165.html
2020-12-15,逆回购,7天,10.0,2020-12-22,4144165.html
2020-12-16,逆回购,7天,10.0,2020-12-23,4145031.html
2020-12-17,逆回购,7天,10.0,2020-12-24,4145613.html
2020-12-18,逆回购,7天,10.0,2020-12-25,4146117.html
2020-12-21,逆回购,7天,10.0,2020-12-28,4146901.html
2020-12-21,逆回购,14天,100.0,2021-01-04,4146901.html
2020-12-22,逆回购,7天,10.0,2020-12-29,4147982.html
2020-12-22,逆回购,14天,120.0,2021-01-05,4147982.html
2020-12-23,逆回购,7天,10.0,2020-12-30,4149250.html
2020-12-23,逆回购,14天,100.0,2021-01-06,4149250.html
2020-12-24,逆回购,7天,10.0,2020-12-31,4151300.html
2020-12-24,逆回购,14天,30.0,2021-01-07,4151300.html
2020-12-25,逆回购,7天,40.0,2021-01-01,4152096.html
2020-12-28,逆回购,7天,20.0,2021-01-04,4153550.html
2020-12-29,逆回购,7天,20.0,2021-01-05,4154926.html
2020-12-30,逆回购,7天,40.0,2021-01-06,4155493.html
2020-12-31,逆回购,7天,90.0,2021-01-07,4155969.html
2021-01-04,逆回购,7天,20.0,2021-01-11,4157082.html
2021-01-05,逆回购,7天,10.0,2021-01-12,4158079.html
2021-01-06,逆回购,7天,10.0,2021-01-13,4158940.html
2021-01-07,逆回购,7天,10.0,2021-01-14,4159316.html
2021-01-08,逆回购,7天,5.0,2021-01-15,4159646.html
2021-01-11,逆回购,7天,5.0,2021-01-18,4160297.html
2021-01-12,逆回购,7天,5.0,2021-01-19,4161180.html
2021-01-13,逆回购,7天,2.0,2021-01-20,4161793.html
2021-01-14,逆回购,7天,2.0,2021-01-21,4162312.html
2021-01-15,中期借贷便利,1年,500.0,2022-01-15,4162651.html
2021-01-15,逆回购,7天,2.0,2021-01-22,4162651.html
2021-01-18,逆回购,7天,2.0,2021-01-25,4163667.html
2021-01-19,逆回购,7天,80.0,2021-01-26,4165019.html
2021-01-20,逆回购,7天,280.0,2021-01-27,4165954.html
2021-01-21,逆回购,7天,250.0,2021-01-28,4166723.html
2021-01-22,逆回购,7天,2.0,2021-01-29,4167372.html
2021-01-25,逆回购,7天,2.0,2021-02-01,4169388.html
2021-01-26,逆回购,7天,2.0,2021-02-02,4171570.html
2021-01-27,逆回购,7天,180.0,2021-02-03,4172983.html
2021-01-28,逆回购,7天,100.0,2021-02-04,4175589.html
2021-01-29,逆回购,7天,100.0,2021-02-05,4179341.html
2021-02-01,逆回购,7天,100.0,2021-02-08,4183967.html
2021-02-02,逆回购,7天,80.0,2021-02-09,4185431.html
2021-02-03,逆回购,7天,100.0,2021-02-10,4186441.html
2021-02-04,逆回购,14天,100.0,2021-02-18,4187221.html
2021-02-05,逆回购,14天,100.0,2021-02-19,4187974.html
2021-02-07,逆回购,14天,50.0,2021-02-21,4188997.html
2021-02-08,逆回购,7天,110.0,2021-02-15,4190190.html
2021-02-09,逆回购,7天,50.0,2021-02-16,4190932.html
2021-02-10,逆回购,7天,20.0,2021-02-17,4191669.html
2021-02-18,中期借贷便利,1年,200.0,2022-02-18,4192149.html
2021-02-18,逆回购,7天,20.0,2021-02-25,4192149.html
2021-02-19,逆回购,7天,20.0,2021-02-26,4192984.html
2021-02-20,逆回购,7天,10.0,2021-02-27,4193587.html
2021-02-22,逆回购,7天,10.0,2021-03-01,4194077.html
2021-02-23,逆回购,7天,10.0,2021-03-02,4195075.html
2021-02-24,逆回购,7天,10.0,2021-03-03,4195959.html
2021-02-25,逆回购,7天,20.0,2021-03-04,4196210.html
2021-02-26,逆回购,7天,20.0,2021-03-05,4196656.html
2021-03-01,逆回购,7天,10.0,2021-03-08,4197414.html
2021-03-02,逆回购,7天,10.0,2021-03-09,4198756.html
2021-03-03,逆回购,7天,10.0,2021-03-10,4199594.html
2021-03-04,逆回购,7天,10.0,2021-03-11,4200117.html
2021-03-05,逆回购,7天,10.0,2021-03-12,4200832.html
2021-03-08,逆回购,7天,10.0,2021-03-15,4201580.html
2021-03-09,逆回购,7天,10.0,2021-03-16,4202414.html
2021-03-10,逆回购,7天,10.0,2021-03-17,4203275.html
2021-03-11,逆回购,7天,10.0,2021-03-18,4203800.html
2021-03-12,逆回购,7天,10.0,2021-03-19,4204355.html
2021-03-15,中期借贷便利,1年,100.0,2022-03-15,4205070.html
2021-03-15,逆回购,7天,10.0,2021-03-22,4205070.html
2021-03-16,逆回购,7天,10.0,2021-03-23,4205861.html
2021-03-17,逆回购,7天,10.0,2021-03-24,4206881.html
2021-03-18,逆回购,7天,10.0,2021-03-25,4207473.html
2021-03-19,逆回购,7天,10.0,2021-03-26,4210752.html
2021-03-22,逆回购,7天,10.0,2021-03-29,4211276.html
2021-03-23,逆回购,7天,10.0,2021-03-30,4212321.html
2021-03-24,逆回购,7天,10.0,2021-03-31,4213314.html
2021-03-25,逆回购,7天,10.0,2021-04-01,4213835.html
2021-03-26,逆回购,7天,10.0,2021-04-02,4214404.html
2021-03-29,逆回购,7天,10.0,2021-04-05,4215514.html
2021-03-30,逆回购,7天,10.0,2021-04-06,4217673.html
2021-03-31,逆回购,7天,10.0,2021-04-07,4219730.html
2021-04-01,逆回购,7天,10.0,2021-04-08,4221714.html
2021-04-02,逆回购,7天,10.0,2021-04-09,4222659.html
2021-04-06,逆回购,7天,10.0,2021-04-13,4223388.html
2021-04-07,逆回购,7天,10.0,2021-04-14,4224943.html
2021-04-08,逆回购,7天,10.0,2021-04-15,4226077.html
2021-04-09,逆回购,7天,10.0,2021-04-16,4227224.html
2021-04-12,逆回购,7天,10.0,2021-04-19,4228627.html
2021-04-13,逆回购,7天,10.0,2021-04-20,4229949.html
2021-04-14,逆回购,7天,10.0,2021-04-21,4230900.html
2021-04-15,中期借贷便利,1年,150.0,2022-04-15,4231369.html
2021-04-15,逆回购,7天,10.0,2021-04-22,4231369.html
2021-04-16,逆回购,7天,10.0,2021-04-23,4232151.html
2021-04-19,逆回购,7天,10.0,2021-04-26,4233453.html
2021-04-20,逆回购,7天,10.0,2021-04-27,4235026.html
2021-04-21,逆回购,7天,10.0,2021-04-28,4236153.html
2021-04-22,逆回购,7天,10.0,2021-04-29,4236567.html
2021-04-23,逆回购,7天,10.0,2021-04-30,4237061.html
2021-04-25,逆回购,7天,10.0,2021-05-02,4237637.html
2021-04-26,逆回购,7天,10.0,2021-05-03,4238233.html
2021-04-27,逆回购,7天,10.0,2021-05-04,4239352.html
2021-04-28,逆回购,7天,10.0,2021-05-05,4239978.html
2021-04-29,逆回购,7天,10.0,2021-05-06,4240747.html
2021-04-30,逆回购,7天,10.0,2021-05-07,4241295.html
2021-05-06,逆回购,7天,10.0,2021-05-13,4242370.html
2021-05-07,逆回购,7天,10.0,2021-05-14,4243459.html
2021-05-08,逆回购,7天,10.0,2021-05-15,4244196.html
2021-05-10,逆回购,7天,10.0,2021-05-17,4244793.html
2021-05-11,逆回购,7天,10.0,2021-05-18,4245812.html
2021-05-12,逆回购,7天,10.0,2021-05-19,4246795.html
2021-05-13,逆回购,7天,10.0,2021-05-20,4247092.html
2021-05-14,逆回购,7天,10.0,2021-05-21,4247569.html
2021-05-17,中期借贷便利,1年,100.0,2022-05-17,4248466.html
2021-05-17,逆回购,7天,10.0,2021-05-24,4248466.html
2021-05-18,逆回购,7天,10.0,2021-05-25,4249938.html
2021-05-19,逆回购,7天,10.0,2021-05-26,4250841.html
2021-05-20,逆回购,7天,10.0,2021-05-27,4251867.html
2021-05-21,逆回购,7天,10.0,2021-05-28,4252369.html
2021-05-24,逆回购,7天,10.0,2021-05-31,4253177.html
2021-05-25,逆回购,7天,10.0,2021-06-01,4254444.html
2021-05-26,逆回购,7天,10.0,2021-06-02,4255540.html
2021-05-27,逆回购,7天,10.0,2021-06-03,4255853.html
2021-05-28,逆回购,7天,10.0,2021-06-04,4256227.html
2021-05-31,逆回购,7天,10.0,2021-06-07,4257141.html
2021-06-01,逆回购,7天,10.0,2021-06-08,4258935.html
2021-06-02,逆回购,7天,10.0,2021-06-09,4260103.html
2021-06-03,逆回购,7天,10.0,2021-06-10,4260976.html
2021-06-04,逆回购,7天,10.0,2021-06-11,4261642.html
2021-06-07,逆回购,7天,10.0,2021-06-14,4262671.html
2021-06-08,逆回购,7天,10.0,2021-06-15,4263759.html
2021-06-09,逆回购,7天,10.0,2021-06-16,4265249.html
2021-06-10,逆回购,7天,10.0,2021-06-17,4265790.html
2021-06-11,逆回购,7天,10.0,2021-06-18,4266564.html
2021-06-15,中期借贷便利,1年,200.0,2022-06-15,4267821.html
2021-06-15,逆回购,7天,10.0,2021-06-22,4267821.html
2021-06-16,逆回购,7天,10.0,2021-06-23,4269500.html
2021-06-17,逆回购,7天,10.0,2021-06-24,4270819.html
2021-06-18,逆回购,7天,10.0,2021-06-25,4271489.html
2021-06-21,逆回购,7天,10.0,2021-06-28,4272759.html
2021-06-22,逆回购,7天,10.0,2021-06-29,4273668.html
2021-06-23,逆回购,7天,10.0,2021-06-30,4274901.html
2021-06-24,逆回购,7天,30.0,2021-07-01,4275402.html
2021-06-25,逆回购,7天,30.0,2021-07-02,4276053.html
2021-06-28,逆回购,7天,30.0,2021-07-05,4277274.html
2021-06-29,逆回购,7天,30.0,2021-07-06,4278355.html
2021-06-30,逆回购,7天,30.0,2021-07-07,4279587.html
2021-07-01,逆回购,7天,10.0,2021-07-08,4280525.html
2021-07-02,逆回购,7天,10.0,2021-07-09,4281157.html
2021-07-05,逆回购,7天,10.0,2021-07-12,4282411.html
2021-07-06,逆回购,7天,10.0,2021-07-13,4283880.html
2021-07-07,逆回购,7天,10.0,2021-07-14,4285678.html
2021-07-08,逆回购,7天,10.0,2021-07-15,4286302.html
2021-07-09,逆回购,7天,10.0,2021-07-16,4287004.html
2021-07-12,逆回购,7天,10.0,2021-07-19,4287991.html
2021-07-13,逆回购,7天,10.0,2021-07-20,4289223.html
2021-07-14,逆回购,7天,10.0,2021-07-21,4290530.html
2021-07-15,中期借贷便利,1年,100.0,2022-07-15,4291791.html
2021-07-15,逆回购,7天,10.0,2021-07-22,4291791.html
2021-07-16,逆回购,7天,10.0,2021-07-23,4293023.html
2021-07-19,逆回购,7天,10.0,2021-07-26,4294364.html
2021-07-20,逆回购,7天,10.0,2021-07-27,4295585.html
2021-07-21,逆回购,7天,10.0,2021-07-28,4298206.html
2021-07-22,逆回购,7天,10.0,2021-07-29,4299774.html
2021-07-23,逆回购,7天,10.0,2021-07-30,4300872.html
2021-07-26,逆回购,7天,10.0,2021-08-02,4302040.html
2021-07-27,逆回购,7天,10.0,2021-08-03,4303328.html
2021-07-28,逆回购,7天,10.0,2021-08-04,4304509.html
2021-07-29,逆回购,7天,30.0,2021-08-05,4305806.html
2021-07-30,逆回购,7天,30.0,2021-08-06,4306440.html
2021-08-02,逆回购,7天,10.0,2021-08-09,4307724.html
2021-08-03,逆回购,7天,10.0,2021-08-10,4308939.html
2021-08-04,逆回购,7天,10.0,2021-08-11,4310194.html
2021-08-05,逆回购,7天,10.0,2021-08-12,4310545.html
2021-08-06,逆回购,7天,10.0,2021-08-13,4311042.html
2021-08-09,逆回购,7天,10.0,2021-08-16,4311729.html
2021-08-10,逆回购,7天,10.0,2021-08-17,4313009.html
2021-08-11,逆回购,7天,10.0,2021-08-18,4314230.html
2021-08-12,逆回购,7天,10.0,2021-08-19,4315079.html
2021-08-13,逆回购,7天,10.0,2021-08-20,4315919.html
2021-08-16,中期借贷便利,1年,600.0,2022-08-16,4316710.html
2021-08-16,逆回购,7天,10.0,2021-08-23,4316710.html
2021-08-17,逆回购,7天,10.0,2021-08-24,4317864.html
2021-08-18,逆回购,7天,10.0,2021-08-25,4318519.html
2021-08-19,逆回购,7天,10.0,2021-08-26,4320160.html
2021-08-20,逆回购,7天,10.0,2021-08-27,4321472.html
2021-08-23,逆回购,7天,10.0,2021-08-30,4322423.html
2021-08-24,逆回购,7天,10.0,2021-08-31,4323669.html
2021-08-25,逆回购,7天,50.0,2021-09-01,4325049.html
2021-08-26,逆回购,7天,50.0,2021-09-02,4325518.html
2021-08-27,逆回购,7天,50.0,2021-09-03,4326048.html
2021-08-30,逆回购,7天,50.0,2021-09-06,4326960.html
2021-08-31,逆回购,7天,50.0,2021-09-07,4327969.html
2021-09-01,逆回购,7天,10.0,2021-09-08,4329165.html
2021-09-02,逆回购,7天,10.0,2021-09-09,4330848.html
2021-09-03,逆回购,7天,10.0,2021-09-10,4332327.html
2021-09-06,逆回购,7天,10.0,2021-09-13,4333295.html
2021-09-07,逆回购,7天,10.0,2021-09-14,4334682.html
2021-09-08,逆回购,7天,10.0,2021-09-15,4335612.html
2021-09-09,逆回购,7天,10.0,2021-09-16,4336337.html
2021-09-10,逆回购,7天,10.0,2021-09-17,4337404.html
2021-09-13,逆回购,7天,10.0,2021-09-20,4338512.html
2021-09-14,逆回购,7天,10.0,2021-09-21,4340363.html
2021-09-15,中期借贷便利,1年,600.0,2022-09-15,4341215.html
2021-09-15,逆回购,7天,10.0,2021-09-22,4341215.html
2021-09-16,逆回购,7天,10.0,2021-09-23,4341920.html
2021-09-17,逆回购,7天,50.0,2021-09-24,4343011.html
2021-09-17,逆回购,14天,50.0,2021-10-01,4343011.html
2021-09-18,逆回购,7天,50.0,2021-09-25,4344405.html
2021-09-18,逆回购,14天,50.0,2021-10-02,4344405.html
2021-09-22,逆回购,7天,60.0,2021-09-29,4345617.html
2021-09-22,逆回购,14天,60.0,2021-10-06,4345617.html
2021-09-23,逆回购,7天,60.0,2021-09-30,4346837.html
2021-09-23,逆回购,14天,60.0,2021-10-07,4346837.html
2021-09-24,逆回购,14天,120.0,2021-10-08,4348019.html
2021-09-26,逆回购,14天,100.0,2021-10-10,4349068.html
2021-09-27,逆回购,14天,100.0,2021-10-11,4350251.html
2021-09-28,逆回购,14天,100.0,2021-10-12,4351514.html
2021-09-29,逆回购,14天,100.0,2021-10-13,4352425.html
2021-09-30,逆回购,14天,100.0,2021-10-14,4353056.html
2021-10-08,逆回购,7天,10.0,2021-10-15,4354762.html
2021-10-09,逆回购,7天,10.0,2021-10-16,4355744.html
2021-10-11,逆回购,7天,10.0,2021-10-18,4357221.html
2021-10-12,逆回购,7天,10.0,2021-10-19,4358466.html
2021-10-13,逆回购,7天,10.0,2021-10-20,4359280.html
2021-10-14,逆回购,7天,10.0,2021-10-21,4360057.html
2021-10-15,中期借贷便利,1年,500.0,2022-10-15,4360868.html
2021-10-15,逆回购,7天,10.0,2021-10-22,4360868.html
2021-10-18,逆回购,7天,10.0,2021-10-25,4361835.html
2021-10-19,逆回购,7天,10.0,2021-10-26,4362884.html
2021-10-20,逆回购,7天,100.0,2021-10-27,4364110.html
2021-10-21,逆回购,7天,100.0,2021-10-28,4364747.html
2021-10-22,逆回购,7天,100.0,2021-10-29,4365788.html
2021-10-25,逆回购,7天,200.0,2021-11-01,4368511.html
2021-10-26,逆回购,7天,200.0,2021-11-02,4370335.html
2021-10-27,逆回购,7天,200.0,2021-11-03,4371494.html
2021-10-28,逆回购,7天,200.0,2021-11-04,4372149.html
2021-10-29,逆回购,7天,200.0,2021-11-05,4372956.html
2021-11-01,逆回购,7天,10.0,2021-11-08,4374564.html
2021-11-02,逆回购,7天,10.0,2021-11-09,4375652.html
2021-11-03,逆回购,7天,50.0,2021-11-10,4377147.html
2021-11-04,逆回购,7天,50.0,2021-11-11,4378459.html
2021-11-05,逆回购,7天,100.0,2021-11-12,4380459.html
2021-11-08,逆回购,7天,100.0,2021-11-15,4382365.html
2021-11-09,逆回购,7天,100.0,2021-11-16,4384245.html
2021-11-10,逆回购,7天,100.0,2021-11-17,4385451.html
2021-11-11,逆回购,7天,100.0,2021-11-18,4386118.html
2021-11-12,逆回购,7天,100.0,2021-11-19,4386857.html
2021-11-15,中期借贷便利,1年,1000.0,2022-11-15,4388584.html
2021-11-15,逆回购,7天,10.0,2021-11-22,4388584.html
2021-11-16,逆回购,7天,50.0,2021-11-23,4390127.html
2021-11-17,逆回购,7天,50.0,2021-11-24,4391213.html
2021-11-18,逆回购,7天,50.0,2021-11-25,4391755.html
2021-11-19,逆回购,7天,50.0,2021-11-26,4392360.html
2021-11-22,逆回购,7天,50.0,2021-11-29,4393925.html
2021-11-23,逆回购,7天,50.0,2021-11-30,4395469.html
2021-11-24,逆回购,7天,100.0,2021-12-01,4396866.html
2021-11-25,逆回购,7天,100.0,2021-12-02,4397365.html
2021-11-26,逆回购,7天,100.0,2021-12-03,4400225.html
2021-11-29,逆回购,7天,100.0,2021-12-06,4401587.html
2021-11-30,逆回购,7天,100.0,2021-12-07,4403046.html
2021-12-01,逆回购,7天,10.0,2021-12-08,4404370.html
2021-12-02,逆回购,7天,10.0,2021-12-09,4404761.html
2021-12-03,逆回购,7天,10.0,2021-12-10,4405396.html
2021-12-06,逆回购,7天,10.0,2021-12-13,4407105.html
2021-12-07,逆回购,7天,10.0,2021-12-14,4408518.html
2021-12-08,逆回购,7天,10.0,2021-12-15,4409636.html
2021-12-09,逆回购,7天,10.0,2021-12-16,4410315.html
2021-12-10,逆回购,7天,10.0,2021-12-17,4410978.html
2021-12-13,逆回购,7天,10.0,2021-12-20,4412399.html
2021-12-14,逆回购,7天,10.0,2021-12-21,4413898.html
2021-12-15,中期借贷便利,1年,500.0,2022-12-15,4415315.html
2021-12-15,逆回购,7天,10.0,2021-12-22,4415315.html
2021-12-16,逆回购,7天,10.0,2021-12-23,4416077.html
2021-12-17,逆回购,7天,10.0,2021-12-24,4417917.html
2021-12-20,逆回购,7天,10.0,2021-12-27,4419217.html
2021-12-20,逆回购,14天,10.0,2022-01-03,4419217.html
2021-12-21,逆回购,7天,10.0,2021-12-28,4423284.html
2021-12-21,逆回购,14天,10.0,2022-01-04,4423284.html
2021-12-22,逆回购,7天,10.0,2021-12-29,4425991.html
2021-12-22,逆回购,14天,10.0,2022-01-05,4425991.html
2021-12-23,逆回购,7天,10.0,2021-12-30,4427822.html
2021-12-23,逆回购,14天,10.0,2022-01-06,4427822.html
2021-12-24,逆回购,7天,10.0,2021-12-31,4429223.html
2021-12-24,逆回购,14天,10.0,2022-01-07,4429223.html
2021-12-27,逆回购,7天,50.0,2022-01-03,4430543.html
2021-12-28,逆回购,7天,200.0,2022-01-04,4433055.html
2021-12-29,逆回购,7天,200.0,2022-01-05,4434935.html
2021-12-30,逆回购,7天,100.0,2022-01-06,4435591.html
2021-12-31,逆回购,7天,100.0,2022-01-07,4436272.html
2022-01-04,逆回购,7天,10.0,2022-01-11,4438056.html
2022-01-05,逆回购,7天,10.0,2022-01-12,4439695.html
2022-01-06,逆回购,7天,10.0,2022-01-13,4440462.html
2022-01-07,逆回购,7天,10.0,2022-01-14,4441421.html
2022-01-10,逆回购,7天,10.0,2022-01-17,4442453.html
2022-01-11,逆回购,7天,10.0,2022-01-18,4444459.html
2022-01-12,逆回购,7天,10.0,2022-01-19,4445642.html
2022-01-13,逆回购,7天,10.0,2022-01-20,4446161.html
2022-01-14,逆回购,7天,10.0,2022-01-21,4446991.html
2022-01-17,中期借贷便利,1年,700.0,2023-01-17,4448049.html
2022-01-17,逆回购,7天,100.0,2022-01-24,4448049.html
2022-01-18,逆回购,7天,100.0,2022-01-25,4450441.html
2022-01-19,逆回购,7天,100.0,2022-01-26,4452087.html
2022-01-20,逆回购,7天,100.0,2022-01-27,4453245.html
2022-01-21,逆回购,7天,100.0,2022-01-28,4454436.html
2022-01-24,逆回购,14天,150.0,2022-02-07,4456322.html
2022-01-25,逆回购,14天,150.0,2022-02-08,4457710.html
2022-01-26,逆回购,14天,200.0,2022-02-09,4458992.html
2022-01-27,逆回购,14天,200.0,2022-02-10,4460521.html
2022-01-28,逆回购,14天,200.0,2022-02-11,4461450.html
2022-01-29,逆回购,14天,100.0,2022-02-12,4462381.html
2022-01-30,逆回购,14天,100.0,2022-02-13,4463843.html
2022-02-07,逆回购,7天,20.0,2022-02-14,4464490.html
2022-02-08,逆回购,7天,20.0,2022-02-15,4465818.html
2022-02-09,逆回购,7天,20.0,2022-02-16,4467157.html
2022-02-10,逆回购,7天,20.0,2022-02-17,4468220.html
2022-02-11,逆回购,7天,20.0,2022-02-18,4468995.html
2022-02-14,逆回购,7天,10.0,2022-02-21,4469830.html
2022-02-15,中期借贷便利,1年,300.0,2023-02-15,4471433.html
2022-02-15,逆回购,7天,10.0,2022-02-22,4471433.html
2022-02-16,逆回购,7天,10.0,2022-02-23,4472323.html
2022-02-17,逆回购,7天,10.0,2022-02-24,4473199.html
2022-02-18,逆回购,7天,10.0,2022-02-25,4474204.html
2022-02-21,逆回购,7天,10.0,2022-02-28,4475383.html
2022-02-22,逆回购,7天,100.0,2022-03-01,4477376.html
2022-02-23,逆回购,7天,200.0,2022-03-02,4478210.html
2022-02-24,逆回购,7天,200.0,2022-03-03,4480479.html
2022-02-25,逆回购,7天,300.0,2022-03-04,4483868.html
2022-02-28,逆回购,7天,300.0,2022-03-07,4487374.html
2022-03-01,逆回购,7天,50.0,2022-03-08,4495121.html
2022-03-02,逆回购,7天,10.0,2022-03-09,4498739.html
2022-03-03,逆回购,7天,10.0,2022-03-10,4499456.html
2022-03-04,逆回购,7天,10.0,2022-03-11,4500115.html
2022-03-07,逆回购,7天,10.0,2022-03-14,4500816.html
2022-03-08,逆回购,7天,10.0,2022-03-15,4502221.html
2022-03-09,逆回购,7天,10.0,2022-03-16,4504003.html
2022-03-10,逆回购,7天,10.0,2022-03-17,4504839.html
2022-03-11,逆回购,7天,10.0,2022-03-18,4505486.html
2022-03-14,逆回购,7天,10.0,2022-03-21,4506540.html
2022-03-15,中期借贷便利,1年,200.0,2023-03-15,4507984.html
2022-03-15,逆回购,7天,10.0,2022-03-22,4507984.html
2022-03-16,逆回购,7天,10.0,2022-03-23,4509352.html
2022-03-17,逆回购,7天,80.0,2022-03-24,4510125.html
2022-03-18,逆回购,7天,30.0,2022-03-25,4510827.html
2022-03-21,逆回购,7天,30.0,2022-03-28,4511716.html
2022-03-22,逆回购,7天,20.0,2022-03-29,4513026.html
2022-03-23,逆回购,7天,20.0,2022-03-30,4513918.html
2022-03-24,逆回购,7天,20.0,2022-03-31,4514795.html
2022-03-25,逆回购,7天,100.0,2022-04-01,4515537.html
2022-03-28,逆回购,7天,150.0,2022-04-04,4516468.html
2022-03-29,逆回购,7天,150.0,2022-04-05,4518370.html
2022-03-30,逆回购,7天,150.0,2022-04-06,4519534.html
2022-03-31,逆回购,7天,150.0,2022-04-07,4520544.html
2022-04-01,逆回购,7天,10.0,2022-04-08,4522578.html
2022-04-02,逆回购,7天,10.0,2022-04-09,4523659.html
2022-04-06,逆回购,7天,10.0,2022-04-13,4524727.html
2022-04-07,逆回购,7天,10.0,2022-04-14,4525837.html
2022-04-08,逆回购,7天,10.0,2022-04-15,4526853.html
2022-04-11,逆回购,7天,10.0,2022-04-18,4527750.html
2022-04-12,逆回购,7天,20.0,2022-04-19,4529027.html
2022-04-13,逆回购,7天,10.0,2022-04-20,4529977.html
2022-04-14,逆回购,7天,10.0,2022-04-21,4530561.html
2022-04-15,中期借贷便利,1年,150.0,2023-04-15,4531190.html
2022-04-15,逆回购,7天,10.0,2022-04-22,4531190.html
2022-04-18,逆回购,7天,10.0,2022-04-25,4532152.html
2022-04-19,逆回购,7天,10.0,2022-04-26,4533605.html
2022-04-20,逆回购,7天,10.0,2022-04-27,4534595.html
2022-04-21,逆回购,7天,10.0,2022-04-28,4535068.html
2022-04-22,逆回购,7天,10.0,2022-04-29,4535595.html
2022-04-24,逆回购,7天,10.0,2022-05-01,4536556.html
2022-04-25,逆回购,7天,10.0,2022-05-02,4537346.html
2022-04-26,逆回购,7天,10.0,2022-05-03,4539029.html
2022-04-27,逆回购,7天,10.0,2022-05-04,4539944.html
2022-04-28,逆回购,7天,10.0,2022-05-05,4540700.html
2022-04-29,逆回购,7天,10.0,2022-05-06,4541698.html
2022-05-05,逆回购,7天,10.0,2022-05-12,4543396.html
2022-05-06,逆回购,7天,10.0,2022-05-13,4544847.html
2022-05-07,逆回购,7天,10.0,2022-05-14,4546003.html
2022-05-09,逆回购,7天,10.0,2022-05-16,4546704.html
2022-05-10,逆回购,7天,10.0,2022-05-17,4547947.html
2022-05-11,逆回购,7天,10.0,2022-05-18,4549106.html
2022-05-12,逆回购,7天,10.0,2022-05-19,4550234.html
2022-05-13,逆回购,7天,10.0,2022-05-20,4551559.html
2022-05-16,中期借贷便利,1年,100.0,2023-05-16,4554442.html
2022-05-16,逆回购,7天,10.0,2022-05-23,4554442.html
2022-05-17,逆回购,7天,10.0,2022-05-24,4556182.html
2022-05-18,逆回购,7天,10.0,2022-05-25,4557120.html
2022-05-19,逆回购,7天,10.0,2022-05-26,4559171.html
2022-05-20,逆回购,7天,10.0,2022-05-27,4559932.html
2022-05-23,逆回购,7天,10.0,2022-05-30,4560917.html
2022-05-24,逆回购,7天,10.0,2022-05-31,4562499.html
2022-05-25,逆回购,7天,10.0,2022-06-01,4563693.html
2022-05-26,逆回购,7天,10.0,2022-06-02,4564165.html
2022-05-27,逆回购,7天,10.0,2022-06-03,4564674.html
2022-05-30,逆回购,7天,10.0,2022-06-06,4565590.html
2022-05-31,逆回购,7天,10.0,2022-06-07,4567018.html
2022-06-01,逆回购,7天,10.0,2022-06-08,4568213.html
2022-06-02,逆回购,7天,10.0,2022-06-09,4568714.html
2022-06-06,逆回购,7天,10.0,2022-06-13,4570142.html
2022-06-07,逆回购,7天,10.0,2022-06-14,4571705.html
2022-06-08,逆回购,7天,10.0,2022-06-15,4572736.html
2022-06-09,逆回购,7天,10.0,2022-06-16,4573269.html
2022-06-10,逆回购,7天,10.0,2022-06-17,4573816.html
2022-06-13,逆回购,7天,10.0,2022-06-20,4575111.html
2022-06-14,逆回购,7天,10.0,2022-06-21,4576495.html
2022-06-15,中期借贷便利,1年,200.0,2023-06-15,4577780.html
2022-06-15,逆回购,7天,10.0,2022-06-22,4577780.html
2022-06-16,逆回购,7天,10.0,2022-06-23,4578429.html
2022-06-17,逆回购,7天,10.0,2022-06-24,4579047.html
2022-06-20,逆回购,7天,10.0,2022-06-27,4580396.html
2022-06-21,逆回购,7天,10.0,2022-06-28,4582313.html
2022-06-22,逆回购,7天,10.0,2022-06-29,4583575.html
2022-06-23,逆回购,7天,10.0,2022-06-30,4585318.html
2022-06-24,逆回购,7天,60.0,2022-07-01,4586239.html
2022-06-27,逆回购,7天,100.0,2022-07-04,4587072.html
2022-06-28,逆回购,7天,110.0,2022-07-05,4588798.html
2022-06-29,逆回购,7天,100.0,2022-07-06,4589926.html
2022-06-30,逆回购,7天,80.0,2022-07-07,4590610.html
2022-07-01,逆回购,7天,10.0,2022-07-08,4591614.html
2022-07-04,逆回购,7天,3.0,2022-07-11,4592642.html
2022-07-05,逆回购,7天,3.0,2022-07-12,4594481.html
2022-07-06,逆回购,7天,3.0,2022-07-13,4596030.html
2022-07-07,逆回购,7天,3.0,2022-07-14,4597350.html
2022-07-08,逆回购,7天,3.0,2022-07-15,4599474.html
2022-07-11,逆回购,7天,3.0,2022-07-18,4601134.html
2022-07-12,逆回购,7天,3.0,2022-07-19,4602473.html
2022-07-13,逆回购,7天,3.0,2022-07-20,4604878.html
2022-07-14,逆回购,7天,3.0,2022-07-21,4606370.html
2022-07-15,中期借贷便利,1年,100.0,2023-07-15,4607032.html
2022-07-15,逆回购,7天,3.0,2022-07-22,4607032.html
2022-07-18,逆回购,7天,12.0,2022-07-25,4608349.html
2022-07-19,逆回购,7天,7.0,2022-07-26,4610173.html
2022-07-20,逆回购,7天,3.0,2022-07-27,4611017.html
2022-07-21,逆回购,7天,3.0,2022-07-28,4611826.html
2022-07-22,逆回购,7天,3.0,2022-07-29,4612782.html
2022-07-25,逆回购,7天,5.0,2022-08-01,4613294.html
2022-07-26,逆回购,7天,5.0,2022-08-02,4614700.html
2022-07-27,逆回购,7天,2.0,2022-08-03,4615971.html
2022-07-28,逆回购,7天,2.0,2022-08-04,4616558.html
2022-07-29,逆回购,7天,2.0,2022-08-05,4617632.html
2022-08-01,逆回购,7天,2.0,2022-08-08,4618935.html
2022-08-02,逆回购,7天,2.0,2022-08-09,4620621.html
2022-08-03,逆回购,7天,2.0,2022-08-10,4621684.html
2022-08-04,逆回购,7天,2.0,2022-08-11,4622858.html
2022-08-05,逆回购,7天,2.0,2022-08-12,4623950.html
2022-08-08,逆回购,7天,2.0,2022-08-15,4625249.html
2022-08-09,逆回购,7天,2.0,2022-08-16,4627121.html
2022-08-10,逆回购,7天,2.0,2022-08-17,4628074.html
2022-08-11,逆回购,7天,2.0,2022-08-18,4628888.html
2022-08-12,逆回购,7天,2.0,2022-08-19,4629537.html
2022-08-15,中期借贷便利,1年,400.0,2023-08-15,4630885.html
2022-08-15,逆回购,7天,2.0,2022-08-22,4630885.html
2022-08-16,逆回购,7天,2.0,2022-08-23,4632548.html
2022-08-17,逆回购,7天,2.0,2022-08-24,4633431.html
2022-08-18,逆回购,7天,2.0,2022-08-25,4634566.html
2022-08-19,逆回购,7天,2.0,2022-08-26,4635691.html
2022-08-22,逆回购,7天,2.0,2022-08-29,4637054.html
2022-08-23,逆回购,7天,2.0,2022-08-30,4638673.html
2022-08-24,逆回购,7天,2.0,2022-08-31,4639893.html
2022-08-25,逆回购,7天,2.0,2022-09-01,4641103.html
2022-08-26,逆回购,7天,2.0,2022-09-02,4642640.html
2022-08-29,逆回购,7天,2.0,2022-09-05,4643830.html
2022-08-30,逆回购,7天,2.0,2022-09-06,4645564.html
2022-08-31,逆回购,7天,2.0,2022-09-07,4647040.html
2022-09-01,逆回购,7天,2.0,2022-09-08,4647904.html
2022-09-02,逆回购,7天,2.0,2022-09-09,4649428.html
2022-09-05,逆回购,7天,2.0,2022-09-12,4650047.html
2022-09-06,逆回购,7天,2.0,2022-09-13,4651203.html
2022-09-07,逆回购,7天,2.0,2022-09-14,4652856.html
2022-09-08,逆回购,7天,2.0,2022-09-15,4653357.html
2022-09-09,逆回购,7天,2.0,2022-09-16,4654117.html
2022-09-13,逆回购,7天,2.0,2022-09-20,4655532.html
2022-09-14,逆回购,7天,2.0,2022-09-21,4656421.html
2022-09-15,中期借贷便利,1年,400.0,2023-09-15,4657877.html
2022-09-15,逆回购,7天,2.0,2022-09-22,4657877.html
2022-09-16,逆回购,7天,2.0,2022-09-23,4658775.html
2022-09-19,逆回购,7天,2.0,2022-09-26,4660057.html
2022-09-19,逆回购,14天,10.0,2022-10-03,4660057.html
2022-09-20,逆回购,7天,2.0,2022-09-27,4661807.html
2022-09-20,逆回购,14天,24.0,2022-10-04,4661807.html
2022-09-21,逆回购,7天,2.0,2022-09-28,4663468.html
2022-09-21,逆回购,14天,19.0,2022-10-05,4663468.html
2022-09-22,逆回购,7天,2.0,2022-09-29,4664288.html
2022-09-22,逆回购,14天,16.0,2022-10-06,4664288.html
2022-09-23,逆回购,7天,2.0,2022-09-30,4665112.html
2022-09-23,逆回购,14天,21.0,2022-10-07,4665112.html
2022-09-26,逆回购,7天,42.0,2022-10-03,4666327.html
2022-09-26,逆回购,14天,93.0,2022-10-10,4666327.html
2022-09-27,逆回购,7天,113.0,2022-10-04,4668239.html
2022-09-27,逆回购,14天,62.0,2022-10-11,4668239.html
2022-09-28,逆回购,7天,133.0,2022-10-05,4670180.html
2022-09-28,逆回购,14天,67.0,2022-10-12,4670180.html
2022-09-29,逆回购,7天,105.0,2022-10-06,4671110.html
2022-09-29,逆回购,14天,77.0,2022-10-13,4671110.html
2022-09-30,逆回购,7天,128.0,2022-10-07,4671952.html
2022-09-30,逆回购,14天,58.0,2022-10-14,4671952.html
2022-10-08,逆回购,7天,17.0,2022-10-15,4673654.html
2022-10-09,逆回购,7天,2.0,2022-10-16,4675267.html
2022-10-10,逆回购,7天,2.0,2022-10-17,4676200.html
2022-10-11,逆回购,7天,2.0,2022-10-18,4677510.html
2022-10-12,逆回购,7天,2.0,2022-10-19,4679621.html
2022-10-13,逆回购,7天,2.0,2022-10-20,4680421.html
2022-10-14,逆回购,7天,2.0,2022-10-21,4681485.html
2022-10-17,中期借贷便利,1年,500.0,2023-10-17,4682963.html
2022-10-17,逆回购,7天,2.0,2022-10-24,4682963.html
2022-10-18,逆回购,7天,2.0,2022-10-25,4684217.html
2022-10-19,逆回购,7天,2.0,2022-10-26,4685151.html
2022-10-20,逆回购,7天,2.0,2022-10-27,4686169.html
2022-10-21,逆回购,7天,2.0,2022-10-28,4686738.html
2022-10-24,逆回购,7天,10.0,2022-10-31,4687512.html
2022-10-25,逆回购,7天,230.0,2022-11-01,4689462.html
2022-10-26,逆回购,7天,280.0,2022-11-02,4690708.html
2022-10-27,逆回购,7天,240.0,2022-11-03,4691753.html
2022-10-28,逆回购,7天,90.0,2022-11-04,4692578.html
2022-10-31,逆回购,7天,70.0,2022-11-07,4693984.html
2022-11-01,逆回购,7天,15.0,2022-11-08,4696634.html
2022-11-02,逆回购,7天,18.0,2022-11-09,4699207.html
2022-11-03,逆回购,7天,7.0,2022-11-10,4700547.html
2022-11-04,逆回购,7天,3.0,2022-11-11,4701283.html
2022-11-07,逆回购,7天,2.0,2022-11-14,4702832.html
2022-11-08,逆回购,7天,2.0,2022-11-15,4705166.html
2022-11-09,逆回购,7天,8.0,2022-11-16,4706124.html
2022-11-10,逆回购,7天,9.0,2022-11-17,4707585.html
2022-11-11,逆回购,7天,12.0,2022-11-18,4708605.html
2022-11-14,逆回购,7天,5.0,2022-11-21,4709847.html
2022-11-15,中期借贷便利,1年,850.0,2023-11-15,4711940.html
2022-11-15,逆回购,7天,172.0,2022-11-22,4711940.html
2022-11-16,逆回购,7天,71.0,2022-11-23,4713165.html
2022-11-17,逆回购,7天,132.0,2022-11-24,4714223.html
2022-11-18,逆回购,7天,21.0,2022-11-25,4715129.html
2022-11-21,逆回购,7天,3.0,2022-11-28,4716453.html
2022-11-22,逆回购,7天,2.0,2022-11-29,4717926.html
2022-11-23,逆回购,7天,2.0,2022-11-30,4719323.html
2022-11-24,逆回购,7天,8.0,2022-12-01,4720082.html
2022-11-25,逆回购,7天,8.0,2022-12-02,4721087.html
2022-11-28,逆回购,7天,55.0,2022-12-05,4722163.html
2022-11-29,逆回购,7天,80.0,2022-12-06,4723567.html
2022-11-30,逆回购,7天,170.0,2022-12-07,4724705.html
2022-12-01,逆回购,7天,10.0,2022-12-08,4725988.html
2022-12-02,逆回购,7天,2.0,2022-12-09,4726784.html
2022-12-05,逆回购,7天,2.0,2022-12-12,4727939.html
2022-12-06,逆回购,7天,2.0,2022-12-13,4729628.html
2022-12-07,逆回购,7天,2.0,2022-12-14,4730557.html
2022-12-08,逆回购,7天,2.0,2022-12-15,4731477.html
2022-12-09,逆回购,7天,2.0,2022-12-16,4732586.html
2022-12-12,逆回购,7天,2.0,2022-12-19,4733659.html
2022-12-13,逆回购,7天,2.0,2022-12-20,4735155.html
2022-12-14,逆回购,7天,2.0,2022-12-21,4736254.html
2022-12-15,中期借贷便利,1年,650.0,2023-12-15,4737112.html
2022-12-15,逆回购,7天,2.0,2022-12-22,4737112.html
2022-12-16,逆回购,7天,41.0,2022-12-23,4738438.html
2022-12-19,逆回购,7天,9.0,2022-12-26,4739303.html
2022-12-19,逆回购,14天,76.0,2023-01-02,4739303.html
2022-12-20,逆回购,7天,5.0,2022-12-27,4740586.html
2022-12-20,逆回购,14天,141.0,2023-01-03,4740586.html
2022-12-21,逆回购,7天,19.0,2022-12-28,4741961.html
2022-12-21,逆回购,14天,141.0,2023-01-04,4741961.html
2022-12-22,逆回购,7天,4.0,2022-12-29,4742898.html
2022-12-22,逆回购,14天,153.0,2023-01-05,4742898.html
2022-12-23,逆回购,7天,2.0,2022-12-30,4743719.html
2022-12-23,逆回购,14天,203.0,2023-01-06,4743719.html
2022-12-26,逆回购,7天,173.0,2023-01-02,4744913.html
2022-12-26,逆回购,14天,43.0,2023-01-09,4744913.html
2022-12-27,逆回购,7天,194.0,2023-01-03,4746373.html
2022-12-27,逆回购,14天,14.0,2023-01-10,4746373.html
2022-12-28,逆回购,7天,189.0,2023-01-04,4747822.html
2022-12-28,逆回购,14天,13.0,2023-01-11,4747822.html
2022-12-29,逆回购,7天,205.0,2023-01-05,4749100.html
2022-12-30,逆回购,7天,183.0,2023-01-06,4750291.html
2023-01-03,逆回购,7天,50.0,2023-01-10,4752390.html
2023-01-04,逆回购,7天,3.0,2023-01-11,4754547.html
2023-01-05,逆回购,7天,2.0,2023-01-12,4755752.html
2023-01-06,逆回购,7天,2.0,2023-01-13,4756777.html
2023-01-09,逆回购,7天,2.0,2023-01-16,4758281.html
2023-01-10,逆回购,7天,2.0,2023-01-17,4760029.html
2023-01-11,逆回购,7天,65.0,2023-01-18,4761404.html
2023-01-11,逆回购,14天,22.0,2023-01-25,4761404.html
2023-01-12,逆回购,7天,65.0,2023-01-19,4765048.html
2023-01-12,逆回购,14天,52.0,2023-01-26,4765048.html
2023-01-13,逆回购,7天,55.0,2023-01-20,4766579.html
2023-01-13,逆回购,14天,77.0,2023-01-27,4766579.html
2023-01-16,中期借贷便利,1年,779.0,2024-01-16,4770394.html
2023-01-16,逆回购,7天,82.0,2023-01-23,4770394.html
2023-01-16,逆回购,14天,74.0,2023-01-30,4770394.html
2023-01-17,逆回购,7天,205.0,2023-01-24,4772110.html
2023-01-17,逆回购,14天,301.0,2023-01-31,4772110.html
2023-01-18,逆回购,7天,133.0,2023-01-25,4773600.html
2023-01-18,逆回购,14天,447.0,2023-02-01,4773600.html
2023-01-19,逆回购,7天,65.0,2023-01-26,4774789.html
2023-01-19,逆回购,14天,467.0,2023-02-02,4774789.html
2023-01-20,逆回购,7天,62.0,2023-01-27,4775198.html
2023-01-20,逆回购,14天,319.0,2023-02-03,4775198.html
2023-01-28,逆回购,7天,222.0,2023-02-04,4776011.html
2023-01-29,逆回购,7天,128.0,2023-02-05,4777341.html
2023-01-30,逆回购,7天,173.0,2023-02-06,4779069.html
2023-01-31,逆回购,7天,471.0,2023-02-07,4780749.html
2023-02-01,逆回购,7天,155.0,2023-02-08,4781629.html
2023-02-02,逆回购,7天,66.0,2023-02-09,4782593.html
2023-02-03,逆回购,7天,23.0,2023-02-10,4783574.html
2023-02-06,逆回购,7天,150.0,2023-02-13,4785067.html
2023-02-07,逆回购,7天,393.0,2023-02-14,4787041.html
2023-02-08,逆回购,7天,641.0,2023-02-15,4787936.html
2023-02-09,逆回购,7天,453.0,2023-02-16,4788835.html
2023-02-10,逆回购,7天,203.0,2023-02-17,4789862.html
2023-02-13,逆回购,7天,46.0,2023-02-20,4791179.html
2023-02-14,逆回购,7天,91.0,2023-02-21,4793002.html
2023-02-15,中期借贷便利,1年,499.0,2024-02-15,4794401.html
2023-02-15,逆回购,7天,203.0,2023-02-22,4794401.html
2023-02-16,逆回购,7天,487.0,2023-02-23,4795266.html
2023-02-17,逆回购,7天,835.0,2023-02-24,4796388.html
2023-02-20,逆回购,7天,270.0,2023-02-27,4797938.html
2023-02-21,逆回购,7天,150.0,2023-02-28,4799663.html
2023-02-22,逆回购,7天,300.0,2023-03-01,4801255.html
2023-02-23,逆回购,7天,300.0,2023-03-02,4802356.html
2023-02-24,逆回购,7天,470.0,2023-03-03,4803207.html
2023-02-27,逆回购,7天,336.0,2023-03-06,4804435.html
2023-02-28,逆回购,7天,481.0,2023-03-07,4805679.html
2023-03-01,逆回购,7天,107.0,2023-03-08,4807437.html
2023-03-02,逆回购,7天,73.0,2023-03-09,4808642.html
2023-03-03,逆回购,7天,18.0,2023-03-10,4809273.html
2023-03-06,逆回购,7天,7.0,2023-03-13,4810631.html
2023-03-07,逆回购,7天,3.0,2023-03-14,4812367.html
2023-03-08,逆回购,7天,4.0,2023-03-15,4813774.html
2023-03-09,逆回购,7天,3.0,2023-03-16,4814738.html
2023-03-10,逆回购,7天,15.0,2023-03-17,4815079.html
2023-03-13,逆回购,7天,41.0,2023-03-20,4816463.html
2023-03-14,逆回购,7天,29.0,2023-03-21,4818214.html
2023-03-15,中期借贷便利,1年,481.0,2024-03-15,4819451.html
2023-03-15,逆回购,7天,104.0,2023-03-22,4819451.html
2023-03-16,逆回购,7天,109.0,2023-03-23,4820319.html
2023-03-17,逆回购,7天,180.0,2023-03-24,4820756.html
2023-03-20,逆回购,7天,30.0,2023-03-27,4822029.html
2023-03-21,逆回购,7天,182.0,2023-03-28,4823769.html
2023-03-22,逆回购,7天,67.0,2023-03-29,4825129.html
2023-03-23,逆回购,7天,64.0,2023-03-30,4827582.html
2023-03-24,逆回购,7天,7.0,2023-03-31,4828482.html
2023-03-27,逆回购,7天,255.0,2023-04-03,4829713.html
2023-03-28,逆回购,7天,278.0,2023-04-04,4832107.html
2023-03-29,逆回购,7天,200.0,2023-04-05,4833456.html
2023-03-30,逆回购,7天,239.0,2023-04-06,4834522.html
2023-03-31,逆回购,7天,189.0,2023-04-07,4835637.html
2023-04-03,逆回购,7天,2.0,2023-04-10,4838976.html
2023-04-04,逆回购,7天,2.0,2023-04-11,4840861.html
2023-04-06,逆回购,7天,8.0,2023-04-13,4842170.html
2023-04-07,逆回购,7天,17.0,2023-04-14,4843604.html
2023-04-10,逆回购,7天,18.0,2023-04-17,4845675.html
2023-04-11,逆回购,7天,5.0,2023-04-18,4847744.html
2023-04-12,逆回购,7天,7.0,2023-04-19,4849126.html
2023-04-13,逆回购,7天,9.0,2023-04-20,4850400.html
2023-04-14,逆回购,7天,15.0,2023-04-21,4851657.html
2023-04-17,中期借贷便利,1年,170.0,2024-04-17,4853953.html
2023-04-17,逆回购,7天,20.0,2023-04-24,4853953.html
2023-04-18,逆回购,7天,38.0,2023-04-25,4855629.html
2023-04-19,逆回购,7天,32.0,2023-04-26,4857094.html
2023-04-20,逆回购,7天,34.0,2023-04-27,4858439.html
2023-04-21,逆回购,7天,88.0,2023-04-28,4859644.html
2023-04-23,逆回购,7天,89.0,2023-04-30,4860617.html
2023-04-24,逆回购,7天,115.0,2023-05-01,4861824.html
2023-04-25,逆回购,7天,170.0,2023-05-02,4863579.html
2023-04-26,逆回购,7天,95.0,2023-05-03,4864818.html
2023-04-27,逆回购,7天,93.0,2023-05-04,4865956.html
2023-04-28,逆回购,7天,165.0,2023-05-05,4867220.html
2023-05-04,逆回购,7天,33.0,2023-05-11,4868941.html
2023-05-05,逆回购,7天,3.0,2023-05-12,4870317.html
2023-05-06,逆回购,7天,2.0,2023-05-13,4871658.html
2023-05-08,逆回购,7天,2.0,2023-05-15,4873123.html
2023-05-09,逆回购,7天,2.0,2023-05-16,4874782.html
2023-05-10,逆回购,7天,2.0,2023-05-17,4876044.html
2023-05-11,逆回购,7天,2.0,2023-05-18,4877072.html
2023-05-12,逆回购,7天,2.0,2023-05-19,4878749.html
2023-05-15,中期借贷便利,1年,125.0,2024-05-15,4881596.html
2023-05-15,逆回购,7天,2.0,2023-05-22,4881596.html
2023-05-16,逆回购,7天,2.0,2023-05-23,4883764.html
2023-05-17,逆回购,7天,2.0,2023-05-24,4885277.html
2023-05-18,逆回购,7天,2.0,2023-05-25,4886824.html
2023-05-19,逆回购,7天,2.0,2023-05-26,4888015.html
2023-05-22,逆回购,7天,2.0,2023-05-29,4889276.html
2023-05-23,逆回购,7天,2.0,2023-05-30,4891392.html
2023-05-24,逆回购,7天,2.0,2023-05-31,4893266.html
2023-05-25,逆回购,7天,7.0,2023-06-01,4899277.html
2023-05-26,逆回购,7天,5.0,2023-06-02,4903237.html
2023-05-29,逆回购,7天,25.0,2023-06-05,4905159.html
2023-05-30,逆回购,7天,37.0,2023-06-06,4909495.html
2023-05-31,逆回购,7天,13.0,2023-06-07,4916762.html
2023-06-01,逆回购,7天,2.0,2023-06-08,4927289.html
2023-06-02,逆回购,7天,2.0,2023-06-09,4932001.html
2023-06-05,逆回购,7天,2.0,2023-06-12,4935231.html
2023-06-06,逆回购,7天,2.0,2023-06-13,4939545.html
2023-06-07,逆回购,7天,2.0,2023-06-14,4944654.html
2023-06-08,逆回购,7天,2.0,2023-06-15,4947084.html
2023-06-09,逆回购,7天,2.0,2023-06-16,4948457.html
2023-06-12,逆回购,7天,2.0,2023-06-19,4951201.html
2023-06-13,逆回购,7天,2.0,2023-06-20,4953019.html
2023-06-14,逆回购,7天,2.0,2023-06-21,4954545.html
2023-06-15,中期借贷便利,1年,237.0,2024-06-15,4957336.html
2023-06-15,逆回购,7天,2.0,2023-06-22,4957336.html
2023-06-16,逆回购,7天,42.0,2023-06-23,4960944.html
2023-06-19,逆回购,7天,89.0,2023-06-26,4963470.html
2023-06-20,逆回购,7天,182.0,2023-06-27,4965566.html
2023-06-21,逆回购,7天,145.0,2023-06-28,4967973.html
2023-06-25,逆回购,7天,196.0,2023-07-02,4969361.html
2023-06-26,逆回购,7天,244.0,2023-07-03,4969853.html
2023-06-27,逆回购,7天,219.0,2023-07-04,4971696.html
2023-06-28,逆回购,7天,214.0,2023-07-05,4973117.html
2023-06-29,逆回购,7天,193.0,2023-07-06,4975319.html
2023-06-30,逆回购,7天,103.0,2023-07-07,4976628.html
2023-07-03,逆回购,7天,5.0,2023-07-10,4979898.html
2023-07-04,逆回购,7天,2.0,2023-07-11,4981950.html
2023-07-05,逆回购,7天,2.0,2023-07-12,4983824.html
2023-07-06,逆回购,7天,2.0,2023-07-13,4984311.html
2023-07-07,逆回购,7天,2.0,2023-07-14,4984679.html
2023-07-10,逆回购,7天,2.0,2023-07-17,4985544.html
2023-07-11,逆回购,7天,2.0,2023-07-18,4987625.html
2023-07-12,逆回购,7天,2.0,2023-07-19,4989168.html
2023-07-13,逆回购,7天,5.0,2023-07-20,4989638.html
2023-07-14,逆回购,7天,20.0,2023-07-21,4990744.html
2023-07-17,中期借贷便利,1年,103.0,2024-07-17,4991507.html
2023-07-17,逆回购,7天,33.0,2023-07-24,4991507.html
2023-07-18,逆回购,7天,15.0,2023-07-25,4993362.html
2023-07-19,逆回购,7天,25.0,2023-07-26,4994073.html
2023-07-20,逆回购,7天,26.0,2023-07-27,4994737.html
2023-07-21,逆回购,7天,13.0,2023-07-28,4995211.html
2023-07-24,逆回购,7天,14.0,2023-07-31,4995644.html
2023-07-25,逆回购,7天,44.0,2023-08-01,4998206.html
2023-07-26,逆回购,7天,104.0,2023-08-02,5000087.html
2023-07-27,逆回购,7天,114.0,2023-08-03,5001430.html
2023-07-28,逆回购,7天,65.0,2023-08-04,5001931.html
2023-07-31,逆回购,7天,31.0,2023-08-07,5003191.html
2023-08-01,逆回购,7天,8.0,2023-08-08,5004606.html
2023-08-02,逆回购,7天,9.0,2023-08-09,5006976.html
2023-08-03,逆回购,7天,3.0,2023-08-10,5008803.html
2023-08-04,逆回购,7天,2.0,2023-08-11,5011036.html
2023-08-07,逆回购,7天,3.0,2023-08-14,5012125.html
2023-08-08,逆回购,7天,6.0,2023-08-15,5014534.html
2023-08-09,逆回购,7天,2.0,2023-08-16,5017388.html
2023-08-10,逆回购,7天,5.0,2023-08-17,5019067.html
2023-08-11,逆回购,7天,2.0,2023-08-18,5020571.html
2023-08-14,逆回购,7天,6.0,2023-08-21,5021908.html
2023-08-15,中期借贷便利,7天,204.0,2023-08-22,5023979.html
2023-08-15,中期借贷便利,1年,401.0,2024-08-15,5023979.html
2023-08-16,逆回购,7天,299.0,2023-08-23,5025964.html
2023-08-17,逆回购,7天,168.0,2023-08-24,5027527.html
2023-08-18,逆回购,7天,98.0,2023-08-25,5029173.html
2023-08-21,逆回购,7天,34.0,2023-08-28,5033459.html
2023-08-22,逆回购,7天,111.0,2023-08-29,5035839.html
2023-08-23,逆回购,7天,301.0,2023-08-30,5037729.html
2023-08-24,逆回购,7天,61.0,2023-08-31,5040035.html
2023-08-25,逆回购,7天,221.0,2023-09-01,5041989.html
2023-08-28,逆回购,7天,332.0,2023-09-04,5043442.html
2023-08-29,逆回购,7天,385.0,2023-09-05,5045659.html
2023-08-30,逆回购,7天,382.0,2023-09-06,5047676.html
2023-08-31,逆回购,7天,209.0,2023-09-07,5048676.html
2023-09-01,逆回购,7天,101.0,2023-09-08,5050320.html
2023-09-04,逆回购,7天,12.0,2023-09-11,5051590.html
2023-09-05,逆回购,7天,14.0,2023-09-12,5052960.html
2023-09-06,逆回购,7天,26.0,2023-09-13,5054531.html
2023-09-07,逆回购,7天,330.0,2023-09-14,5055859.html
2023-09-08,逆回购,7天,363.0,2023-09-15,5058404.html
2023-09-11,逆回购,7天,215.0,2023-09-18,5061365.html
2023-09-12,逆回购,7天,209.0,2023-09-19,5063533.html
2023-09-13,逆回购,7天,65.0,2023-09-20,5064964.html
2023-09-14,逆回购,7天,110.0,2023-09-21,5066542.html
2023-09-15,中期借贷便利,7天,105.0,2023-09-22,5068673.html
2023-09-15,中期借贷便利,14天,34.0,2023-09-29,5068673.html
2023-09-15,中期借贷便利,1年,591.0,2024-09-15,5068673.html
2023-09-18,逆回购,7天,184.0,2023-09-25,5070333.html
2023-09-18,逆回购,14天,60.0,2023-10-02,5070333.html
2023-09-19,逆回购,7天,208.0,2023-09-26,5072250.html
2023-09-19,逆回购,14天,60.0,2023-10-03,5072250.html
2023-09-20,逆回购,7天,205.0,2023-09-27,5073641.html
2023-09-20,逆回购,14天,86.0,2023-10-04,5073641.html
2023-09-21,逆回购,7天,169.0,2023-09-28,5074920.html
2023-09-21,逆回购,14天,82.0,2023-10-05,5074920.html
2023-09-22,逆回购,14天,202.0,2023-10-06,5075871.html
2023-09-25,逆回购,14天,319.0,2023-10-09,5077381.html
2023-09-26,逆回购,14天,378.0,2023-10-10,5079293.html
2023-09-27,逆回购,7天,200.0,2023-10-04,5080799.html
2023-09-27,逆回购,14天,417.0,2023-10-11,5080799.html
2023-09-28,逆回购,7天,101.0,2023-10-05,5082471.html
2023-09-28,逆回购,14天,508.0,2023-10-12,5082471.html
2023-10-07,逆回购,7天,200.0,2023-10-14,5084431.html
2023-10-08,逆回购,7天,20.0,2023-10-15,5087383.html
2023-10-09,逆回购,7天,20.0,2023-10-16,5088693.html
2023-10-10,逆回购,7天,67.0,2023-10-17,5090628.html
2023-10-11,逆回购,7天,102.0,2023-10-18,5091926.html
2023-10-12,逆回购,7天,162.0,2023-10-19,5093096.html
2023-10-13,逆回购,7天,95.0,2023-10-20,5094443.html
2023-10-16,中期借贷便利,7天,106.0,2023-10-23,5096700.html
2023-10-16,中期借贷便利,1年,789.0,2024-10-16,5096700.html
2023-10-17,逆回购,7天,71.0,2023-10-24,5099381.html
2023-10-18,逆回购,7天,105.0,2023-10-25,5102273.html
2023-10-19,逆回购,7天,344.0,2023-10-26,5103456.html
2023-10-20,逆回购,7天,828.0,2023-10-27,5106862.html
2023-10-23,逆回购,7天,808.0,2023-10-30,5108278.html
2023-10-24,逆回购,7天,593.0,2023-10-31,5110032.html
2023-10-25,逆回购,7天,500.0,2023-11-01,5111494.html
2023-10-26,逆回购,7天,424.0,2023-11-02,5112371.html
2023-10-27,逆回购,7天,499.0,2023-11-03,5113580.html
2023-10-30,逆回购,7天,658.0,2023-11-06,5114994.html
2023-10-31,逆回购,7天,612.0,2023-11-07,5116831.html
2023-11-01,逆回购,7天,391.0,2023-11-08,5118511.html
2023-11-02,逆回购,7天,194.0,2023-11-09,5119970.html
2023-11-03,逆回购,7天,43.0,2023-11-10,5121107.html
2023-11-06,逆回购,7天,18.0,2023-11-13,5122524.html
2023-11-07,逆回购,7天,353.0,2023-11-14,5124450.html
2023-11-08,逆回购,7天,474.0,2023-11-15,5125800.html
2023-11-09,逆回购,7天,202.0,2023-11-16,5127164.html
2023-11-10,逆回购,7天,203.0,2023-11-17,5128995.html
2023-11-13,逆回购,7天,113.0,2023-11-20,5130417.html
2023-11-14,逆回购,7天,424.0,2023-11-21,5132376.html
2023-11-15,中期借贷便利,7天,495.0,2023-11-22,5134017.html
2023-11-15,中期借贷便利,1年,1450.0,2024-11-15,5134017.html
2023-11-16,逆回购,7天,377.0,2023-11-23,5136396.html
2023-11-17,逆回购,7天,352.0,2023-11-24,5137689.html
2023-11-20,逆回购,7天,205.0,2023-11-27,5139162.html
2023-11-21,逆回购,7天,319.0,2023-11-28,5141525.html
2023-11-22,逆回购,7天,460.0,2023-11-29,5143269.html
2023-11-23,逆回购,7天,519.0,2023-11-30,5144614.html
2023-11-24,逆回购,7天,664.0,2023-12-01,5146027.html
2023-11-27,逆回购,7天,501.0,2023-12-04,5148482.html
2023-11-28,逆回购,7天,415.0,2023-12-05,5150445.html
2023-11-29,逆回购,7天,438.0,2023-12-06,5151854.html
2023-11-30,逆回购,7天,663.0,2023-12-07,5153427.html
2023-12-01,逆回购,7天,119.0,2023-12-08,5154961.html
2023-12-04,逆回购,7天,67.0,2023-12-11,5156823.html
2023-12-05,逆回购,7天,210.0,2023-12-12,5157871.html
2023-12-06,逆回购,7天,240.0,2023-12-13,5159680.html
2023-12-07,逆回购,7天,363.0,2023-12-14,5161127.html
2023-12-08,逆回购,7天,197.0,2023-12-15,5162287.html
2023-12-11,逆回购,7天,285.0,2023-12-18,5164058.html
2023-12-12,逆回购,7天,414.0,2023-12-19,5165729.html
2023-12-13,逆回购,7天,265.0,2023-12-20,5167210.html
2023-12-14,逆回购,7天,262.0,2023-12-21,5168781.html
2023-12-15,中期借贷便利,7天,50.0,2023-12-22,5169908.html
2023-12-15,中期借贷便利,1年,1450.0,2024-12-15,5169908.html
2023-12-18,逆回购,7天,184.0,2023-12-25,5171416.html
2023-12-18,逆回购,14天,60.0,2024-01-01,5171416.html
2023-12-19,逆回购,7天,119.0,2023-12-26,5173363.html
2023-12-19,逆回购,14天,182.0,2024-01-02,5173363.html
2023-12-20,逆回购,7天,134.0,2023-12-27,5175259.html
2023-12-20,逆回购,14天,151.0,2024-01-03,5175259.html
2023-12-21,逆回购,7天,195.0,2023-12-28,5176820.html
2023-12-21,逆回购,14天,226.0,2024-01-04,5176820.html
2023-12-22,逆回购,7天,40.0,2023-12-29,5178068.html
2023-12-22,逆回购,14天,291.0,2024-01-05,5178068.html
2023-12-25,逆回购,7天,381.0,2024-01-01,5179476.html
2023-12-25,逆回购,14天,90.0,2024-01-08,5179476.html
2023-12-26,逆回购,7天,383.0,2024-01-02,5180762.html
2023-12-26,逆回购,14天,85.0,2024-01-09,5180762.html
2023-12-27,逆回购,7天,421.0,2024-01-03,5181605.html
2023-12-28,逆回购,7天,374.0,2024-01-04,5182339.html
2023-12-29,逆回购,7天,195.0,2024-01-05,5184516.html
2024-01-02,逆回购,7天,137.0,2024-01-09,5186809.html
2024-01-03,逆回购,7天,14.0,2024-01-10,5188791.html
2024-01-04,逆回购,7天,15.0,2024-01-11,5191373.html
2024-01-05,逆回购,7天,75.0,2024-01-12,5193063.html
2024-01-08,逆回购,7天,50.0,2024-01-15,5194749.html
2024-01-09,逆回购,7天,65.0,2024-01-16,5196514.html
2024-01-10,逆回购,7天,20.0,2024-01-17,5198424.html
2024-01-11,逆回购,7天,27.0,2024-01-18,5200048.html
2024-01-12,逆回购,7天,65.0,2024-01-19,5201661.html
2024-01-15,中期借贷便利,7天,89.0,2024-01-22,5203514.html
2024-01-15,中期借贷便利,1年,995.0,2025-01-15,5203514.html
2024-01-16,逆回购,7天,760.0,2024-01-23,5206320.html
2024-01-17,逆回购,7天,547.0,2024-01-24,5208763.html
2024-01-18,逆回购,7天,100.0,2024-01-25,5210388.html
2024-01-19,逆回购,7天,71.0,2024-01-26,5211679.html
2024-01-22,逆回购,7天,122.0,2024-01-29,5213272.html
2024-01-23,逆回购,7天,465.0,2024-01-30,5215055.html
2024-01-24,逆回购,7天,463.0,2024-01-31,5216991.html
2024-01-25,逆回购,7天,466.0,2024-02-01,5218702.html
2024-01-26,逆回购,7天,461.0,2024-02-02,5220114.html
2024-01-29,逆回购,7天,500.0,2024-02-05,5221538.html
2024-01-30,逆回购,7天,563.0,2024-02-06,5224036.html
2024-01-31,逆回购,7天,544.0,2024-02-07,5225988.html
2024-02-01,逆回购,7天,43.0,2024-02-08,5227519.html
2024-02-02,逆回购,7天,83.0,2024-02-09,5228967.html
2024-02-02,逆回购,14天,14.0,2024-02-16,5228967.html
2024-02-04,逆回购,14天,43.0,2024-02-18,5230231.html
2024-02-05,逆回购,14天,100.0,2024-02-19,5231473.html
2024-02-06,逆回购,14天,339.0,2024-02-20,5233700.html
2024-02-07,逆回购,14天,396.0,2024-02-21,5235484.html
2024-02-08,逆回购,7天,90.0,2024-02-15,5237851.html
2024-02-08,逆回购,14天,255.0,2024-02-22,5237851.html
2024-02-09,逆回购,7天,44.0,2024-02-16,5238576.html
2024-02-09,逆回购,14天,92.0,2024-02-23,5238576.html
2024-02-18,中期借贷便利,7天,105.0,2024-02-25,5238781.html
2024-02-18,中期借贷便利,1年,500.0,2025-02-18,5238781.html
2024-02-19,逆回购,7天,32.0,2024-02-26,5240565.html
2024-02-20,逆回购,7天,41.0,2024-02-27,5242647.html
2024-02-21,逆回购,7天,49.0,2024-02-28,5244207.html
2024-02-22,逆回购,7天,58.0,2024-02-29,5246440.html
2024-02-23,逆回购,7天,247.0,2024-03-01,5247914.html
2024-02-26,逆回购,7天,329.0,2024-03-04,5249344.html
2024-02-27,逆回购,7天,384.0,2024-03-05,5251376.html
2024-02-28,逆回购,7天,324.0,2024-03-06,5253384.html
2024-02-29,逆回购,7天,117.0,2024-03-07,5254548.html
2024-03-01,逆回购,7天,10.0,2024-03-08,5255991.html
2024-03-04,逆回购,7天,10.0,2024-03-11,5256567.html
2024-03-05,逆回购,7天,10.0,2024-03-12,5259487.html
2024-03-06,逆回购,7天,10.0,2024-03-13,5261185.html
2024-03-07,逆回购,7天,10.0,2024-03-14,5262661.html
2024-03-08,逆回购,7天,10.0,2024-03-15,5264040.html
2024-03-11,逆回购,7天,10.0,2024-03-18,5267746.html
2024-03-12,逆回购,7天,10.0,2024-03-19,5269833.html
2024-03-13,逆回购,7天,3.0,2024-03-20,5271735.html
2024-03-14,逆回购,7天,3.0,2024-03-21,5273987.html
2024-03-15,中期借贷便利,7天,13.0,2024-03-22,5275522.html
2024-03-15,中期借贷便利,1年,387.0,2025-03-15,5275522.html
2024-03-18,逆回购,7天,10.0,2024-03-25,5277582.html
2024-03-19,逆回购,7天,5.0,2024-03-26,5280727.html
2024-03-20,逆回购,7天,3.0,2024-03-27,5283451.html
2024-03-21,逆回购,7天,2.0,2024-03-28,5287080.html
2024-03-22,逆回购,7天,2.0,2024-03-29,5292608.html
2024-03-25,逆回购,7天,50.0,2024-04-01,5301492.html
2024-03-26,逆回购,7天,150.0,2024-04-02,5306533.html
2024-03-27,逆回购,7天,250.0,2024-04-03,5312955.html
2024-03-28,逆回购,7天,250.0,2024-04-04,5314075.html
2024-03-29,逆回购,7天,150.0,2024-04-05,5315329.html
2024-04-01,逆回购,7天,2.0,2024-04-08,5318572.html
2024-04-02,逆回购,7天,2.0,2024-04-09,5319697.html
2024-04-03,逆回购,7天,2.0,2024-04-10,5321101.html
2024-04-07,逆回购,7天,2.0,2024-04-14,5322011.html
2024-04-08,逆回购,7天,2.0,2024-04-15,5322806.html
2024-04-09,逆回购,7天,2.0,2024-04-16,5324193.html
2024-04-10,逆回购,7天,2.0,2024-04-17,5325044.html
2024-04-11,逆回购,7天,2.0,2024-04-18,5325994.html
2024-04-12,逆回购,7天,2.0,2024-04-19,5326968.html
2024-04-15,中期借贷便利,7天,2.0,2024-04-22,5328055.html
2024-04-15,中期借贷便利,1年,100.0,2025-04-15,5328055.html
2024-04-16,逆回购,7天,2.0,2024-04-23,5329803.html
2024-04-17,逆回购,7天,2.0,2024-04-24,5331074.html
2024-04-18,逆回购,7天,2.0,2024-04-25,5331970.html
2024-04-19,逆回购,7天,2.0,2024-04-26,5332876.html
2024-04-22,逆回购,7天,2.0,2024-04-29,5333915.html
2024-04-23,逆回购,7天,2.0,2024-04-30,5335424.html
2024-04-24,逆回购,7天,2.0,2024-05-01,5336631.html
2024-04-25,逆回购,7天,2.0,2024-05-02,5337424.html
2024-04-26,逆回购,7天,2.0,2024-05-03,5338280.html
2024-04-28,逆回购,7天,2.0,2024-05-05,5339075.html
2024-04-29,逆回购,7天,2.0,2024-05-06,5339799.html
2024-04-30,逆回购,7天,440.0,2024-05-07,5341472.html
2024-05-06,逆回购,7天,2.0,2024-05-13,5342944.html
2024-05-07,逆回购,7天,2.0,2024-05-14,5344225.html
2024-05-08,逆回购,7天,2.0,2024-05-15,5345666.html
2024-05-09,逆回购,7天,2.0,2024-05-16,5346522.html
2024-05-10,逆回购,7天,2.0,2024-05-17,5347192.html
2024-05-11,逆回购,7天,2.0,2024-05-18,5347968.html
2024-05-13,逆回购,7天,2.0,2024-05-20,5348931.html
2024-05-14,逆回购,7天,2.0,2024-05-21,5350508.html
2024-05-15,中期借贷便利,7天,2.0,2024-05-22,5352668.html
2024-05-15,中期借贷便利,1年,125.0,2025-05-15,5352668.html
2024-05-16,逆回购,7天,2.0,2024-05-23,5355287.html
2024-05-17,逆回购,7天,2.0,2024-05-24,5355854.html
2024-05-20,逆回购,7天,2.0,2024-05-27,5356980.html
2024-05-21,逆回购,7天,2.0,2024-05-28,5357944.html
2024-05-22,逆回购,7天,2.0,2024-05-29,5359159.html
2024-05-23,逆回购,7天,2.0,2024-05-30,5359959.html
2024-05-24,逆回购,7天,2.0,2024-05-31,5360559.html
2024-05-27,逆回购,7天,2.0,2024-06-03,5361339.html
2024-05-28,逆回购,7天,2.0,2024-06-04,5362754.html
2024-05-29,逆回购,7天,250.0,2024-06-05,5363772.html
2024-05-30,逆回购,7天,260.0,2024-06-06,5364719.html
2024-05-31,逆回购,7天,100.0,2024-06-07,5365349.html
2024-06-03,逆回购,7天,2.0,2024-06-10,5366828.html
2024-06-04,逆回购,7天,2.0,2024-06-11,5368251.html
2024-06-05,逆回购,7天,2.0,2024-06-12,5369916.html
2024-06-06,逆回购,7天,2.0,2024-06-13,5370561.html
2024-06-07,逆回购,7天,2.0,2024-06-14,5371149.html
2024-06-11,逆回购,7天,2.0,2024-06-18,5372282.html
2024-06-12,逆回购,7天,2.0,2024-06-19,5373610.html
2024-06-13,逆回购,7天,2.0,2024-06-20,5374525.html
2024-06-14,逆回购,7天,2.0,2024-06-21,5375308.html
2024-06-17,中期借贷便利,7天,4.0,2024-06-24,5376442.html
2024-06-17,中期借贷便利,1年,182.0,2025-06-17,5376442.html
2024-06-18,逆回购,7天,86.0,2024-06-25,5377902.html
2024-06-19,逆回购,7天,278.0,2024-06-26,5378976.html
2024-06-20,逆回购,7天,20.0,2024-06-27,5380523.html
2024-06-21,逆回购,7天,10.0,2024-06-28,5381158.html
2024-06-24,逆回购,7天,50.0,2024-07-01,5381883.html
2024-06-25,逆回购,7天,300.0,2024-07-02,5383324.html
2024-06-26,逆回购,7天,250.0,2024-07-03,5384531.html
2024-06-27,逆回购,7天,100.0,2024-07-04,5385673.html
2024-06-28,逆回购,7天,50.0,2024-07-05,5386127.html
2024-07-01,逆回购,7天,2.0,2024-07-08,5387028.html
2024-07-02,逆回购,7天,2.0,2024-07-09,5388219.html
2024-07-03,逆回购,7天,2.0,2024-07-10,5389633.html
2024-07-04,逆回购,7天,2.0,2024-07-11,5390673.html
2024-07-05,逆回购,7天,2.0,2024-07-12,5391353.html
2024-07-08,逆回购,7天,2.0,2024-07-15,5392230.html
2024-07-09,逆回购,7天,2.0,2024-07-16,5393465.html
2024-07-10,逆回购,7天,2.0,2024-07-17,5396004.html
2024-07-11,逆回购,7天,2.0,2024-07-18,5398554.html
2024-07-12,逆回购,7天,2.0,2024-07-19,5401508.html
2024-07-15,中期借贷便利,7天,129.0,2024-07-22,5403927.html
2024-07-15,中期借贷便利,1年,100.0,2025-07-15,5403927.html
2024-07-16,逆回购,7天,676.0,2024-07-23,5405624.html
2024-07-17,逆回购,7天,270.0,2024-07-24,5406900.html
2024-07-18,逆回购,7天,49.0,2024-07-25,5408209.html
2024-07-19,逆回购,7天,59.0,2024-07-26,5409133.html
2024-07-22,逆回购,7天,58.2,2024-07-29,5410037.html
2024-07-23,逆回购,7天,267.3,2024-07-30,5411127.html
2024-07-24,逆回购,7天,66.1,2024-07-31,5412150.html
2024-07-25,中期借贷便利,7天,235.1,2024-08-01,5413256.html
2024-07-25,中期借贷便利,1年,200.0,2025-07-25,5413256.html
2024-07-26,逆回购,7天,358.05,2024-08-02,5413860.html
2024-07-29,逆回购,7天,301.57,2024-08-05,5415698.html
2024-07-30,逆回购,7天,216.27,2024-08-06,5417280.html
2024-07-31,逆回购,7天,251.67,2024-08-07,5418955.html
2024-08-01,逆回购,7天,10.37,2024-08-08,5420458.html
2024-08-02,逆回购,7天,1.17,2024-08-09,5421417.html
2024-08-05,逆回购,7天,0.67,2024-08-12,5422564.html
2024-08-06,逆回购,7天,0.62,2024-08-13,5423791.html
2024-08-08,逆回购,7天,7.1,2024-08-15,5426240.html
2024-08-09,逆回购,7天,12.9,2024-08-16,5426851.html
2024-08-12,逆回购,7天,74.5,2024-08-19,5428224.html
2024-08-13,逆回购,7天,385.7,2024-08-20,5429266.html
2024-08-14,逆回购,7天,369.2,2024-08-21,5430343.html
2024-08-15,逆回购,7天,577.7,2024-08-22,5431413.html
2024-08-16,逆回购,7天,137.8,2024-08-23,5432152.html
2024-08-19,逆回购,7天,52.1,2024-08-26,5433421.html
2024-08-20,逆回购,7天,149.1,2024-08-27,5434846.html
2024-08-21,逆回购,7天,258.0,2024-08-28,5436187.html
2024-08-22,逆回购,7天,359.3,2024-08-29,5437134.html
2024-08-23,逆回购,7天,379.3,2024-08-30,5438042.html
2024-08-26,中期借贷便利,7天,471.0,2024-09-02,5439236.html
2024-08-26,中期借贷便利,1年,300.0,2025-08-26,5439236.html
2024-08-27,逆回购,7天,472.5,2024-09-03,5440656.html
2024-08-28,逆回购,7天,277.3,2024-09-04,5441680.html
2024-08-29,逆回购,7天,150.9,2024-09-05,5443307.html
2024-08-30,逆回购,7天,30.1,2024-09-06,5444675.html
2024-09-02,逆回购,7天,3.5,2024-09-09,5445733.html
2024-09-03,逆回购,7天,1.2,2024-09-10,5447137.html
2024-09-04,逆回购,7天,0.7,2024-09-11,5448482.html
2024-09-05,逆回购,7天,63.3,2024-09-12,5449623.html
2024-09-06,逆回购,7天,141.5,2024-09-13,5450672.html
2024-09-09,逆回购,7天,91.5,2024-09-16,5453666.html
2024-09-10,逆回购,7天,186.0,2024-09-17,5455721.html
2024-09-11,逆回购,7天,210.0,2024-09-18,5457450.html
2024-09-12,逆回购,7天,160.8,2024-09-19,5458180.html
2024-09-13,逆回购,7天,236.2,2024-09-20,5458952.html
2024-09-14,逆回购,7天,138.7,2024-09-21,5459880.html
2024-09-18,逆回购,7天,568.2,2024-09-25,5460992.html
2024-09-19,逆回购,7天,523.6,2024-09-26,5462804.html
2024-09-20,逆回购,7天,571.9,2024-09-27,5464082.html
2024-09-23,逆回购,7天,160.1,2024-09-30,5465270.html
2024-09-23,逆回购,14天,74.5,2024-10-07,5465270.html
2024-09-24,逆回购,14天,460.0,2024-10-08,5466374.html
2024-09-25,逆回购,14天,196.5,2024-10-09,5467134.html
2024-09-26,逆回购,14天,292.0,2024-10-10,5468108.html
2024-09-27,逆回购,14天,278.0,2024-10-11,5468962.html
2024-09-29,逆回购,7天,182.0,2024-10-06,5469982.html
2024-09-30,逆回购,7天,212.1,2024-10-07,5471219.html
2024-10-08,逆回购,7天,41.7,2024-10-15,5472950.html
2024-10-09,逆回购,7天,61.0,2024-10-16,5473723.html
2024-10-10,逆回购,7天,150.0,2024-10-17,5474457.html
2024-10-11,逆回购,7天,94.2,2024-10-18,5475355.html
2024-10-12,逆回购,7天,23.2,2024-10-19,5476279.html
2024-10-14,逆回购,7天,19.5,2024-10-21,5476667.html
2024-10-15,逆回购,7天,68.3,2024-10-22,5478151.html
2024-10-16,逆回购,7天,642.4,2024-10-23,5479273.html
2024-10-17,逆回购,7天,132.6,2024-10-24,5480384.html
2024-10-18,逆回购,7天,108.4,2024-10-25,5481016.html
2024-10-21,逆回购,7天,208.9,2024-10-28,5482285.html
2024-10-22,逆回购,7天,158.4,2024-10-29,5483699.html
2024-10-23,逆回购,7天,792.7,2024-10-30,5485540.html
2024-10-24,逆回购,7天,798.9,2024-10-31,5486827.html
2024-10-25,逆回购,7天,292.6,2024-11-01,5487389.html
2024-10-28,逆回购,7天,241.6,2024-11-04,5488594.html
2024-10-29,逆回购,7天,382.8,2024-11-05,5490315.html
2024-10-30,逆回购,7天,431.0,2024-11-06,5491381.html
2024-10-31,逆回购,7天,327.6,2024-11-07,5492841.html
2024-11-01,逆回购,7天,17.1,2024-11-08,5493780.html
2024-11-04,逆回购,7天,17.3,2024-11-11,5495075.html
2024-11-05,逆回购,7天,18.3,2024-11-12,5497028.html
2024-11-06,逆回购,7天,17.3,2024-11-13,5498648.html
2024-11-07,逆回购,7天,19.2,2024-11-14,5499879.html
2024-11-08,逆回购,7天,12.2,2024-11-15,5501051.html
2024-11-11,逆回购,7天,133.7,2024-11-18,5502438.html
2024-11-12,逆回购,7天,125.5,2024-11-19,5503503.html
2024-11-13,逆回购,7天,233.0,2024-11-20,5505283.html
2024-11-14,逆回购,7天,328.2,2024-11-21,5506423.html
2024-11-15,逆回购,7天,981.0,2024-11-22,5507916.html
2024-11-18,逆回购,7天,172.6,2024-11-25,5509184.html
2024-11-19,逆回购,7天,288.3,2024-11-26,5510339.html
2024-11-20,逆回购,7天,302.1,2024-11-27,5511490.html
2024-11-21,逆回购,7天,470.1,2024-11-28,5512843.html
2024-11-22,逆回购,7天,635.1,2024-11-29,5514331.html
2024-11-25,逆回购,7天,249.3,2024-12-02,5515400.html
2024-11-26,逆回购,7天,299.3,2024-12-03,5518033.html
2024-11-27,逆回购,7天,268.3,2024-12-04,5519406.html
2024-11-28,逆回购,7天,190.3,2024-12-05,5520697.html
2024-11-29,逆回购,7天,479.0,2024-12-06,5521912.html
2024-12-02,逆回购,7天,33.3,2024-12-09,5523111.html
2024-12-03,逆回购,7天,51.3,2024-12-10,5524766.html
2024-12-04,逆回购,7天,41.3,2024-12-11,5526418.html
2024-12-05,逆回购,7天,37.3,2024-12-12,5527263.html
2024-12-06,逆回购,7天,190.9,2024-12-13,5528394.html
2024-12-09,逆回购,7天,47.1,2024-12-16,5529338.html
2024-12-10,逆回购,7天,141.6,2024-12-17,5531037.html
2024-12-11,逆回购,7天,78.6,2024-12-18,5532556.html
2024-12-12,逆回购,7天,66.1,2024-12-19,5533236.html
2024-12-13,逆回购,7天,205.1,2024-12-20,5534092.html
2024-12-16,逆回购,7天,753.1,2024-12-23,5534790.html
2024-12-17,逆回购,7天,355.4,2024-12-24,5536510.html
2024-12-18,逆回购,7天,387.6,2024-12-25,5537739.html
2024-12-19,逆回购,7天,80.6,2024-12-26,5539139.html
2024-12-20,逆回购,7天,101.6,2024-12-27,5539799.html
2024-12-23,逆回购,7天,109.6,2024-12-30,5540827.html
2024-12-24,逆回购,7天,64.1,2024-12-31,5542648.html
2024-12-25,逆回购,7天,192.3,2025-01-01,5543829.html
2024-12-26,逆回购,7天,106.3,2025-01-02,5545148.html
2024-12-27,逆回购,7天,107.8,2025-01-03,5546056.html
2024-12-30,逆回购,7天,89.1,2025-01-06,5547079.html
2024-12-31,逆回购,7天,157.7,2025-01-07,5548331.html
2025-01-02,逆回购,7天,24.8,2025-01-09,5554751.html
2025-01-03,逆回购,7天,19.3,2025-01-10,5555688.html
2025-01-06,逆回购,7天,14.1,2025-01-13,5557035.html
2025-01-07,逆回购,7天,7.1,2025-01-14,5558589.html
2025-01-08,逆回购,7天,1.1,2025-01-15,5560613.html
2025-01-09,逆回购,7天,4.1,2025-01-16,5561769.html
2025-01-10,逆回购,7天,4.5,2025-01-17,5562702.html
2025-01-13,逆回购,7天,24.8,2025-01-20,5564063.html
2025-01-14,逆回购,7天,55.0,2025-01-21,5565047.html
2025-01-15,逆回购,7天,959.5,2025-01-22,5566952.html
2025-01-16,逆回购,7天,340.5,2025-01-23,5568409.html
2025-01-17,逆回购,7天,105.0,2025-01-24,5569532.html
2025-01-20,逆回购,7天,123.0,2025-01-27,5570715.html
2025-01-21,逆回购,14天,256.0,2025-02-04,5572056.html
2025-01-22,逆回购,14天,1157.5,2025-02-05,5573967.html
2025-01-23,逆回购,14天,480.0,2025-02-06,5574810.html
2025-01-24,逆回购,14天,284.0,2025-02-07,5575569.html
2025-01-26,逆回购,14天,151.0,2025-02-09,5576686.html
2025-01-27,逆回购,14天,298.0,2025-02-10,5578020.html
2025-02-05,逆回购,7天,697.0,2025-02-12,5579123.html
2025-02-06,逆回购,7天,275.5,2025-02-13,5580203.html
2025-02-07,逆回购,7天,183.7,2025-02-14,5581552.html
2025-02-08,逆回购,7天,14.0,2025-02-15,5582783.html
2025-02-10,逆回购,7天,215.0,2025-02-17,5583689.html
2025-02-11,逆回购,7天,33.0,2025-02-18,5584870.html
2025-02-12,逆回购,7天,558.0,2025-02-19,5586738.html
2025-02-13,逆回购,7天,125.8,2025-02-20,5587210.html
2025-02-14,逆回购,7天,98.5,2025-02-21,5588053.html
2025-02-17,逆回购,7天,190.5,2025-02-24,5590447.html
2025-02-18,逆回购,7天,489.2,2025-02-25,5593370.html
2025-02-19,逆回购,7天,538.9,2025-02-26,5595788.html
2025-02-20,逆回购,7天,125.0,2025-02-27,5596127.html
2025-02-21,逆回购,7天,182.5,2025-02-28,5597141.html
2025-02-24,逆回购,7天,292.5,2025-03-03,5598138.html
2025-02-25,逆回购,7天,318.5,2025-03-04,5599901.html
2025-02-26,逆回购,7天,548.7,2025-03-05,5601302.html
2025-02-27,逆回购,7天,215.0,2025-03-06,5602676.html
2025-02-28,逆回购,7天,284.5,2025-03-07,5603752.html
2025-03-03,逆回购,7天,97.0,2025-03-10,5604842.html
2025-03-04,逆回购,7天,38.2,2025-03-11,5606709.html
2025-03-05,逆回购,7天,353.2,2025-03-12,5608804.html
2025-03-06,逆回购,7天,104.5,2025-03-13,2025080618535838978.html
2025-03-07,逆回购,7天,185.0,2025-03-14,5611297.html
2025-03-10,逆回购,7天,96.5,2025-03-17,5612397.html
2025-03-11,逆回购,7天,37.7,2025-03-18,5613906.html
2025-03-12,逆回购,7天,175.4,2025-03-19,5616585.html
2025-03-13,逆回购,7天,35.9,2025-03-20,5617586.html
2025-03-14,逆回购,7天,180.7,2025-03-21,5618211.html
2025-03-17,逆回购,7天,481.0,2025-03-24,5620012.html
2025-03-18,逆回购,7天,273.3,2025-03-25,5621809.html
2025-03-19,逆回购,7天,295.9,2025-03-26,5623827.html
2025-03-20,逆回购,7天,268.5,2025-03-27,5625434.html
2025-03-21,逆回购,7天,93.0,2025-03-28,5628135.html
2025-03-24,逆回购,7天,135.0,2025-03-31,5630091.html
2025-03-25,逆回购,7天,377.9,2025-04-01,5633099.html
2025-03-26,逆回购,7天,455.4,2025-04-02,5636372.html
2025-03-27,逆回购,7天,218.5,2025-04-03,5638724.html
2025-03-28,逆回购,7天,78.5,2025-04-04,5641315.html
2025-03-31,逆回购,7天,166.7,2025-04-07,5644996.html
2025-04-01,逆回购,7天,64.9,2025-04-08,5648446.html
2025-04-02,逆回购,7天,229.9,2025-04-09,5651711.html
2025-04-03,逆回购,7天,223.4,2025-04-10,5656288.html
2025-04-07,逆回购,7天,93.5,2025-04-14,5663218.html
2025-04-08,逆回购,7天,167.4,2025-04-15,5665528.html
2025-04-09,逆回购,7天,118.9,2025-04-16,5667066.html
2025-04-10,逆回购,7天,65.9,2025-04-17,5668482.html
2025-04-11,逆回购,7天,28.5,2025-04-18,5669414.html
2025-04-14,逆回购,7天,43.0,2025-04-21,5671053.html
2025-04-15,逆回购,7天,164.5,2025-04-22,5673069.html
2025-04-16,逆回购,7天,104.5,2025-04-23,5674095.html
2025-04-17,逆回购,7天,245.5,2025-04-24,5675019.html
2025-04-18,逆回购,7天,250.5,2025-04-25,5676420.html
2025-04-21,逆回购,7天,176.0,2025-04-28,5677588.html
2025-04-22,逆回购,7天,220.5,2025-04-29,5678666.html
2025-04-23,逆回购,7天,108.0,2025-04-30,5680076.html
2025-04-24,逆回购,7天,218.0,2025-05-01,5680917.html
2025-04-25,逆回购,7天,159.5,2025-05-02,5682976.html
2025-04-27,逆回购,7天,90.0,2025-05-04,5686101.html
2025-04-28,逆回购,7天,279.0,2025-05-05,5688280.html
2025-04-29,逆回购,7天,340.5,2025-05-06,5691434.html
2025-04-30,逆回购,7天,530.8,2025-05-07,5694876.html
2025-05-06,逆回购,7天,405.0,2025-05-13,5697903.html
2025-05-07,逆回购,7天,195.5,2025-05-14,5699837.html
2025-05-08,逆回购,7天,158.6,2025-05-15,5701904.html
2025-05-09,逆回购,7天,77.0,2025-05-16,5704151.html
2025-05-12,逆回购,7天,43.0,2025-05-19,5707327.html
2025-05-13,逆回购,7天,180.0,2025-05-20,5708640.html
2025-05-14,逆回购,7天,92.0,2025-05-21,5709738.html
2025-05-15,逆回购,7天,64.5,2025-05-22,5710715.html
2025-05-16,逆回购,7天,106.5,2025-05-23,5712142.html
2025-05-19,逆回购,7天,135.0,2025-05-26,5713067.html
2025-05-20,逆回购,7天,357.0,2025-05-27,5714271.html
2025-05-21,逆回购,7天,157.0,2025-05-28,5715354.html
2025-05-22,逆回购,7天,154.5,2025-05-29,5717762.html
2025-05-23,逆回购,7天,142.5,2025-05-30,5722005.html
2025-05-26,逆回购,7天,382.0,2025-06-02,5724071.html
2025-05-27,逆回购,7天,448.0,2025-06-03,5725118.html
2025-05-28,逆回购,7天,215.5,2025-06-04,5726989.html
2025-05-29,逆回购,7天,266.0,2025-06-05,5727554.html
2025-05-30,逆回购,7天,291.1,2025-06-06,5728528.html
2025-06-03,逆回购,7天,454.5,2025-06-10,5730171.html
2025-06-04,逆回购,7天,214.9,2025-06-11,5732072.html
2025-06-05,逆回购,7天,126.5,2025-06-12,5733474.html
2025-06-06,买断式逆回购,3个月,1000.0,2025-09-06,5733750.html
2025-06-06,逆回购,7天,135.0,2025-06-13,5734391.html
2025-06-09,逆回购,7天,173.8,2025-06-16,5735486.html
2025-06-10,逆回购,7天,198.6,2025-06-17,5737402.html
2025-06-11,逆回购,7天,164.0,2025-06-18,5738949.html
2025-06-12,逆回购,7天,119.3,2025-06-19,5740177.html
2025-06-13,逆回购,7天,202.5,2025-06-20,5741126.html
2025-06-16,逆回购,7天,242.0,2025-06-23,5742456.html
2025-06-16,买断式逆回购,6个月,400.0,2025-12-16,5741564.html
2025-06-17,逆回购,7天,197.3,2025-06-24,5744161.html
2025-06-18,逆回购,7天,156.3,2025-06-25,5746980.html
2025-06-19,逆回购,7天,203.5,2025-06-26,5748967.html
2025-06-20,逆回购,7天,161.2,2025-06-27,5750968.html
2025-06-23,逆回购,7天,220.5,2025-06-30,5754364.html
2025-06-24,逆回购,7天,406.5,2025-07-01,5756758.html
2025-06-25,逆回购,7天,365.3,2025-07-02,5758858.html
2025-06-26,逆回购,7天,509.3,2025-07-03,5761267.html
2025-06-27,逆回购,7天,525.9,2025-07-04,5762739.html
2025-06-30,逆回购,7天,331.5,2025-07-07,5764289.html
2025-07-01,逆回购,7天,131.0,2025-07-08,5765441.html
2025-07-02,逆回购,7天,98.5,2025-07-09,5766864.html
2025-07-03,逆回购,7天,57.2,2025-07-10,5768328.html
2025-07-04,逆回购,7天,34.0,2025-07-11,5769357.html
2025-07-07,逆回购,7天,106.5,2025-07-14,5770768.html
2025-07-08,逆回购,7天,69.0,2025-07-15,5772563.html
2025-07-09,逆回购,7天,75.5,2025-07-16,5774577.html
2025-07-10,逆回购,7天,90.0,2025-07-17,5776351.html
2025-07-11,逆回购,7天,84.7,2025-07-18,5777672.html
2025-07-14,逆回购,7天,226.2,2025-07-21,5778495.html
2025-07-15,买断式逆回购,3个月（91天）,800.0,2025-10-14,5779110.html
2025-07-15,买断式逆回购,6个月（182天）,600.0,2026-01-13,5779110.html
2025-07-15,逆回购,7天,342.5,2025-07-22,5780047.html
2025-07-16,逆回购,7天,520.1,2025-07-23,5781432.html
2025-07-17,逆回购,7天,450.5,2025-07-24,5783425.html
2025-07-18,逆回购,7天,187.5,2025-07-25,5784295.html
2025-07-21,逆回购,7天,170.7,2025-07-28,5785731.html
2025-07-22,逆回购,7天,214.8,2025-07-29,5786760.html
2025-07-23,逆回购,7天,150.5,2025-07-30,5788248.html
2025-07-24,逆回购,7天,331.0,2025-07-31,5790381.html
2025-07-25,逆回购,7天,789.3,2025-08-01,5791085.html
2025-07-28,逆回购,7天,495.8,2025-08-04,5792620.html
2025-07-29,逆回购,7天,449.2,2025-08-05,5793803.html
2025-07-30,逆回购,7天,309.0,2025-08-06,5795254.html
2025-07-31,逆回购,7天,283.2,2025-08-07,5796423.html
2025-08-01,逆回购,7天,126.0,2025-08-08,5797410.html
2025-08-04,逆回购,7天,544.8,2025-08-11,5799183.html
2025-08-05,逆回购,7天,160.7,2025-08-12,5801060.html
2025-08-06,逆回购,7天,138.5,2025-08-13,5802583.html
2025-08-07,逆回购,7天,160.7,2025-08-14,5803919.html
2025-08-08,买断式逆回购,3个月,700.0,2025-11-08,5804704.html
2025-08-08,逆回购,7天,122.0,2025-08-15,5804818.html
2025-08-11,逆回购,7天,112.0,2025-08-18,5805593.html
2025-08-12,逆回购,7天,114.6,2025-08-19,5806970.html
2025-08-13,逆回购,7天,118.5,2025-08-20,5808488.html
2025-08-14,逆回购,7天,128.7,2025-08-21,5809869.html
2025-08-15,买断式逆回购,6个月,500.0,2026-02-15,5810156.html
2025-08-15,逆回购,7天,238.0,2025-08-22,5810871.html
2025-08-18,逆回购,7天,266.5,2025-08-25,5811954.html
2025-08-19,逆回购,7天,580.3,2025-08-26,5813750.html
2025-08-20,逆回购,7天,616.0,2025-08-27,5814724.html
2025-08-21,逆回购,7天,253.0,2025-08-28,5815229.html
2025-08-22,逆回购,7天,361.2,2025-08-29,5815859.html
2025-08-25,逆回购,7天,288.4,2025-09-01,5816929.html
2025-08-26,逆回购,7天,405.8,2025-09-02,5818285.html
2025-08-27,逆回购,7天,379.9,2025-09-03,5820176.html
2025-08-28,逆回购,7天,416.1,2025-09-04,5821200.html
2025-08-29,逆回购,7天,782.9,2025-09-05,5822118.html
2025-09-01,逆回购,7天,182.7,2025-09-08,5823235.html
2025-09-02,逆回购,7天,255.7,2025-09-09,5825194.html
2025-09-03,逆回购,7天,229.1,2025-09-10,5826477.html
2025-09-04,逆回购,7天,212.6,2025-09-11,5827366.html
2025-09-05,买断式逆回购,3个月,1000.0,2025-12-05,5828165.html
2025-09-05,逆回购,7天,188.3,2025-09-12,5828284.html
2025-09-08,逆回购,7天,191.5,2025-09-15,5831694.html
2025-09-09,逆回购,7天,247.0,2025-09-16,5833364.html
2025-09-10,逆回购,7天,304.0,2025-09-17,2025100917205096518.html
2025-09-11,逆回购,7天,292.0,2025-09-18,2025100917205094088.html
2025-09-12,逆回购,7天,230.0,2025-09-19,2025100917205080055.html
2025-09-15,买断式逆回购,6个月,600.0,2026-03-15,2025100917205374167.html
2025-09-15,逆回购,7天,280.0,2025-09-22,2025100917205044350.html
2025-09-16,逆回购,7天,287.0,2025-09-23,2025100917205012073.html
2025-09-17,逆回购,7天,418.5,2025-09-24,2025100917205099891.html
2025-09-18,逆回购,7天,487.0,2025-09-25,2025100917205085372.html
2025-09-19,逆回购,7天,354.3,2025-09-26,2025100917205018719.html
2025-09-22,逆回购,7天,240.5,2025-09-29,2025100917205199877.html
2025-09-23,逆回购,7天,276.1,2025-09-30,2025100917205155369.html
2025-09-24,逆回购,7天,401.5,2025-10-01,2025100917205125065.html
2025-09-25,逆回购,7天,483.5,2025-10-02,2025100917205293625.html
2025-09-26,逆回购,7天,165.8,2025-10-03,2025100917205214027.html
2025-09-28,逆回购,7天,181.7,2025-10-05,2025100917205240804.html
2025-09-29,逆回购,7天,288.6,2025-10-06,2025100917205397258.html
2025-09-30,逆回购,7天,242.2,2025-10-07,2025100917205340254.html
2025-10-09,买断式逆回购,3个月,1100.0,2026-01-09,2025100917205455708.html
2025-10-09,逆回购,7天,612.0,2025-10-16,2025111413260286959.html
2025-10-10,逆回购,7天,409.0,2025-10-17,2025111413260240402.html
2025-10-11,逆回购,7天,116.0,2025-10-18,2025111413260225905.html
2025-10-13,逆回购,7天,137.8,2025-10-20,2025111413260219291.html
2025-10-14,逆回购,7天,91.0,2025-10-21,2025111413260233040.html
2025-10-15,逆回购,7天,43.5,2025-10-22,2025111413260210634.html
2025-10-15,买断式逆回购,6个月,600.0,2026-04-15,2025111413260569563.html
2025-10-16,逆回购,7天,236.0,2025-10-23,2025111413260266141.html
2025-10-17,逆回购,7天,164.8,2025-10-24,2025111413260296687.html
2025-10-20,逆回购,7天,189.0,2025-10-27,2025111413260265998.html
2025-10-21,逆回购,7天,159.5,2025-10-28,2025111413260236530.html
2025-10-22,逆回购,7天,138.2,2025-10-29,2025111413260210898.html
2025-10-23,逆回购,7天,212.5,2025-10-30,2025111413260285742.html
2025-10-24,逆回购,7天,168.0,2025-10-31,2025111413260248545.html
2025-10-27,逆回购,7天,337.3,2025-11-03,2025111413260292789.html
2025-10-28,逆回购,7天,475.3,2025-11-04,2025111413260226565.html
2025-10-29,逆回购,7天,557.7,2025-11-05,2025111413260292721.html
2025-10-30,逆回购,7天,342.6,2025-11-06,2025111413260245820.html
2025-10-31,逆回购,7天,355.1,2025-11-07,2025111413260253701.html
2025-11-03,逆回购,7天,78.3,2025-11-10,2025111413260269585.html
2025-11-04,逆回购,7天,117.5,2025-11-11,2025111413260272355.html
2025-11-05,买断式逆回购,3个月,700.0,2026-02-05,2025111413260584852.html
2025-11-05,逆回购,7天,65.5,2025-11-12,2025111413260257886.html
2025-11-06,逆回购,7天,92.8,2025-11-13,2025111413260225700.html
2025-11-07,逆回购,7天,141.7,2025-11-14,2025111413260290045.html
2025-11-10,逆回购,7天,119.9,2025-11-17,2025111413260267250.html
2025-11-11,逆回购,7天,403.8,2025-11-18,2025111413260275496.html
2025-11-12,逆回购,7天,195.5,2025-11-19,2025111413260221027.html
2025-11-13,逆回购,7天,190.0,2025-11-20,2025111413260272089.html
2025-11-14,逆回购,7天,212.8,2025-11-21,5900243.html
2025-11-17,逆回购,7天,283.0,2025-11-24,5901806.html
2025-11-17,买断式逆回购,6个月,800.0,2026-05-17,5900993.html
2025-11-18,逆回购,7天,407.5,2025-11-25,5903786.html
2025-11-19,逆回购,7天,310.5,2025-11-26,5905308.html
2025-11-20,逆回购,7天,300.0,2025-11-27,5906698.html
2025-11-21,逆回购,7天,375.0,2025-11-28,5907738.html
2025-11-24,逆回购,7天,338.7,2025-12-01,5908907.html
2025-11-25,逆回购,7天,302.1,2025-12-02,5910676.html
2025-11-26,逆回购,7天,213.3,2025-12-03,5912133.html
2025-11-27,逆回购,7天,356.4,2025-12-04,5913487.html
2025-11-28,逆回购,7天,301.3,2025-12-05,5915076.html
2025-12-01,逆回购,7天,107.6,2025-12-08,5916851.html
2025-12-02,逆回购,7天,156.3,2025-12-09,5918562.html
2025-12-03,逆回购,7天,79.3,2025-12-10,5920248.html
2025-12-04,逆回购,7天,180.8,2025-12-11,5921380.html
2025-12-05,买断式逆回购,3个月,1000.0,2026-03-05,5922140.html
2025-12-05,逆回购,7天,139.8,2025-12-12,5922374.html
2025-12-08,逆回购,7天,122.3,2025-12-15,2025120808352627855.html
2025-12-09,逆回购,7天,117.3,2025-12-16,2025120908584171746.html
2025-12-10,逆回购,7天,189.8,2025-12-17,2025121008492010421.html
2025-12-11,逆回购,7天,118.6,2025-12-18,2025121108581268157.html
2025-12-12,逆回购,7天,120.5,2025-12-19,2025121208102360846.html
2025-12-15,买断式逆回购,6个月,600.0,2026-06-15,2025121216292958171.html
2025-12-15,逆回购,7天,130.9,2025-12-22,2025121508594624584.html
2025-12-16,逆回购,7天,135.3,2025-12-23,2025121608563799284.html
2025-12-17,逆回购,7天,46.8,2025-12-24,2025121709052124719.html
2025-12-18,逆回购,7天,88.3,2025-12-25,2025121808580479480.html
2025-12-19,逆回购,7天,56.2,2025-12-26,2025121908520831342.html
2025-12-22,逆回购,7天,67.3,2025-12-29,2025122209075773858.html
2025-12-23,逆回购,7天,59.3,2025-12-30,2025122308494125496.html
2025-12-24,逆回购,7天,26.0,2025-12-31,2025122408552117668.html
2025-12-25,逆回购,7天,177.1,2026-01-01,2025122508575134171.html
2025-12-26,逆回购,7天,93.0,2026-01-02,2025122608571540479.html
2025-12-29,逆回购,7天,482.3,2026-01-05,2025122908463288865.html
2025-12-30,逆回购,7天,312.5,2026-01-06,2025123008411425058.html
2025-12-31,逆回购,7天,528.8,2026-01-07,2025123108470738521.html
2026-01-04,逆回购,7天,36.5,2026-01-11,2026010408453722401.html
2026-01-05,逆回购,7天,13.5,2026-01-12,2026010508584356486.html
2026-01-06,逆回购,7天,16.2,2026-01-13,2026010609001943775.html
2026-01-07,逆回购,7天,28.6,2026-01-14,2026010709002991237.html
2026-01-08,逆回购,7天,9.9,2026-01-15,2026010809014425637.html
2026-01-08,买断式逆回购,3个月,1100.0,2026-04-08,2026010716452669176.html
2026-01-09,逆回购,7天,34.0,2026-01-16,2026010909075259163.html
2026-01-12,逆回购,7天,86.1,2026-01-19,2026011208525825238.html
2026-01-13,逆回购,7天,358.6,2026-01-20,2026011308503738436.html
2026-01-14,逆回购,7天,240.8,2026-01-21,2026011408472665119.html
2026-01-15,买断式逆回购,6个月,900.0,2026-07-15,2026011417040030647.html
2026-01-15,逆回购,7天,179.3,2026-01-22,2026011508473385575.html
2026-01-16,逆回购,7天,86.7,2026-01-23,2026011608455337052.html
2026-01-19,逆回购,7天,158.3,2026-01-26,2026011908481483411.html
2026-01-20,逆回购,7天,324.0,2026-01-27,2026012008442092830.html
2026-01-21,逆回购,7天,363.5,2026-01-28,2026012108555847089.html
2026-01-22,逆回购,7天,210.2,2026-01-29,2026012208565993604.html
2026-01-23,逆回购,7天,125.0,2026-01-30,2026012308582282095.html
2026-01-26,逆回购,7天,150.5,2026-02-02,2026012608442923199.html
2026-01-27,逆回购,7天,402.0,2026-02-03,2026012708485419519.html
2026-01-28,逆回购,7天,377.5,2026-02-04,2026012808581682582.html
2026-01-29,逆回购,7天,354.0,2026-02-05,2026012908490765408.html
2026-01-30,逆回购,7天,477.5,2026-02-06,2026013009055276464.html
2026-02-02,逆回购,7天,75.0,2026-02-09,2026020208493347297.html
2026-02-03,逆回购,7天,105.5,2026-02-10,2026020308495819462.html
2026-02-04,逆回购,7天,75.0,2026-02-11,2026020408571268432.html
2026-02-04,买断式逆回购,3个月,800.0,2026-05-04,2026020317050814427.html
2026-02-05,逆回购,7天,118.5,2026-02-12,2026020508534450879.html
2026-02-06,逆回购,7天,31.5,2026-02-13,2026020608494887581.html
2026-02-09,逆回购,7天,113.0,2026-02-16,2026020908464241491.html
2026-02-10,逆回购,7天,311.4,2026-02-17,2026021008511046148.html
2026-02-11,逆回购,7天,78.5,2026-02-18,2026021108511640208.html
2026-02-12,逆回购,7天,166.5,2026-02-19,2026021208472280100.html
2026-02-13,买断式逆回购,6个月,1000.0,2026-08-13,2026021216461315705.html
2026-02-13,逆回购,7天,145.0,2026-02-20,2026021308565043307.html
2026-02-14,逆回购,7天,38.0,2026-02-21,2026021408470439215.html
2026-02-24,逆回购,7天,526.0,2026-03-03,2026022408512187555.html
2026-02-25,逆回购,7天,409.5,2026-03-04,2026022508532364015.html
2026-02-26,逆回购,7天,320.5,2026-03-05,2026022608533112524.html
2026-02-27,逆回购,7天,269.0,2026-03-06,2026022708510269460.html
2026-02-28,逆回购,7天,116.0,2026-03-07,2026022808481138943.html
2026-03-02,逆回购,7天,19.0,2026-03-09,2026030208504429152.html
2026-03-03,逆回购,7天,34.3,2026-03-10,2026030308505432290.html
2026-03-04,逆回购,7天,40.5,2026-03-11,2026030408442085886.html
2026-03-05,逆回购,7天,23.0,2026-03-12,2026030508444092524.html
2026-03-06,买断式逆回购,3个月,800.0,2026-06-06,2026030516423444956.html
2026-03-06,逆回购,7天,44.8,2026-03-13,2026030608440863780.html
2026-03-09,逆回购,7天,48.5,2026-03-16,2026030908462885842.html
2026-03-10,逆回购,7天,39.5,2026-03-17,2026031008495361224.html
2026-03-11,逆回购,7天,26.5,2026-03-18,2026031108501958600.html
2026-03-12,逆回购,7天,24.5,2026-03-19,2026031208502463063.html
2026-03-13,逆回购,7天,37.5,2026-03-20,2026031308534094429.html
2026-03-16,逆回购,7天,137.3,2026-03-23,2026031608581837905.html
2026-03-16,买断式逆回购,6个月,500.0,2026-09-16,2026031316414087318.html
2026-03-17,逆回购,7天,51.0,2026-03-24,2026031708555485428.html
2026-03-18,逆回购,7天,20.5,2026-03-25,2026031808533370424.html
2026-03-19,逆回购,7天,13.0,2026-03-26,2026031908572311370.html
2026-03-20,逆回购,7天,20.5,2026-03-27,2026032008525879991.html
2026-03-23,逆回购,7天,8.0,2026-03-30,2026032308510724432.html
2026-03-24,逆回购,7天,17.5,2026-03-31,2026032408524176871.html
2026-03-25,逆回购,7天,78.5,2026-04-01,2026032508442941732.html
2026-03-26,逆回购,7天,224.0,2026-04-02,2026032608530618750.html
2026-03-27,逆回购,7天,146.2,2026-04-03,2026032708523848342.html
2026-03-30,逆回购,7天,269.5,2026-04-06,2026033008415515472.html
2026-03-31,逆回购,7天,32.5,2026-04-07,2026033108444917716.html
2026-04-01,逆回购,7天,0.5,2026-04-08,2026040108472325395.html
2026-04-02,逆回购,7天,0.5,2026-04-09,2026040208411863705.html
2026-04-03,逆回购,7天,1.0,2026-04-10,2026040308472250082.html
2026-04-07,买断式逆回购,3个月,800.0,2026-07-05,2026040316553242917.html
2026-04-07,逆回购,7天,0.5,2026-04-14,2026040708534823052.html
2026-04-08,逆回购,7天,0.5,2026-04-15,2026040808552415570.html
2026-04-09,逆回购,7天,0.5,2026-04-16,2026040909020961105.html
2026-04-10,逆回购,7天,2.0,2026-04-17,2026041009022162073.html
2026-04-13,逆回购,7天,0.5,2026-04-20,2026041308465056185.html
2026-04-14,逆回购,7天,1.0,2026-04-21,2026041408435646995.html
2026-04-15,买断式逆回购,6个月,500.0,2026-10-15,2026041416545098236.html
2026-04-15,逆回购,7天,0.5,2026-04-22,2026041508495041252.html
2026-04-16,逆回购,7天,0.5,2026-04-23,2026041608451237486.html
2026-04-17,逆回购,7天,0.5,2026-04-24,2026041708443363830.html
2026-04-20,逆回购,7天,0.5,2026-04-27,2026042008485372086.html
2026-04-21,逆回购,7天,5.0,2026-04-28,2026042108565571950.html
2026-04-22,逆回购,7天,6.0,2026-04-29,2026042208514713196.html
2026-04-23,逆回购,7天,0.5,2026-04-30,2026042308505110987.html
2026-04-24,逆回购,7天,5.0,2026-05-01,2026042408515827453.html
2026-04-27,逆回购,7天,218.5,2026-05-04,2026042708582975210.html
2026-04-28,逆回购,7天,43.5,2026-05-05,2026042809014835052.html
2026-04-29,逆回购,7天,25.9,2026-05-06,2026042909003554278.html
2026-04-30,逆回购,7天,126.2,2026-05-07,2026043008485921055.html
2026-05-06,逆回购,7天,26.0,2026-05-13,2026050608574214744.html
2026-05-06,买断式逆回购,3个月,300.0,2026-08-05,2026043017030839697.html
2026-05-07,逆回购,7天,27.0,2026-05-14,2026050708530965068.html
2026-05-08,逆回购,7天,0.5,2026-05-15,2026050808543589264.html
2026-05-09,逆回购,7天,0.5,2026-05-16,2026050908475496601.html
2026-05-11,逆回购,7天,0.5,2026-05-18,2026051108553297655.html
2026-05-12,逆回购,7天,0.5,2026-05-19,2026051209001291540.html
2026-05-13,逆回购,7天,0.5,2026-05-20,2026051309034262898.html
2026-05-14,逆回购,7天,0.5,2026-05-21,2026051408591613133.html
2026-05-15,买断式逆回购,6个月,300.0,2026-11-15,2026051416495036239.html
2026-05-15,逆回购,7天,0.5,2026-05-22,2026051508562758201.html
2026-05-18,逆回购,7天,1.0,2026-05-25,2026051808530323573.html
2026-05-19,逆回购,7天,0.5,2026-05-26,2026051908525357465.html
2026-05-20,逆回购,7天,50.0,2026-05-27,2026052008460348705.html
2026-05-21,逆回购,7天,100.0,2026-05-28,2026052108514965471.html
2026-05-22,逆回购,7天,153.0,2026-05-29,2026052208514823570.html
2026-05-25,逆回购,7天,258.0,2026-06-01,2026052508441312802.html
2026-05-26,逆回购,7天,249.0,2026-06-02,2026052608475216409.html
2026-05-27,逆回购,7天,177.6,2026-06-03,2026052708454847230.html
2026-05-28,逆回购,7天,101.3,2026-06-04,2026052808435737276.html
2026-05-29,逆回购,7天,123.0,2026-06-05,2026052908453642546.html
2026-06-01,逆回购,7天,11.0,2026-06-08,2026060108505934842.html
2026-06-02,逆回购,7天,0.2,2026-06-09,2026060208574571627.html
2026-06-05,买断式逆回购,3个月,500.0,2026-09-05,2026060416550459509.html
2026-06-05,逆回购,7天,215.0,2026-06-12,2026060508521729212.html
2026-06-08,逆回购,7天,218.5,2026-06-15,2026060808453958418.html
2026-06-09,逆回购,7天,153.0,2026-06-16,2026060908564621706.html
2026-06-10,逆回购,7天,159.0,2026-06-17,2026061008582629533.html
2026-06-11,逆回购,7天,188.5,2026-06-18,2026061109042678748.html
2026-06-12,逆回购,7天,393.0,2026-06-19,2026061208495288730.html
2026-06-15,逆回购,7天,425.0,2026-06-22,2026061508531297687.html
2026-06-15,买断式逆回购,6个月,600.0,2026-12-15,2026061216495396401.html
2026-06-16,逆回购,7天,449.5,2026-06-23,2026061608531538208.html
2026-06-17,逆回购,7天,420.3,2026-06-24,2026061708443045509.html
2026-06-18,逆回购,7天,248.0,2026-06-25,2026061808500376299.html
2026-06-22,逆回购,7天,476.5,2026-06-29,2026062208542180344.html
2026-06-23,逆回购,7天,524.5,2026-06-30,2026062308514075610.html
2026-06-24,逆回购,7天,662.5,2026-07-01,2026062408540563737.html
2026-06-25,逆回购,7天,370.5,2026-07-02,2026062508473372538.html
2026-06-26,逆回购,7天,231.5,2026-07-03,2026062608575277740.html
2026-06-29,逆回购,7天,157.5,2026-07-06,2026062908541051907.html
2026-06-30,逆回购,7天,69.5,2026-07-07,2026063008534598115.html
2026-07-01,逆回购,7天,100.0,2026-07-08,2026070108543872037.html
2026-07-02,逆回购,7天,288.5,2026-07-09,2026070208553671991.html
2026-07-03,逆回购,7天,63.0,2026-07-10,2026070309000192973.html
2026-07-06,逆回购,7天,7.0,2026-07-13,2026070608533310621.html
2026-07-06,买断式逆回购,3个月,1000.0,2026-10-05,2026070316443285965.html
2026-07-07,逆回购,7天,10.0,2026-07-14,2026070708485588337.html
2026-07-08,逆回购,7天,15.0,2026-07-15,2026070808515513786.html
2026-07-09,逆回购,7天,10.0,2026-07-16,2026070908502144928.html
2026-07-10,逆回购,7天,20.0,2026-07-17,2026071008532457148.html
2026-07-13,逆回购,7天,224.0,2026-07-20,2026071309002690755.html
2026-07-14,逆回购,7天,236.5,2026-07-21,2026071409063784437.html
2026-07-15,逆回购,7天,426.5,2026-07-22,2026071508544082234.html
2026-07-15,买断式逆回购,6个月,1400.0,2027-01-15,2026071416335097398.html
2026-07-16,逆回购,7天,626.0,2026-07-23,2026071609052055487.html
2026-07-17,逆回购,7天,450.5,2026-07-24,2026071709025367244.html
2026-07-20,逆回购,7天,398.5,2026-07-27,2026072009014349986.html
2026-07-21,逆回购,7天,253.0,2026-07-28,2026072108522816729.html
2026-07-22,逆回购,7天,76.0,2026-07-29,2026072208543945580.html
2026-07-23,逆回购,7天,204.0,2026-07-30,2026072308553472442.html
2026-07-24,逆回购,7天,89.0,2026-07-31,2026072408553811650.html
2026-07-27,逆回购,7天,325.5,2026-08-03,2026072709025211011.html
2026-07-28,逆回购,7天,305.5,2026-08-04,2026072809054729238.html
2026-07-29,逆回购,7天,206.5,2026-08-05,2026072908500887071.html
2026-07-30,逆回购,7天,270.5,2026-08-06,2026073009012172928.html
2026-07-31,逆回购,7天,134.0,2026-08-07,2026073108575959224.html
2026-08-03,逆回购,7天,63.0,2026-08-10,2026080308511890481.html
2026-08-04,逆回购,7天,46.5,2026-08-11,2026080409004579424.html
2026-08-05,逆回购,7天,5.0,2026-08-12,2026080509015322425.html
2026-08-05,买断式逆回购,3个月,500.0,2026-11-05,2026080416481662012.html
2026-08-06,逆回购,7天,1.0,2026-08-13,2026080608581014813.html
2026-08-07,逆回购,7天,1.0,2026-08-14,2026080708590296440.html
2026-08-10,逆回购,7天,18.0,2026-08-17,2026081008522023544.html
2026-08-14,买断式逆回购,6个月,1000.0,2027-02-15,2026081316435645255.html
2026-08-14,逆回购,隔夜逆回购,349.0,,2026081409033914683.html
2026-08-17,逆回购,隔夜逆回购,565.5,,2026081709030220898.html
2026-08-18,逆回购,隔夜逆回购,469.7,,2026081808573129759.html
2026-08-19,逆回购,隔夜逆回购,327.4,,2026081908571038907.html
2026-08-21,逆回购,7天,95.0,2026-08-28,2026082108525095972.html
2026-08-24,逆回购,7天,340.0,2026-08-31,2026082408541077708.html
2026-08-25,逆回购,7天,386.0,2026-09-01,2026082509031244236.html
2026-08-26,逆回购,7天,239.5,2026-09-02,2026082609043256964.html
2026-08-27,逆回购,7天,103.0,2026-09-03,2026082709072028572.html
2026-08-28,逆回购,7天,20.0,2026-09-04,2026082808585347002.html
2026-08-31,逆回购,7天,5.0,2026-09-07,2026083108481886588.html
