date,daily_net,stock,yoy,yoy_ma50
2019-08-19,20.0,20.0,,
2019-08-20,50.0,70.0,,
2019-08-21,60.0,130.0,,
2019-08-22,60.0,190.0,,
2019-08-23,0.0,190.0,,
2019-08-24,0.0,190.0,,
2019-08-25,0.0,190.0,,
2019-08-26,130.0,320.0,,
2019-08-27,30.0,350.0,,
2019-08-28,0.0,350.0,,
2019-08-29,-60.0,290.0,,
2019-08-30,0.0,290.0,,
2019-08-31,0.0,290.0,,
2019-09-01,0.0,290.0,,
2019-09-02,0.0,290.0,,
2019-09-03,-80.0,210.0,,
2019-09-04,-60.0,150.0,,
2019-09-05,0.0,150.0,,
2019-09-06,40.0,190.0,,
2019-09-07,0.0,190.0,,
2019-09-08,0.0,190.0,,
2019-09-09,120.0,310.0,,
2019-09-10,80.0,390.0,,
2019-09-11,30.0,420.0,,
2019-09-12,0.0,420.0,,
2019-09-13,-40.0,380.0,,
2019-09-14,0.0,380.0,,
2019-09-15,0.0,380.0,,
2019-09-16,-120.0,260.0,,
2019-09-17,120.0,380.0,,
2019-09-18,0.0,380.0,,
2019-09-19,0.0,380.0,,
2019-09-20,120.0,500.0,,
2019-09-21,0.0,500.0,,
2019-09-22,0.0,500.0,,
2019-09-23,100.0,600.0,,
2019-09-24,40.0,640.0,,
2019-09-25,-10.0,630.0,,
2019-09-26,20.0,650.0,,
2019-09-27,-10.0,640.0,,
2019-09-28,0.0,640.0,,
2019-09-29,0.0,640.0,,
2019-09-30,-20.0,620.0,,
2019-10-01,0.0,620.0,,
2019-10-02,0.0,620.0,,
2019-10-03,0.0,620.0,,
2019-10-04,-80.0,540.0,,
2019-10-05,0.0,540.0,,
2019-10-06,0.0,540.0,,
2019-10-07,-80.0,460.0,,
2019-10-08,-40.0,420.0,,
2019-10-09,-20.0,400.0,,
2019-10-10,-20.0,380.0,,
2019-10-11,-30.0,350.0,,
2019-10-12,0.0,350.0,,
2019-10-13,0.0,350.0,,
2019-10-14,0.0,350.0,,
2019-10-15,0.0,350.0,,
2019-10-16,200.0,550.0,,
2019-10-17,0.0,550.0,,
2019-10-18,30.0,580.0,,
2019-10-19,0.0,580.0,,
2019-10-20,0.0,580.0,,
2019-10-21,50.0,630.0,,
2019-10-22,0.0,630.0,,
2019-10-23,200.0,830.0,,
2019-10-24,60.0,890.0,,
2019-10-25,0.0,890.0,,
2019-10-26,0.0,890.0,,
2019-10-27,0.0,890.0,,
2019-10-28,-50.0,840.0,,
2019-10-29,0.0,840.0,,
2019-10-30,-200.0,640.0,,
2019-10-31,-60.0,580.0,,
2019-11-01,-30.0,550.0,,
2019-11-02,0.0,550.0,,
2019-11-03,0.0,550.0,,
2019-11-04,0.0,550.0,,
2019-11-05,400.0,950.0,,
2019-11-06,0.0,950.0,,
2019-11-07,0.0,950.0,,
2019-11-08,0.0,950.0,,
2019-11-09,0.0,950.0,,
2019-11-10,0.0,950.0,,
2019-11-11,0.0,950.0,,
2019-11-12,0.0,950.0,,
2019-11-13,0.0,950.0,,
2019-11-14,0.0,950.0,,
2019-11-15,200.0,1150.0,,
2019-11-16,0.0,1150.0,,
2019-11-17,0.0,1150.0,,
2019-11-18,180.0,1330.0,,
2019-11-19,0.0,1330.0,,
2019-11-20,0.0,1330.0,,
2019-11-21,0.0,1330.0,,
2019-11-22,0.0,1330.0,,
2019-11-23,0.0,1330.0,,
2019-11-24,0.0,1330.0,,
2019-11-25,-180.0,1150.0,,
2019-11-26,0.0,1150.0,,
2019-11-27,0.0,1150.0,,
2019-11-28,0.0,1150.0,,
2019-11-29,0.0,1150.0,,
2019-11-30,0.0,1150.0,,
2019-12-01,0.0,1150.0,,
2019-12-02,0.0,1150.0,,
2019-12-03,0.0,1150.0,,
2019-12-04,0.0,1150.0,,
2019-12-05,0.0,1150.0,,
2019-12-06,300.0,1450.0,,
2019-12-07,0.0,1450.0,,
2019-12-08,0.0,1450.0,,
2019-12-09,0.0,1450.0,,
2019-12-10,0.0,1450.0,,
2019-12-11,0.0,1450.0,,
2019-12-12,0.0,1450.0,,
2019-12-13,0.0,1450.0,,
2019-12-14,0.0,1450.0,,
2019-12-15,0.0,1450.0,,
2019-12-16,300.0,1750.0,,
2019-12-17,0.0,1750.0,,
2019-12-18,200.0,1950.0,,
2019-12-19,280.0,2230.0,,
2019-12-20,150.0,2380.0,,
2019-12-21,0.0,2380.0,,
2019-12-22,0.0,2380.0,,
2019-12-23,50.0,2430.0,,
2019-12-24,0.0,2430.0,,
2019-12-25,-50.0,2380.0,,
2019-12-26,-30.0,2350.0,,
2019-12-27,0.0,2350.0,,
2019-12-28,0.0,2350.0,,
2019-12-29,0.0,2350.0,,
2019-12-30,0.0,2350.0,,
2019-12-31,0.0,2350.0,,
2020-01-01,-150.0,2200.0,,
2020-01-02,-250.0,1950.0,,
2020-01-03,-150.0,1800.0,,
2020-01-04,0.0,1800.0,,
2020-01-05,0.0,1800.0,,
2020-01-06,-50.0,1750.0,,
2020-01-07,0.0,1750.0,,
2020-01-08,0.0,1750.0,,
2020-01-09,0.0,1750.0,,
2020-01-10,0.0,1750.0,,
2020-01-11,0.0,1750.0,,
2020-01-12,0.0,1750.0,,
2020-01-13,0.0,1750.0,,
2020-01-14,0.0,1750.0,,
2020-01-15,400.0,2150.0,,
2020-01-16,300.0,2450.0,,
2020-01-17,200.0,2650.0,,
2020-01-18,0.0,2650.0,,
2020-01-19,200.0,2850.0,,
2020-01-20,250.0,3100.0,,
2020-01-21,100.0,3200.0,,
2020-01-22,30.0,3230.0,,
2020-01-23,240.5,3470.5,,
2020-01-24,0.0,3470.5,,
2020-01-25,0.0,3470.5,,
2020-01-26,0.0,3470.5,,
2020-01-27,0.0,3470.5,,
2020-01-28,0.0,3470.5,,
2020-01-29,-100.0,3370.5,,
2020-01-30,-300.0,3070.5,,
2020-01-31,-200.0,2870.5,,
2020-02-01,0.0,2870.5,,
2020-02-02,-200.0,2670.5,,
2020-02-03,950.0,3620.5,,
2020-02-04,400.0,4020.5,,
2020-02-05,-30.0,3990.5,,
2020-02-06,0.0,3990.5,,
2020-02-07,0.0,3990.5,,
2020-02-08,0.0,3990.5,,
2020-02-09,0.0,3990.5,,
2020-02-10,0.0,3990.5,,
2020-02-11,-280.0,3710.5,,
2020-02-12,0.0,3710.5,,
2020-02-13,0.0,3710.5,,
2020-02-14,0.0,3710.5,,
2020-02-15,0.0,3710.5,,
2020-02-16,0.0,3710.5,,
2020-02-17,-700.0,3010.5,,
2020-02-18,-220.0,2790.5,,
2020-02-19,0.0,2790.5,,
2020-02-20,0.0,2790.5,,
2020-02-21,0.0,2790.5,,
2020-02-22,0.0,2790.5,,
2020-02-23,0.0,2790.5,,
2020-02-24,-300.0,2490.5,,
2020-02-25,0.0,2490.5,,
2020-02-26,0.0,2490.5,,
2020-02-27,0.0,2490.5,,
2020-02-28,0.0,2490.5,,
2020-02-29,0.0,2490.5,,
2020-03-01,0.0,2490.5,,
2020-03-02,0.0,2490.5,,
2020-03-03,0.0,2490.5,,
2020-03-04,0.0,2490.5,,
2020-03-05,0.0,2490.5,,
2020-03-06,0.0,2490.5,,
2020-03-07,0.0,2490.5,,
2020-03-08,0.0,2490.5,,
2020-03-09,0.0,2490.5,,
2020-03-10,0.0,2490.5,,
2020-03-11,0.0,2490.5,,
2020-03-12,0.0,2490.5,,
2020-03-13,0.0,2490.5,,
2020-03-14,0.0,2490.5,,
2020-03-15,0.0,2490.5,,
2020-03-16,100.0,2590.5,,
2020-03-17,0.0,2590.5,,
2020-03-18,0.0,2590.5,,
2020-03-19,0.0,2590.5,,
2020-03-20,0.0,2590.5,,
2020-03-21,0.0,2590.5,,
2020-03-22,0.0,2590.5,,
2020-03-23,0.0,2590.5,,
2020-03-24,0.0,2590.5,,
2020-03-25,0.0,2590.5,,
2020-03-26,0.0,2590.5,,
2020-03-27,0.0,2590.5,,
2020-03-28,0.0,2590.5,,
2020-03-29,0.0,2590.5,,
2020-03-30,50.0,2640.5,,
2020-03-31,20.0,2660.5,,
2020-04-01,0.0,2660.5,,
2020-04-02,0.0,2660.5,,
2020-04-03,0.0,2660.5,,
2020-04-04,0.0,2660.5,,
2020-04-05,0.0,2660.5,,
2020-04-06,-50.0,2610.5,,
2020-04-07,-20.0,2590.5,,
2020-04-08,0.0,2590.5,,
2020-04-09,0.0,2590.5,,
2020-04-10,0.0,2590.5,,
2020-04-11,0.0,2590.5,,
2020-04-12,0.0,2590.5,,
2020-04-13,0.0,2590.5,,
2020-04-14,0.0,2590.5,,
2020-04-15,200.0,2790.5,,
2020-04-16,0.0,2790.5,,
2020-04-17,0.0,2790.5,,
2020-04-18,0.0,2790.5,,
2020-04-19,0.0,2790.5,,
2020-04-20,0.0,2790.5,,
2020-04-21,0.0,2790.5,,
2020-04-22,0.0,2790.5,,
2020-04-23,0.0,2790.5,,
2020-04-24,56.1,2846.6,,
2020-04-25,0.0,2846.6,,
2020-04-26,0.0,2846.6,,
2020-04-27,0.0,2846.6,,
2020-04-28,0.0,2846.6,,
2020-04-29,0.0,2846.6,,
2020-04-30,0.0,2846.6,,
2020-05-01,0.0,2846.6,,
2020-05-02,0.0,2846.6,,
2020-05-03,0.0,2846.6,,
2020-05-04,0.0,2846.6,,
2020-05-05,0.0,2846.6,,
2020-05-06,0.0,2846.6,,
2020-05-07,0.0,2846.6,,
2020-05-08,0.0,2846.6,,
2020-05-09,0.0,2846.6,,
2020-05-10,0.0,2846.6,,
2020-05-11,0.0,2846.6,,
2020-05-12,0.0,2846.6,,
2020-05-13,0.0,2846.6,,
2020-05-14,0.0,2846.6,,
2020-05-15,0.0,2846.6,,
2020-05-16,0.0,2846.6,,
2020-05-17,0.0,2846.6,,
2020-05-18,0.0,2846.6,,
2020-05-19,0.0,2846.6,,
2020-05-20,0.0,2846.6,,
2020-05-21,0.0,2846.6,,
2020-05-22,0.0,2846.6,,
2020-05-23,0.0,2846.6,,
2020-05-24,0.0,2846.6,,
2020-05-25,0.0,2846.6,,
2020-05-26,10.0,2856.6,,
2020-05-27,120.0,2976.6,,
2020-05-28,240.0,3216.6,,
2020-05-29,300.0,3516.6,,
2020-05-30,0.0,3516.6,,
2020-05-31,0.0,3516.6,,
2020-06-01,0.0,3516.6,,
2020-06-02,-10.0,3506.6,,
2020-06-03,-120.0,3386.6,,
2020-06-04,-170.0,3216.6,,
2020-06-05,-150.0,3066.6,,
2020-06-06,0.0,3066.6,,
2020-06-07,0.0,3066.6,,
2020-06-08,120.0,3186.6,,
2020-06-09,60.0,3246.6,,
2020-06-10,60.0,3306.6,,
2020-06-11,10.0,3316.6,,
2020-06-12,-50.0,3266.6,,
2020-06-13,0.0,3266.6,,
2020-06-14,0.0,3266.6,,
2020-06-15,80.0,3346.6,,
2020-06-16,-60.0,3286.6,,
2020-06-17,-60.0,3226.6,,
2020-06-18,40.0,3266.6,,
2020-06-19,80.0,3346.6,,
2020-06-20,0.0,3346.6,,
2020-06-21,0.0,3346.6,,
2020-06-22,120.0,3466.6,,
2020-06-23,200.0,3666.6,,
2020-06-24,180.0,3846.6,,
2020-06-25,-50.0,3796.6,,
2020-06-26,-70.0,3726.6,,
2020-06-27,0.0,3726.6,,
2020-06-28,100.0,3826.6,,
2020-06-29,-40.0,3786.6,,
2020-06-30,-90.0,3696.6,,
2020-07-01,-180.0,3516.6,,
2020-07-02,-70.0,3446.6,,
2020-07-03,-110.0,3336.6,,
2020-07-04,0.0,3336.6,,
2020-07-05,-100.0,3236.6,,
2020-07-06,-80.0,3156.6,,
2020-07-07,-110.0,3046.6,,
2020-07-08,0.0,3046.6,,
2020-07-09,0.0,3046.6,,
2020-07-10,0.0,3046.6,,
2020-07-11,0.0,3046.6,,
2020-07-12,0.0,3046.6,,
2020-07-13,50.0,3096.6,,
2020-07-14,30.0,3126.6,,
2020-07-15,400.0,3526.6,,
2020-07-16,50.0,3576.6,,
2020-07-17,200.0,3776.6,,
2020-07-18,0.0,3776.6,,
2020-07-19,0.0,3776.6,,
2020-07-20,50.0,3826.6,,
2020-07-21,-20.0,3806.6,,
2020-07-22,0.0,3806.6,,
2020-07-23,-50.0,3756.6,,
2020-07-24,-200.0,3556.6,,
2020-07-25,0.0,3556.6,,
2020-07-26,0.0,3556.6,,
2020-07-27,0.0,3556.6,,
2020-07-28,70.0,3626.6,,
2020-07-29,30.0,3656.6,,
2020-07-30,50.0,3706.6,,
2020-07-31,20.0,3726.6,,
2020-08-01,0.0,3726.6,,
2020-08-02,0.0,3726.6,,
2020-08-03,-100.0,3626.6,,
2020-08-04,-80.0,3546.6,,
2020-08-05,-30.0,3516.6,,
2020-08-06,-50.0,3466.6,,
2020-08-07,-10.0,3456.6,,
2020-08-08,0.0,3456.6,,
2020-08-09,0.0,3456.6,,
2020-08-10,10.0,3466.6,,
2020-08-11,50.0,3516.6,,
2020-08-12,140.0,3656.6,,
2020-08-13,150.0,3806.6,,
2020-08-14,140.0,3946.6,,
2020-08-15,0.0,3946.6,,
2020-08-16,0.0,3946.6,,
2020-08-17,740.0,4686.6,,
2020-08-18,50.0,4736.6,4716.6,4716.6
2020-08-19,10.0,4746.6,4676.6,4696.6
2020-08-20,10.0,4756.6,4626.6,4673.3
2020-08-21,-150.0,4606.6,4416.6,4609.1
2020-08-22,0.0,4606.6,4416.6,4570.6
2020-08-23,0.0,4606.6,4416.6,4544.9
2020-08-24,110.0,4716.6,4526.6,4542.3
2020-08-25,200.0,4916.6,4596.6,4549.1
2020-08-26,-100.0,4816.6,4466.6,4539.9
2020-08-27,-60.0,4756.6,4406.6,4526.6
2020-08-28,50.0,4806.6,4516.6,4525.7
2020-08-29,0.0,4806.6,4516.6,4524.9
2020-08-30,0.0,4806.6,4516.6,4524.3
2020-08-31,-80.0,4726.6,4436.6,4518.0
2020-09-01,-230.0,4496.6,4206.6,4497.3
2020-09-02,-180.0,4316.6,4106.6,4472.8
2020-09-03,20.0,4336.6,4186.6,4456.0
2020-09-04,50.0,4386.6,4236.6,4443.8
2020-09-05,0.0,4386.6,4196.6,4430.8
2020-09-06,0.0,4386.6,4196.6,4419.1
2020-09-07,20.0,4406.6,4216.6,4409.5
2020-09-08,100.0,4506.6,4196.6,4399.8
2020-09-09,100.0,4606.6,4216.6,4391.8
2020-09-10,20.0,4626.6,4206.6,4384.1
2020-09-11,-10.0,4616.6,4196.6,4376.6
2020-09-12,0.0,4616.6,4236.6,4371.2
2020-09-13,0.0,4616.6,4236.6,4366.2
2020-09-14,-20.0,4596.6,4216.6,4360.9
2020-09-15,430.0,5026.6,4766.6,4374.9
2020-09-16,0.0,5026.6,4646.6,4383.9
2020-09-17,-230.0,4796.6,4416.6,4385.0
2020-09-18,80.0,4876.6,4496.6,4388.5
2020-09-19,0.0,4876.6,4376.6,4388.1
2020-09-20,0.0,4876.6,4376.6,4387.8
2020-09-21,-80.0,4796.6,4296.6,4385.2
2020-09-22,350.0,5146.6,4546.6,4389.7
2020-09-23,80.0,5226.6,4586.6,4395.0
2020-09-24,10.0,5236.6,4606.6,4400.5
2020-09-25,-20.0,5216.6,4566.6,4404.8
2020-09-26,0.0,5216.6,4576.6,4409.1
2020-09-27,20.0,5236.6,4596.6,4413.7
2020-09-28,40.0,5276.6,4636.6,4419.0
2020-09-29,-100.0,5176.6,4556.6,4422.2
2020-09-30,-50.0,5126.6,4506.6,4424.1
2020-10-01,0.0,5126.6,4506.6,4425.9
2020-10-02,-60.0,5066.6,4446.6,4426.4
2020-10-03,0.0,5066.6,4526.6,4428.5
2020-10-04,0.0,5066.6,4526.6,4430.6
2020-10-05,0.0,5066.6,4526.6,4432.5
2020-10-06,-150.0,4916.6,4456.6,4433.0
2020-10-07,-100.0,4816.6,4396.6,4426.6
2020-10-08,-120.0,4696.6,4296.6,4419.0
2020-10-09,-90.0,4606.6,4226.6,4411.0
2020-10-10,0.0,4606.6,4256.6,4407.8
2020-10-11,-20.0,4586.6,4236.6,4404.2
2020-10-12,-40.0,4546.6,4196.6,4399.8
2020-10-13,-100.0,4446.6,4096.6,4391.2
2020-10-14,-50.0,4396.6,4046.6,4380.2
2020-10-15,550.0,4946.6,4396.6,4378.8
2020-10-16,-150.0,4796.6,4246.6,4375.6
2020-10-17,0.0,4796.6,4216.6,4369.6
2020-10-18,0.0,4796.6,4216.6,4363.6
2020-10-19,50.0,4846.6,4266.6,4358.6
2020-10-20,70.0,4916.6,4286.6,4355.6
2020-10-21,80.0,4996.6,4366.6,4358.8
2020-10-22,0.0,4996.6,4166.6,4360.0
2020-10-23,20.0,5016.6,4126.6,4358.8
2020-10-24,0.0,5016.6,4126.6,4356.6
2020-10-25,0.0,5016.6,4126.6,4355.2
2020-10-26,-50.0,4966.6,4076.6,4352.8
2020-10-27,30.0,4996.6,4156.6,4351.6
2020-10-28,40.0,5036.6,4196.6,4351.6
2020-10-29,90.0,5126.6,4486.6,4357.0
2020-10-30,30.0,5156.6,4576.6,4364.4
2020-10-31,0.0,5156.6,4606.6,4372.6
2020-11-01,0.0,5156.6,4606.6,4380.0
2020-11-02,50.0,5206.6,4656.6,4388.4
2020-11-03,20.0,5226.6,4676.6,4397.6
2020-11-04,0.0,5226.6,4276.6,4387.8
2020-11-05,-510.0,4716.6,3766.6,4370.2
2020-11-06,-100.0,4616.6,3666.6,4355.2
2020-11-07,0.0,4616.6,3666.6,4338.6
2020-11-08,0.0,4616.6,3666.6,4324.4
2020-11-09,-50.0,4566.6,3616.6,4309.2
2020-11-10,0.0,4566.6,3616.6,4295.6
2020-11-11,30.0,4596.6,3646.6,4277.6
2020-11-12,90.0,4686.6,3736.6,4260.6
2020-11-13,160.0,4846.6,3896.6,4246.4
2020-11-14,0.0,4846.6,3696.6,4229.0
2020-11-15,-200.0,4646.6,3496.6,4207.4
2020-11-16,800.0,5446.6,4296.6,4201.4
2020-11-17,-70.0,5376.6,4046.6,4189.6
2020-11-18,-50.0,5326.6,3996.6,4178.4
2020-11-19,-50.0,5276.6,3946.6,4167.2
2020-11-20,-80.0,5196.6,3866.6,4154.4
2020-11-21,0.0,5196.6,3866.6,4142.8
2020-11-22,0.0,5196.6,3866.6,4129.6
2020-11-23,40.0,5236.6,3906.6,4117.2
2020-11-24,20.0,5256.6,4106.6,4108.8
2020-11-25,20.0,5276.6,4126.6,4102.2
2020-11-26,10.0,5286.6,4136.6,4097.0
2020-11-27,40.0,5326.6,4176.6,4094.6
2020-11-28,0.0,5326.6,4176.6,4093.6
2020-11-29,0.0,5326.6,4176.6,4092.0
2020-11-30,310.0,5636.6,4486.6,4097.0
2020-12-01,-50.0,5586.6,4436.6,4101.8
2020-12-02,-110.0,5476.6,4326.6,4106.4
2020-12-03,-70.0,5406.6,4256.6,4110.6
2020-12-04,-110.0,5296.6,4146.6,4105.6
2020-12-05,0.0,5296.6,3846.6,4097.6
2020-12-06,-300.0,4996.6,3546.6,4084.2
2020-12-07,-100.0,4896.6,3446.6,4068.8
2020-12-08,40.0,4936.6,3486.6,4053.2
2020-12-09,10.0,4946.6,3496.6,4037.4
2020-12-10,0.0,4946.6,3496.6,4020.0
2020-12-11,0.0,4946.6,3496.6,4006.6
2020-12-12,0.0,4946.6,3496.6,3994.0
2020-12-13,0.0,4946.6,3496.6,3981.4
2020-12-14,-30.0,4916.6,3466.6,3968.2
2020-12-15,900.0,5816.6,4066.6,3968.0
2020-12-16,-310.0,5506.6,3756.6,3960.0
2020-12-17,0.0,5506.6,3556.6,3947.2
2020-12-18,0.0,5506.6,3276.6,3923.0
2020-12-19,0.0,5506.6,3126.6,3894.0
2020-12-20,0.0,5506.6,3126.6,3864.4
2020-12-21,90.0,5596.6,3216.6,3836.6
2020-12-22,120.0,5716.6,3286.6,3809.2
2020-12-23,100.0,5816.6,3386.6,3783.4
2020-12-24,30.0,5846.6,3466.6,3767.2
2020-12-25,30.0,5876.6,3526.6,3762.4
2020-12-26,0.0,5876.6,3526.6,3759.6
2020-12-27,0.0,5876.6,3526.6,3756.8
2020-12-28,10.0,5886.6,3536.6,3754.2
2020-12-29,10.0,5896.6,3546.6,3752.8
2020-12-30,30.0,5926.6,3576.6,3752.0
2020-12-31,80.0,6006.6,3806.6,3755.2
2021-01-01,-40.0,5966.6,4016.6,3760.8
2021-01-02,0.0,5966.6,4166.6,3766.2
2021-01-03,0.0,5966.6,4166.6,3775.6
2021-01-04,-100.0,5866.6,4066.6,3787.0
2021-01-05,-130.0,5736.6,3986.6,3780.8
2021-01-06,-130.0,5606.6,3856.6,3777.0
2021-01-07,-110.0,5496.6,3746.6,3772.0
2021-01-08,5.0,5501.6,3751.6,3768.1
2021-01-09,0.0,5501.6,3751.6,3765.8
2021-01-10,0.0,5501.6,3751.6,3763.5
2021-01-11,-15.0,5486.6,3736.6,3760.9
2021-01-12,-5.0,5481.6,3731.6,3757.4
2021-01-13,-8.0,5473.6,3723.6,3749.7
2021-01-14,-8.0,5465.6,3315.6,3733.5
2021-01-15,197.0,5662.6,3212.6,3715.0
2021-01-16,0.0,5662.6,3012.6,3691.8
2021-01-17,0.0,5662.6,3012.6,3668.5
2021-01-18,-3.0,5659.6,2809.6,3641.1
2021-01-19,75.0,5734.6,2634.6,3604.1
2021-01-20,278.0,6012.6,2812.6,3571.6
2021-01-21,248.0,6260.6,3030.6,3545.7
2021-01-22,0.0,6260.6,2790.1,3516.4
2021-01-23,-240.5,6020.1,2549.6,3484.4
2021-01-24,0.0,6020.1,2549.6,3458.5
2021-01-25,0.0,6020.1,2549.6,3438.6
2021-01-26,-78.0,5942.1,2471.6,3419.1
2021-01-27,-100.0,5842.1,2371.6,3396.8
2021-01-28,-150.0,5692.1,2321.6,3373.2
2021-01-29,98.0,5790.1,2719.6,3357.7
2021-01-30,0.0,5790.1,2919.6,3346.2
2021-01-31,0.0,5790.1,2919.6,3334.6
2021-02-01,98.0,5888.1,3217.6,3329.0
2021-02-02,78.0,5966.1,2345.6,3306.6
2021-02-03,-80.0,5886.1,1865.6,3262.6
2021-02-04,0.0,5886.1,1895.6,3225.4
2021-02-05,0.0,5886.1,1895.6,3192.2
2021-02-06,0.0,5886.1,1895.6,3164.6
2021-02-07,50.0,5936.1,1945.6,3140.9
2021-02-08,10.0,5946.1,1955.6,3117.5
2021-02-09,-30.0,5916.1,1925.6,3091.7
2021-02-10,-80.0,5836.1,2125.6,3068.5
2021-02-11,0.0,5836.1,2125.6,3043.3
2021-02-12,0.0,5836.1,2125.6,3016.4
2021-02-13,0.0,5836.1,2125.6,2988.4
2021-02-14,0.0,5836.1,2125.6,2960.4
2021-02-15,-110.0,5726.1,2015.6,2930.2
2021-02-16,-50.0,5676.1,2665.6,2912.8
2021-02-17,-220.0,5456.1,2665.6,2895.1
2021-02-18,120.0,5576.1,2785.6,2879.3
2021-02-19,-80.0,5496.1,2705.6,2857.3
2021-02-20,10.0,5506.1,2715.6,2831.3
2021-02-21,-50.0,5456.1,2665.6,2801.3
2021-02-22,10.0,5466.1,2675.6,2771.4
2021-02-23,10.0,5476.1,2985.6,2749.8
2021-02-24,10.0,5486.1,2995.6,2730.0
2021-02-25,0.0,5486.1,2995.6,2712.8
2021-02-26,0.0,5486.1,2995.6,2697.8
2021-02-27,-10.0,5476.1,2985.6,2682.4
2021-02-28,0.0,5476.1,2985.6,2667.1
2021-03-01,0.0,5476.1,2985.6,2651.8
2021-03-02,0.0,5476.1,2985.6,2636.8
2021-03-03,0.0,5476.1,2985.6,2621.8
2021-03-04,-10.0,5466.1,2975.6,2606.9
2021-03-05,-10.0,5456.1,2965.6,2599.9
2021-03-06,0.0,5456.1,2965.6,2595.0
2021-03-07,0.0,5456.1,2965.6,2594.0
2021-03-08,0.0,5456.1,2965.6,2593.1
2021-03-09,0.0,5456.1,2965.6,2596.2
2021-03-10,0.0,5456.1,2965.6,2602.8
2021-03-11,0.0,5456.1,2965.6,2605.9
2021-03-12,0.0,5456.1,2965.6,2604.6
2021-03-13,0.0,5456.1,2965.6,2608.1
2021-03-14,0.0,5456.1,2965.6,2616.4
2021-03-15,100.0,5556.1,3065.6,2626.7
2021-03-16,-100.0,5456.1,2865.6,2633.0
2021-03-17,0.0,5456.1,2865.6,2640.9
2021-03-18,0.0,5456.1,2865.6,2650.8
2021-03-19,0.0,5456.1,2865.6,2661.7
2021-03-20,0.0,5456.1,2865.6,2664.6
2021-03-21,0.0,5456.1,2865.6,2663.5
2021-03-22,0.0,5456.1,2865.6,2662.4
2021-03-23,0.0,5456.1,2865.6,2655.4
2021-03-24,0.0,5456.1,2865.6,2665.8
2021-03-25,0.0,5456.1,2865.6,2685.8
2021-03-26,0.0,5456.1,2865.6,2705.2
2021-03-27,0.0,5456.1,2865.6,2724.6
2021-03-28,0.0,5456.1,2865.6,2744.0
2021-03-29,0.0,5456.1,2865.6,2762.4
2021-03-30,0.0,5456.1,2815.6,2779.6
2021-03-31,0.0,5456.1,2795.6,2797.0
2021-04-01,0.0,5456.1,2795.6,2810.4
2021-04-02,0.0,5456.1,2795.6,2823.8
2021-04-03,0.0,5456.1,2795.6,2837.2
2021-04-04,0.0,5456.1,2795.6,2850.6
2021-04-05,-10.0,5446.1,2785.6,2863.8
2021-04-06,0.0,5446.1,2835.6,2880.2
2021-04-07,0.0,5446.1,2855.6,2884.0
2021-04-08,0.0,5446.1,2855.6,2887.8
2021-04-09,0.0,5446.1,2855.6,2889.2
2021-04-10,0.0,5446.1,2855.6,2892.2
2021-04-11,0.0,5446.1,2855.6,2895.0
2021-04-12,10.0,5456.1,2865.6,2899.0
2021-04-13,0.0,5456.1,2865.6,2902.8
2021-04-14,0.0,5456.1,2865.6,2900.4
2021-04-15,-50.0,5406.1,2615.6,2892.8
2021-04-16,0.0,5406.1,2615.6,2885.2
2021-04-17,0.0,5406.1,2615.6,2877.6
2021-04-18,0.0,5406.1,2615.6,2870.2
2021-04-19,0.0,5406.1,2615.6,2862.8
2021-04-20,0.0,5406.1,2615.6,2855.4
2021-04-21,0.0,5406.1,2615.6,2848.0
2021-04-22,0.0,5406.1,2615.6,2840.6
2021-04-23,0.0,5406.1,2615.6,2833.4
2021-04-24,-56.1,5350.0,2503.4,2824.2
2021-04-25,10.0,5360.0,2513.4,2815.1
2021-04-26,0.0,5360.0,2513.4,2806.1
2021-04-27,0.0,5360.0,2513.4,2797.0
2021-04-28,0.0,5360.0,2513.4,2788.0
2021-04-29,0.0,5360.0,2513.4,2778.9
2021-04-30,0.0,5360.0,2513.4,2769.9
2021-05-01,0.0,5360.0,2513.4,2760.8
2021-05-02,-10.0,5350.0,2503.4,2751.6
2021-05-03,-10.0,5340.0,2493.4,2742.2
2021-05-04,-10.0,5330.0,2483.4,2730.5
2021-05-05,-10.0,5320.0,2473.4,2722.7
2021-05-06,0.0,5320.0,2473.4,2714.8
2021-05-07,0.0,5320.0,2473.4,2707.0
2021-05-08,10.0,5330.0,2483.4,2699.3
2021-05-09,0.0,5330.0,2483.4,2691.7
2021-05-10,10.0,5340.0,2493.4,2684.3
2021-05-11,10.0,5350.0,2503.4,2677.0
2021-05-12,10.0,5360.0,2513.4,2670.0
2021-05-13,0.0,5360.0,2513.4,2662.9
2021-05-14,0.0,5360.0,2513.4,2655.9
2021-05-15,-10.0,5350.0,2503.4,2648.6
2021-05-16,0.0,5350.0,2503.4,2641.4
2021-05-17,100.0,5450.0,2603.4,2636.1
2021-05-18,0.0,5450.0,2603.4,2630.9
2021-05-19,0.0,5450.0,2603.4,2626.7
2021-05-20,0.0,5450.0,2603.4,2622.8
2021-05-21,0.0,5450.0,2603.4,2619.0
2021-05-22,0.0,5450.0,2603.4,2615.1
2021-05-23,0.0,5450.0,2603.4,2611.3
2021-05-24,0.0,5450.0,2603.4,2607.4
2021-05-25,0.0,5450.0,2603.4,2603.8
2021-05-26,0.0,5450.0,2593.4,2598.9
2021-05-27,0.0,5450.0,2473.4,2591.3
2021-05-28,0.0,5450.0,2233.4,2578.9
2021-05-29,0.0,5450.0,1933.4,2560.4
2021-05-30,0.0,5450.0,1933.4,2542.0
2021-05-31,0.0,5450.0,1933.4,2523.5
2021-06-01,0.0,5450.0,1933.4,2504.9
2021-06-02,0.0,5450.0,1943.4,2486.4
2021-06-03,0.0,5450.0,2063.4,2470.4
2021-06-04,0.0,5450.0,2233.4,2462.8
2021-06-05,0.0,5450.0,2383.4,2458.1
2021-06-06,0.0,5450.0,2383.4,2453.5
2021-06-07,0.0,5450.0,2383.4,2448.8
2021-06-08,0.0,5450.0,2263.4,2441.8
2021-06-09,0.0,5450.0,2203.4,2433.5
2021-06-10,0.0,5450.0,2143.4,2424.1
2021-06-11,0.0,5450.0,2133.4,2414.4
2021-06-12,0.0,5450.0,2183.4,2405.8
2021-06-13,0.0,5450.0,2183.4,2399.4
2021-06-14,-10.0,5440.0,2173.4,2392.6
2021-06-15,0.0,5440.0,2093.4,2384.2
2021-06-16,0.0,5440.0,2153.4,2377.0
2021-06-17,0.0,5440.0,2213.4,2371.0
2021-06-18,0.0,5440.0,2173.4,2364.2
2021-06-19,0.0,5440.0,2093.4,2355.8
2021-06-20,0.0,5440.0,2093.4,2347.4
2021-06-21,10.0,5450.0,2103.4,2339.4
2021-06-22,0.0,5450.0,1983.4,2329.2
2021-06-23,0.0,5450.0,1783.4,2315.2
2021-06-24,20.0,5470.0,1623.4,2298.2
2021-06-25,20.0,5490.0,1693.4,2282.6
2021-06-26,0.0,5490.0,1763.4,2268.4
2021-06-27,0.0,5490.0,1763.4,2254.0
2021-06-28,20.0,5510.0,1683.4,2238.0
2021-06-29,20.0,5530.0,1743.4,2223.0
2021-06-30,20.0,5550.0,1853.4,2210.0
2021-07-01,-20.0,5530.0,2013.4,2200.0
2021-07-02,-20.0,5510.0,2063.4,2191.0
2021-07-03,0.0,5510.0,2173.4,2184.2
2021-07-04,0.0,5510.0,2173.4,2177.6
2021-07-05,-20.0,5490.0,2253.4,2172.6
2021-07-06,-20.0,5470.0,2313.4,2166.8
2021-07-07,-20.0,5450.0,2403.4,2162.8
2021-07-08,0.0,5450.0,2403.4,2158.8
2021-07-09,0.0,5450.0,2403.4,2154.8
2021-07-10,0.0,5450.0,2403.4,2150.8
2021-07-11,0.0,5450.0,2403.4,2146.8
2021-07-12,0.0,5450.0,2403.4,2142.8
2021-07-13,0.0,5450.0,2353.4,2137.8
2021-07-14,0.0,5450.0,2323.4,2132.2
2021-07-15,-300.0,5150.0,1623.4,2112.8
2021-07-16,0.0,5150.0,1573.4,2094.8
2021-07-17,0.0,5150.0,1373.4,2077.6
2021-07-18,0.0,5150.0,1373.4,2066.4
2021-07-19,0.0,5150.0,1373.4,2055.2
2021-07-20,0.0,5150.0,1323.4,2043.0
2021-07-21,0.0,5150.0,1343.4,2031.2
2021-07-22,0.0,5150.0,1343.4,2019.2
2021-07-23,0.0,5150.0,1393.4,2005.8
2021-07-24,0.0,5150.0,1593.4,1993.0
2021-07-25,0.0,5150.0,1593.4,1977.2
2021-07-26,0.0,5150.0,1593.4,1961.4
2021-07-27,0.0,5150.0,1593.4,1945.6
2021-07-28,0.0,5150.0,1523.4,1930.8
2021-07-29,20.0,5170.0,1513.4,1917.0
2021-07-30,20.0,5190.0,1483.4,1903.8
2021-07-31,0.0,5190.0,1463.4,1890.4
2021-08-01,0.0,5190.0,1463.4,1876.0
2021-08-02,0.0,5190.0,1463.4,1861.6
2021-08-03,0.0,5190.0,1563.4,1849.4
2021-08-04,0.0,5190.0,1643.4,1840.4
2021-08-05,-20.0,5170.0,1653.4,1830.4
2021-08-06,-20.0,5150.0,1683.4,1819.8
2021-08-07,0.0,5150.0,1693.4,1810.2
2021-08-08,0.0,5150.0,1693.4,1802.2
2021-08-09,0.0,5150.0,1693.4,1794.2
2021-08-10,0.0,5150.0,1683.4,1785.8
2021-08-11,0.0,5150.0,1633.4,1778.8
2021-08-12,0.0,5150.0,1493.4,1773.0
2021-08-13,0.0,5150.0,1343.4,1767.4
2021-08-14,0.0,5150.0,1203.4,1757.6
2021-08-15,0.0,5150.0,1203.4,1746.4
2021-08-16,600.0,5750.0,1803.4,1747.2
2021-08-17,-700.0,5050.0,363.4,1720.8
2021-08-18,0.0,5050.0,313.4,1692.2
2021-08-19,0.0,5050.0,303.4,1661.2
2021-08-20,0.0,5050.0,293.4,1626.8
2021-08-21,0.0,5050.0,443.4,1594.4
2021-08-22,0.0,5050.0,443.4,1559.8
2021-08-23,0.0,5050.0,443.4,1525.2
2021-08-24,0.0,5050.0,333.4,1486.8
2021-08-25,40.0,5090.0,173.4,1444.0
2021-08-26,40.0,5130.0,313.4,1402.2
2021-08-27,40.0,5170.0,413.4,1362.4
2021-08-28,0.0,5170.0,363.4,1321.6
2021-08-29,0.0,5170.0,363.4,1280.8
2021-08-30,40.0,5210.0,403.4,1240.8
2021-08-31,40.0,5250.0,523.4,1203.2
2021-09-01,-40.0,5210.0,713.4,1170.4
2021-09-02,-40.0,5170.0,853.4,1141.0
2021-09-03,-40.0,5130.0,793.4,1124.4
2021-09-04,0.0,5130.0,743.4,1107.8
2021-09-05,0.0,5130.0,743.4,1095.2
2021-09-06,-40.0,5090.0,703.4,1081.8
2021-09-07,-40.0,5050.0,643.4,1067.2
2021-09-08,0.0,5050.0,543.4,1051.6
2021-09-09,0.0,5050.0,443.4,1033.6
2021-09-10,0.0,5050.0,423.4,1015.2
2021-09-11,0.0,5050.0,433.4,996.0
2021-09-12,0.0,5050.0,433.4,972.8
2021-09-13,0.0,5050.0,433.4,949.6
2021-09-14,0.0,5050.0,453.4,926.8
2021-09-15,0.0,5050.0,23.4,895.4
2021-09-16,0.0,5050.0,23.4,865.4
2021-09-17,90.0,5140.0,343.4,842.0
2021-09-18,100.0,5240.0,363.4,819.6
2021-09-19,0.0,5240.0,363.4,797.6
2021-09-20,-10.0,5230.0,353.4,775.4
2021-09-21,-10.0,5220.0,423.4,754.6
2021-09-22,110.0,5330.0,183.4,727.0
2021-09-23,110.0,5440.0,213.4,698.4
2021-09-24,70.0,5510.0,273.4,670.8
2021-09-25,-50.0,5460.0,243.4,642.0
2021-09-26,100.0,5560.0,343.4,615.0
2021-09-27,100.0,5660.0,423.4,589.6
2021-09-28,100.0,5760.0,483.4,565.4
2021-09-29,40.0,5800.0,623.4,544.2
2021-09-30,40.0,5840.0,713.4,525.8
2021-10-01,-50.0,5790.0,663.4,509.2
2021-10-02,-50.0,5740.0,673.4,495.8
2021-10-03,0.0,5740.0,673.4,485.2
2021-10-04,0.0,5740.0,673.4,474.6
2021-10-05,0.0,5740.0,673.4,452.0
2021-10-06,-60.0,5680.0,763.4,460.0
2021-10-07,-60.0,5620.0,803.4,469.8
2021-10-08,-110.0,5510.0,813.4,480.0
2021-10-09,10.0,5520.0,913.4,492.4
2021-10-10,-100.0,5420.0,813.4,499.8
2021-10-11,-90.0,5330.0,743.4,505.8
2021-10-12,-90.0,5240.0,693.4,510.8
2021-10-13,-90.0,5150.0,703.4,518.2
2021-10-14,-90.0,5060.0,663.4,528.0
2021-10-15,0.0,5060.0,113.4,524.0
2021-10-16,-10.0,5050.0,253.4,520.8
2021-10-17,0.0,5050.0,253.4,518.6
2021-10-18,0.0,5050.0,253.4,516.4
2021-10-19,0.0,5050.0,203.4,512.4
2021-10-20,90.0,5140.0,223.4,506.4
2021-10-21,90.0,5230.0,233.4,496.8
2021-10-22,90.0,5320.0,323.4,486.2
2021-10-23,0.0,5320.0,303.4,476.4
2021-10-24,0.0,5320.0,303.4,467.6
2021-10-25,190.0,5510.0,493.4,462.6
2021-10-26,190.0,5700.0,733.4,463.2
2021-10-27,100.0,5800.0,803.4,466.4
2021-10-28,100.0,5900.0,863.4,472.8
2021-10-29,100.0,6000.0,873.4,481.4
2021-10-30,0.0,6000.0,843.4,489.8
2021-10-31,0.0,6000.0,843.4,498.0
2021-11-01,-190.0,5810.0,653.4,502.4
2021-11-02,-190.0,5620.0,413.4,502.0
2021-11-03,-150.0,5470.0,243.4,497.8
2021-11-04,-150.0,5320.0,93.4,499.2
2021-11-05,-100.0,5220.0,503.4,508.8
2021-11-06,0.0,5220.0,603.4,514.0
2021-11-07,0.0,5220.0,603.4,518.8
2021-11-08,90.0,5310.0,693.4,525.4
2021-11-09,90.0,5400.0,833.4,535.0
2021-11-10,50.0,5450.0,883.4,544.2
2021-11-11,50.0,5500.0,903.4,558.6
2021-11-12,0.0,5500.0,813.4,570.6
2021-11-13,0.0,5500.0,653.4,578.2
2021-11-14,0.0,5500.0,653.4,586.4
2021-11-15,910.0,6410.0,1763.4,614.8
2021-11-16,-850.0,5560.0,113.4,608.6
2021-11-17,-50.0,5510.0,133.4,601.6
2021-11-18,-50.0,5460.0,133.4,591.8
2021-11-19,-50.0,5410.0,133.4,580.2
2021-11-20,0.0,5410.0,213.4,571.2
2021-11-21,0.0,5410.0,213.4,562.0
2021-11-22,40.0,5450.0,253.4,553.6
2021-11-23,0.0,5450.0,213.4,544.4
2021-11-24,50.0,5500.0,243.4,535.8
2021-11-25,50.0,5550.0,273.4,526.0
2021-11-26,50.0,5600.0,313.4,516.2
2021-11-27,0.0,5600.0,273.4,505.4
2021-11-28,0.0,5600.0,273.4,492.6
2021-11-29,50.0,5650.0,323.4,482.8
2021-11-30,-150.0,5500.0,-136.6,465.2
2021-12-01,-90.0,5410.0,-176.6,447.8
2021-12-02,-90.0,5320.0,-156.6,430.6
2021-12-03,-90.0,5230.0,-176.6,413.8
2021-12-04,0.0,5230.0,-66.6,410.2
2021-12-05,0.0,5230.0,-66.6,403.8
2021-12-06,-90.0,5140.0,143.4,401.6
2021-12-07,-90.0,5050.0,153.4,399.6
2021-12-08,0.0,5050.0,113.4,397.8
2021-12-09,0.0,5050.0,103.4,395.4
2021-12-10,0.0,5050.0,103.4,392.8
2021-12-11,0.0,5050.0,103.4,388.4
2021-12-12,0.0,5050.0,103.4,384.4
2021-12-13,0.0,5050.0,103.4,380.4
2021-12-14,0.0,5050.0,133.4,373.2
2021-12-15,-450.0,4600.0,-1216.6,334.2
2021-12-16,0.0,4600.0,-906.6,300.0
2021-12-17,0.0,4600.0,-906.6,264.6
2021-12-18,0.0,4600.0,-906.6,229.0
2021-12-19,0.0,4600.0,-906.6,194.0
2021-12-20,10.0,4610.0,-896.6,159.2
2021-12-21,10.0,4620.0,-976.6,126.6
2021-12-22,10.0,4630.0,-1086.6,96.6
2021-12-23,10.0,4640.0,-1176.6,68.2
2021-12-24,10.0,4650.0,-1196.6,42.4
2021-12-25,0.0,4650.0,-1226.6,7.8
2021-12-26,0.0,4650.0,-1226.6,-28.8
2021-12-27,40.0,4690.0,-1186.6,-64.6
2021-12-28,190.0,4880.0,-1006.6,-98.6
2021-12-29,190.0,5070.0,-826.6,-131.8
2021-12-30,90.0,5160.0,-766.6,-164.8
2021-12-31,90.0,5250.0,-756.6,-198.0
2022-01-01,0.0,5250.0,-716.6,-228.6
2022-01-02,0.0,5250.0,-716.6,-256.0
2022-01-03,-60.0,5190.0,-776.6,-284.6
2022-01-04,-200.0,4990.0,-876.6,-337.4
2022-01-05,-200.0,4790.0,-946.6,-358.6
2022-01-06,-100.0,4690.0,-916.6,-379.6
2022-01-07,-100.0,4590.0,-906.6,-400.4
2022-01-08,0.0,4590.0,-911.6,-421.3
2022-01-09,0.0,4590.0,-911.6,-443.8
2022-01-10,10.0,4600.0,-901.6,-466.1
2022-01-11,0.0,4600.0,-886.6,-488.9
2022-01-12,0.0,4600.0,-881.6,-510.8
2022-01-13,0.0,4600.0,-873.6,-533.1
2022-01-14,0.0,4600.0,-865.6,-555.9
2022-01-15,-500.0,4100.0,-1562.6,-593.4
2022-01-16,0.0,4100.0,-1562.6,-630.2
2022-01-17,790.0,4890.0,-772.6,-651.1
2022-01-18,90.0,4980.0,-679.6,-671.1
2022-01-19,90.0,5070.0,-664.6,-681.7
2022-01-20,90.0,5160.0,-852.6,-695.2
2022-01-21,90.0,5250.0,-1010.6,-712.3
2022-01-22,0.0,5250.0,-1010.6,-729.0
2022-01-23,0.0,5250.0,-770.1,-743.1
2022-01-24,50.0,5300.0,-720.1,-756.1
2022-01-25,50.0,5350.0,-670.1,-772.4
2022-01-26,100.0,5450.0,-492.1,-785.3
2022-01-27,100.0,5550.0,-292.1,-793.4
2022-01-28,100.0,5650.0,-42.1,-796.3
2022-01-29,100.0,5750.0,-40.1,-799.2
2022-01-30,100.0,5850.0,59.9,-800.1
2022-01-31,0.0,5850.0,59.9,-800.9
2022-02-01,0.0,5850.0,-38.1,-803.8
2022-02-02,0.0,5850.0,-116.1,-808.8
2022-02-03,0.0,5850.0,-36.1,-785.1
2022-02-04,0.0,5850.0,-36.1,-767.7
2022-02-05,0.0,5850.0,-36.1,-750.3
2022-02-06,0.0,5850.0,-36.1,-732.9
2022-02-07,-130.0,5720.0,-216.1,-719.1
2022-02-08,-130.0,5590.0,-356.1,-708.3
2022-02-09,-180.0,5410.0,-506.1,-698.9
2022-02-10,-180.0,5230.0,-606.1,-689.3
2022-02-11,-180.0,5050.0,-786.1,-681.5
2022-02-12,-100.0,4950.0,-886.1,-675.3
2022-02-13,-100.0,4850.0,-986.1,-670.4
2022-02-14,-10.0,4840.0,-996.1,-665.8
2022-02-15,290.0,5130.0,-596.1,-654.0
2022-02-16,-10.0,5120.0,-556.1,-645.0
2022-02-17,-10.0,5110.0,-346.1,-635.4
2022-02-18,-210.0,4900.0,-676.1,-633.6
2022-02-19,0.0,4900.0,-596.1,-630.4
2022-02-20,0.0,4900.0,-606.1,-628.2
2022-02-21,0.0,4900.0,-556.1,-625.0
2022-02-22,90.0,4990.0,-476.1,-619.0
2022-02-23,190.0,5180.0,-296.1,-607.3
2022-02-24,190.0,5370.0,-116.1,-590.7
2022-02-25,290.0,5660.0,173.9,-568.9
2022-02-26,0.0,5660.0,173.9,-547.3
2022-02-27,0.0,5660.0,183.9,-525.4
2022-02-28,290.0,5950.0,473.9,-497.7
2022-03-01,-50.0,5900.0,423.9,-471.2
2022-03-02,-190.0,5710.0,233.9,-448.8
2022-03-03,-190.0,5520.0,43.9,-430.3
2022-03-04,-290.0,5230.0,-236.1,-417.5
2022-03-05,0.0,5230.0,-226.1,-404.7
2022-03-06,0.0,5230.0,-226.1,-378.0
2022-03-07,-290.0,4940.0,-516.1,-357.1
2022-03-08,-40.0,4900.0,-556.1,-352.7
2022-03-09,0.0,4900.0,-556.1,-350.3
2022-03-10,0.0,4900.0,-556.1,-348.1
2022-03-11,0.0,4900.0,-556.1,-342.2
2022-03-12,0.0,4900.0,-556.1,-333.1
2022-03-13,0.0,4900.0,-556.1,-324.0
2022-03-14,0.0,4900.0,-556.1,-319.7
2022-03-15,100.0,5000.0,-556.1,-316.4
2022-03-16,0.0,5000.0,-456.1,-312.1
2022-03-17,70.0,5070.0,-386.1,-310.0
2022-03-18,20.0,5090.0,-366.1,-311.5
2022-03-19,0.0,5090.0,-366.1,-318.0
2022-03-20,0.0,5090.0,-366.1,-324.5
2022-03-21,20.0,5110.0,-346.1,-332.6
2022-03-22,10.0,5120.0,-336.1,-340.5
2022-03-23,10.0,5130.0,-326.1,-346.3
2022-03-24,-60.0,5070.0,-386.1,-351.7
2022-03-25,70.0,5140.0,-316.1,-357.3
2022-03-26,0.0,5140.0,-316.1,-362.9
2022-03-27,0.0,5140.0,-316.1,-368.5
2022-03-28,120.0,5260.0,-196.1,-371.7
2022-03-29,130.0,5390.0,-66.1,-368.7
2022-03-30,130.0,5520.0,63.9,-360.3
2022-03-31,130.0,5650.0,193.9,-346.3
2022-04-01,-90.0,5560.0,103.9,-332.1
2022-04-02,10.0,5570.0,113.9,-314.1
2022-04-03,0.0,5570.0,113.9,-294.1
2022-04-04,-150.0,5420.0,-36.1,-275.1
2022-04-05,-150.0,5270.0,-176.1,-258.7
2022-04-06,-140.0,5130.0,-316.1,-253.1
2022-04-07,-140.0,4990.0,-456.1,-251.1
2022-04-08,0.0,4990.0,-456.1,-253.3
2022-04-09,-10.0,4980.0,-466.1,-249.1
2022-04-10,0.0,4980.0,-466.1,-246.5
2022-04-11,10.0,4990.0,-456.1,-243.5
2022-04-12,20.0,5010.0,-446.1,-241.3
2022-04-13,0.0,5010.0,-446.1,-240.7
2022-04-14,0.0,5010.0,-446.1,-243.7
2022-04-15,0.0,5010.0,-396.1,-249.3
2022-04-16,0.0,5010.0,-396.1,-260.7
2022-04-17,0.0,5010.0,-396.1,-272.1
2022-04-18,0.0,5010.0,-396.1,-283.7
2022-04-19,-10.0,5000.0,-406.1,-301.3
2022-04-20,0.0,5000.0,-406.1,-317.9
2022-04-21,0.0,5000.0,-406.1,-330.7
2022-04-22,0.0,5000.0,-406.1,-339.7
2022-04-23,0.0,5000.0,-406.1,-343.1
2022-04-24,10.0,5010.0,-340.0,-345.4
2022-04-25,0.0,5010.0,-350.0,-347.9
2022-04-26,0.0,5010.0,-350.0,-344.5
2022-04-27,0.0,5010.0,-350.0,-340.4
2022-04-28,0.0,5010.0,-350.0,-336.3
2022-04-29,0.0,5010.0,-350.0,-332.2
2022-04-30,0.0,5010.0,-350.0,-328.0
2022-05-01,-10.0,5000.0,-360.0,-324.1
2022-05-02,-10.0,4990.0,-360.0,-320.2
2022-05-03,-10.0,4980.0,-360.0,-316.3
2022-05-04,-10.0,4970.0,-360.0,-312.4
2022-05-05,0.0,4970.0,-350.0,-310.2
2022-05-06,0.0,4970.0,-350.0,-309.5
2022-05-07,10.0,4980.0,-340.0,-309.0
2022-05-08,0.0,4980.0,-350.0,-308.7
2022-05-09,10.0,4990.0,-340.0,-308.1
2022-05-10,10.0,5000.0,-340.0,-308.0
2022-05-11,10.0,5010.0,-340.0,-308.1
2022-05-12,0.0,5010.0,-350.0,-308.6
2022-05-13,0.0,5010.0,-350.0,-307.9
2022-05-14,-10.0,5000.0,-360.0,-308.7
2022-05-15,0.0,5000.0,-350.0,-309.4
2022-05-16,100.0,5100.0,-250.0,-308.1
2022-05-17,-100.0,5000.0,-450.0,-313.2
2022-05-18,0.0,5000.0,-450.0,-320.9
2022-05-19,0.0,5000.0,-450.0,-331.1
2022-05-20,0.0,5000.0,-450.0,-344.0
2022-05-21,0.0,5000.0,-450.0,-355.1
2022-05-22,0.0,5000.0,-450.0,-366.4
2022-05-23,0.0,5000.0,-450.0,-377.6
2022-05-24,0.0,5000.0,-450.0,-385.9
2022-05-25,0.0,5000.0,-450.0,-391.4
2022-05-26,0.0,5000.0,-450.0,-394.1
2022-05-27,0.0,5000.0,-450.0,-394.0
2022-05-28,0.0,5000.0,-450.0,-393.8
2022-05-29,0.0,5000.0,-450.0,-393.5
2022-05-30,0.0,5000.0,-450.0,-393.2
2022-05-31,0.0,5000.0,-450.0,-393.1
2022-06-01,0.0,5000.0,-450.0,-393.1
2022-06-02,0.0,5000.0,-450.0,-393.2
2022-06-03,-10.0,4990.0,-460.0,-393.5
2022-06-04,0.0,4990.0,-460.0,-394.8
2022-06-05,0.0,4990.0,-460.0,-396.1
2022-06-06,0.0,4990.0,-460.0,-397.3
2022-06-07,0.0,4990.0,-460.0,-398.6
2022-06-08,0.0,4990.0,-460.0,-399.7
2022-06-09,0.0,4990.0,-460.0,-400.8
2022-06-10,10.0,5000.0,-450.0,-401.6
2022-06-11,0.0,5000.0,-450.0,-402.5
2022-06-12,0.0,5000.0,-450.0,-403.4
2022-06-13,0.0,5000.0,-450.0,-405.6
2022-06-14,0.0,5000.0,-440.0,-407.4
2022-06-15,0.0,5000.0,-440.0,-409.2
2022-06-16,0.0,5000.0,-440.0,-411.0
2022-06-17,0.0,5000.0,-440.0,-412.8
2022-06-18,0.0,5000.0,-440.0,-414.6
2022-06-19,0.0,5000.0,-440.0,-416.4
2022-06-20,0.0,5000.0,-440.0,-418.0
2022-06-21,0.0,5000.0,-450.0,-419.8
2022-06-22,0.0,5000.0,-450.0,-421.6
2022-06-23,0.0,5000.0,-450.0,-423.4
2022-06-24,50.0,5050.0,-420.0,-424.8
2022-06-25,0.0,5050.0,-440.0,-426.6
2022-06-26,0.0,5050.0,-440.0,-428.6
2022-06-27,90.0,5140.0,-350.0,-428.6
2022-06-28,100.0,5240.0,-270.0,-427.2
2022-06-29,90.0,5330.0,-200.0,-424.4
2022-06-30,70.0,5400.0,-150.0,-420.6
2022-07-01,-50.0,5350.0,-180.0,-417.2
2022-07-02,0.0,5350.0,-160.0,-413.4
2022-07-03,0.0,5350.0,-160.0,-409.4
2022-07-04,-97.0,5253.0,-257.0,-407.5
2022-07-05,-107.0,5146.0,-344.0,-409.4
2022-07-06,-97.0,5049.0,-421.0,-408.8
2022-07-07,-77.0,4972.0,-478.0,-409.4
2022-07-08,-7.0,4965.0,-485.0,-410.1
2022-07-09,0.0,4965.0,-485.0,-410.8
2022-07-10,0.0,4965.0,-485.0,-411.5
2022-07-11,0.0,4965.0,-485.0,-412.2
2022-07-12,0.0,4965.0,-485.0,-412.9
2022-07-13,0.0,4965.0,-485.0,-413.6
2022-07-14,0.0,4965.0,-485.0,-414.3
2022-07-15,0.0,4965.0,-185.0,-409.0
2022-07-16,0.0,4965.0,-185.0,-403.7
2022-07-17,0.0,4965.0,-185.0,-398.4
2022-07-18,9.0,4974.0,-176.0,-392.9
2022-07-19,4.0,4978.0,-172.0,-387.4
2022-07-20,0.0,4978.0,-172.0,-381.8
2022-07-21,0.0,4978.0,-172.0,-376.2
2022-07-22,0.0,4978.0,-172.0,-370.7
2022-07-23,0.0,4978.0,-172.0,-364.9
2022-07-24,0.0,4978.0,-172.0,-359.2
2022-07-25,-7.0,4971.0,-179.0,-353.5
2022-07-26,-2.0,4969.0,-181.0,-348.0
2022-07-27,-1.0,4968.0,-182.0,-342.4
2022-07-28,-1.0,4967.0,-183.0,-336.9
2022-07-29,-1.0,4966.0,-204.0,-331.7
2022-07-30,0.0,4966.0,-224.0,-327.2
2022-07-31,0.0,4966.0,-224.0,-322.7
2022-08-01,-3.0,4963.0,-227.0,-318.2
2022-08-02,-3.0,4960.0,-230.0,-313.8
2022-08-03,0.0,4960.0,-230.0,-309.6
2022-08-04,0.0,4960.0,-230.0,-305.4
2022-08-05,0.0,4960.0,-210.0,-300.8
2022-08-06,0.0,4960.0,-190.0,-295.8
2022-08-07,0.0,4960.0,-190.0,-290.8
2022-08-08,0.0,4960.0,-190.0,-285.8
2022-08-09,0.0,4960.0,-190.0,-280.8
2022-08-10,0.0,4960.0,-190.0,-275.6
2022-08-11,0.0,4960.0,-190.0,-270.4
2022-08-12,0.0,4960.0,-190.0,-265.2
2022-08-13,0.0,4960.0,-190.0,-260.6
2022-08-14,0.0,4960.0,-190.0,-255.6
2022-08-15,400.0,5360.0,210.0,-242.6
2022-08-16,-600.0,4760.0,-990.0,-255.4
2022-08-17,0.0,4760.0,-290.0,-255.8
2022-08-18,0.0,4760.0,-290.0,-257.6
2022-08-19,0.0,4760.0,-290.0,-260.4
2022-08-20,0.0,4760.0,-290.0,-262.6
2022-08-21,0.0,4760.0,-290.0,-265.2
2022-08-22,0.0,4760.0,-290.0,-267.8
2022-08-23,0.0,4760.0,-290.0,-268.5
2022-08-24,0.0,4760.0,-290.0,-267.4
2022-08-25,0.0,4760.0,-330.0,-265.6
2022-08-26,0.0,4760.0,-370.0,-263.4
2022-08-27,0.0,4760.0,-410.0,-261.9
2022-08-28,0.0,4760.0,-410.0,-260.4
2022-08-29,0.0,4760.0,-410.0,-258.9
2022-08-30,0.0,4760.0,-450.0,-258.2
2022-08-31,0.0,4760.0,-490.0,-258.3
2022-09-01,0.0,4760.0,-450.0,-257.6
2022-09-02,0.0,4760.0,-410.0,-256.1
2022-09-03,0.0,4760.0,-370.0,-259.8
2022-09-04,0.0,4760.0,-370.0,-263.5
2022-09-05,0.0,4760.0,-370.0,-267.2
2022-09-06,0.0,4760.0,-330.0,-270.3
2022-09-07,0.0,4760.0,-290.0,-272.7
2022-09-08,0.0,4760.0,-290.0,-275.0
2022-09-09,0.0,4760.0,-290.0,-277.4
2022-09-10,0.0,4760.0,-290.0,-279.8
2022-09-11,0.0,4760.0,-290.0,-282.1
2022-09-12,-2.0,4758.0,-292.0,-284.5
2022-09-13,0.0,4758.0,-292.0,-286.8
2022-09-14,0.0,4758.0,-292.0,-289.0
2022-09-15,-200.0,4558.0,-492.0,-295.2
2022-09-16,0.0,4558.0,-492.0,-301.4
2022-09-17,0.0,4558.0,-582.0,-308.9
2022-09-18,0.0,4558.0,-682.0,-318.1
2022-09-19,12.0,4570.0,-670.0,-327.0
2022-09-20,24.0,4594.0,-636.0,-335.2
2022-09-21,19.0,4613.0,-607.0,-342.7
2022-09-22,16.0,4629.0,-701.0,-352.2
2022-09-23,21.0,4650.0,-790.0,-363.4
2022-09-24,0.0,4650.0,-860.0,-376.4
2022-09-25,0.0,4650.0,-810.0,-388.8
2022-09-26,133.0,4783.0,-777.0,-400.5
2022-09-27,173.0,4956.0,-704.0,-410.8
2022-09-28,198.0,5154.0,-606.0,-419.1
2022-09-29,180.0,5334.0,-466.0,-424.6
2022-09-30,184.0,5518.0,-322.0,-427.3
2022-10-01,0.0,5518.0,-272.0,-428.9
2022-10-02,0.0,5518.0,-222.0,-429.5
2022-10-03,-52.0,5466.0,-274.0,-431.2
2022-10-04,-137.0,5329.0,-411.0,-443.6
2022-10-05,-152.0,5177.0,-563.0,-435.1
2022-10-06,-121.0,5056.0,-624.0,-441.8
2022-10-07,-149.0,4907.0,-713.0,-450.2
2022-10-08,17.0,4924.0,-586.0,-456.2
2022-10-09,2.0,4926.0,-594.0,-462.2
2022-10-10,-91.0,4835.0,-585.0,-468.1
2022-10-11,-60.0,4775.0,-555.0,-473.4
2022-10-12,-65.0,4710.0,-530.0,-478.2
2022-10-13,-75.0,4635.0,-515.0,-482.7
2022-10-14,-56.0,4579.0,-481.0,-485.8
2022-10-15,-517.0,4062.0,-998.0,-498.3
2022-10-16,-2.0,4060.0,-990.0,-509.9
2022-10-17,500.0,4560.0,-490.0,-511.5
2022-10-18,0.0,4560.0,-490.0,-513.1
2022-10-19,0.0,4560.0,-490.0,-513.9
2022-10-20,0.0,4560.0,-580.0,-515.7
2022-10-21,0.0,4560.0,-670.0,-520.1
2022-10-22,0.0,4560.0,-760.0,-527.1
2022-10-23,0.0,4560.0,-760.0,-534.9
2022-10-24,8.0,4568.0,-752.0,-542.6
2022-10-25,228.0,4796.0,-714.0,-549.4
2022-10-26,278.0,5074.0,-626.0,-555.4
2022-10-27,238.0,5312.0,-488.0,-559.3
2022-10-28,88.0,5400.0,-500.0,-563.5
2022-10-29,0.0,5400.0,-600.0,-569.7
2022-10-30,0.0,5400.0,-600.0,-575.9
2022-10-31,60.0,5460.0,-540.0,-580.9
2022-11-01,-215.0,5245.0,-565.0,-586.4
2022-11-02,-262.0,4983.0,-637.0,-593.3
2022-11-03,-233.0,4750.0,-720.0,-601.8
2022-11-04,-87.0,4663.0,-657.0,-605.1
2022-11-05,0.0,4663.0,-557.0,-606.4
2022-11-06,0.0,4663.0,-557.0,-605.9
2022-11-07,-68.0,4595.0,-625.0,-604.8
2022-11-08,-13.0,4582.0,-728.0,-606.0
2022-11-09,-10.0,4572.0,-828.0,-609.8
2022-11-10,2.0,4574.0,-876.0,-615.2
2022-11-11,9.0,4583.0,-917.0,-619.5
2022-11-12,0.0,4583.0,-917.0,-622.0
2022-11-13,0.0,4583.0,-917.0,-623.2
2022-11-14,3.0,4586.0,-914.0,-625.3
2022-11-15,20.0,4606.0,-1804.0,-645.8
2022-11-16,63.0,4669.0,-891.0,-649.5
2022-11-17,123.0,4792.0,-718.0,-651.8
2022-11-18,9.0,4801.0,-659.0,-655.6
2022-11-19,0.0,4801.0,-609.0,-661.4
2022-11-20,0.0,4801.0,-609.0,-668.1
2022-11-21,-2.0,4799.0,-611.0,-675.9
2022-11-22,-170.0,4629.0,-821.0,-686.8
2022-11-23,-69.0,4560.0,-890.0,-696.4
2022-11-24,-124.0,4436.0,-1064.0,-706.4
2022-11-25,-13.0,4423.0,-1127.0,-716.5
2022-11-26,0.0,4423.0,-1177.0,-725.8
2022-11-27,0.0,4423.0,-1177.0,-737.6
2022-11-28,52.0,4475.0,-1125.0,-748.2
2022-11-29,78.0,4553.0,-1097.0,-758.5
2022-11-30,168.0,4721.0,-779.0,-762.9
2022-12-01,2.0,4723.0,-687.0,-766.1
2022-12-02,-6.0,4717.0,-603.0,-767.8
2022-12-03,0.0,4717.0,-513.0,-768.5
2022-12-04,0.0,4717.0,-513.0,-758.8
2022-12-05,-53.0,4664.0,-566.0,-750.3
2022-12-06,-78.0,4586.0,-554.0,-751.6
2022-12-07,-168.0,4418.0,-632.0,-754.4
2022-12-08,-8.0,4410.0,-640.0,-757.4
2022-12-09,0.0,4410.0,-640.0,-758.6
2022-12-10,0.0,4410.0,-640.0,-758.0
2022-12-11,0.0,4410.0,-640.0,-755.6
2022-12-12,0.0,4410.0,-640.0,-753.2
2022-12-13,0.0,4410.0,-640.0,-751.0
2022-12-14,0.0,4410.0,-640.0,-749.5
2022-12-15,150.0,4560.0,-40.0,-737.8
2022-12-16,39.0,4599.0,-1.0,-728.0
2022-12-17,0.0,4599.0,-1.0,-718.1
2022-12-18,0.0,4599.0,-1.0,-706.1
2022-12-19,83.0,4682.0,82.0,-692.4
2022-12-20,144.0,4826.0,216.0,-677.3
2022-12-21,158.0,4984.0,364.0,-658.7
2022-12-22,155.0,5139.0,509.0,-635.8
2022-12-23,164.0,5303.0,663.0,-608.2
2022-12-24,0.0,5303.0,653.0,-582.0
2022-12-25,0.0,5303.0,653.0,-557.8
2022-12-26,207.0,5510.0,860.0,-529.4
2022-12-27,203.0,5713.0,1023.0,-496.5
2022-12-28,183.0,5896.0,1016.0,-461.6
2022-12-29,201.0,6097.0,1027.0,-424.5
2022-12-30,181.0,6278.0,1118.0,-384.6
2022-12-31,0.0,6278.0,1028.0,-345.7
2023-01-01,0.0,6278.0,1028.0,-306.8
2023-01-02,-249.0,6029.0,779.0,-272.9
2023-01-03,-285.0,5744.0,554.0,-243.5
2023-01-04,-327.0,5417.0,427.0,-198.9
2023-01-05,-356.0,5061.0,271.0,-175.7
2023-01-06,-384.0,4677.0,-13.0,-161.6
2023-01-07,0.0,4677.0,87.0,-146.6
2023-01-08,0.0,4677.0,87.0,-132.7
2023-01-09,-41.0,4636.0,46.0,-119.6
2023-01-10,-62.0,4574.0,-26.0,-107.9
2023-01-11,71.0,4645.0,45.0,-90.6
2023-01-12,115.0,4760.0,160.0,-69.6
2023-01-13,130.0,4890.0,290.0,-42.5
2023-01-14,0.0,4890.0,290.0,-14.2
2023-01-15,0.0,4890.0,790.0,25.2
2023-01-16,933.0,5823.0,1723.0,83.2
2023-01-17,-196.0,5627.0,737.0,120.4
2023-01-18,515.0,6142.0,1162.0,165.6
2023-01-19,467.0,6609.0,1539.0,211.9
2023-01-20,326.0,6935.0,1775.0,261.2
2023-01-21,0.0,6935.0,1685.0,306.9
2023-01-22,0.0,6935.0,1685.0,350.9
2023-01-23,-82.0,6853.0,1603.0,393.2
2023-01-24,-205.0,6648.0,1348.0,431.5
2023-01-25,-155.0,6493.0,1143.0,465.4
2023-01-26,-117.0,6376.0,926.0,496.6
2023-01-27,-139.0,6237.0,687.0,523.1
2023-01-28,222.0,6459.0,809.0,552.1
2023-01-29,128.0,6587.0,837.0,581.7
2023-01-30,99.0,6686.0,836.0,611.2
2023-01-31,170.0,6856.0,1006.0,644.1
2023-02-01,-292.0,6564.0,714.0,671.2
2023-02-02,-401.0,6163.0,313.0,690.2
2023-02-03,-296.0,5867.0,17.0,691.4
2023-02-04,-222.0,5645.0,-205.0,687.3
2023-02-05,-128.0,5517.0,-333.0,680.7
2023-02-06,-23.0,5494.0,-356.0,673.6
2023-02-07,-78.0,5416.0,-304.0,665.8
2023-02-08,486.0,5902.0,312.0,667.8
2023-02-09,387.0,6289.0,879.0,678.1
2023-02-10,180.0,6469.0,1239.0,692.7
2023-02-11,0.0,6469.0,1419.0,707.8
2023-02-12,0.0,6469.0,1519.0,725.1
2023-02-13,-104.0,6365.0,1515.0,742.3
2023-02-14,-302.0,6063.0,1223.0,749.6
2023-02-15,-239.0,5824.0,694.0,743.0
2023-02-16,34.0,5858.0,738.0,737.5
2023-02-17,632.0,6490.0,1380.0,744.5
2023-02-18,0.0,6490.0,1590.0,754.0
2023-02-19,0.0,6490.0,1590.0,765.2
2023-02-20,224.0,6714.0,1814.0,780.9
2023-02-21,59.0,6773.0,1873.0,802.8
2023-02-22,97.0,6870.0,1880.0,829.3
2023-02-23,-187.0,6683.0,1503.0,850.8
2023-02-24,-365.0,6318.0,948.0,864.4
2023-02-25,0.0,6318.0,658.0,877.8
2023-02-26,0.0,6318.0,658.0,889.2
2023-02-27,66.0,6384.0,724.0,902.0
2023-02-28,331.0,6715.0,765.0,916.3
2023-03-01,-193.0,6522.0,622.0,929.3
2023-03-02,-227.0,6295.0,585.0,940.1
2023-03-03,-452.0,5843.0,323.0,943.4
2023-03-04,0.0,5843.0,613.0,949.8
2023-03-05,0.0,5843.0,613.0,956.3
2023-03-06,-329.0,5514.0,284.0,946.2
2023-03-07,-478.0,5036.0,96.0,913.6
2023-03-08,-103.0,4933.0,33.0,899.5
2023-03-09,-70.0,4863.0,-37.0,875.6
2023-03-10,-3.0,4860.0,-40.0,844.0
2023-03-11,0.0,4860.0,-40.0,807.7
2023-03-12,0.0,4860.0,-40.0,773.2
2023-03-13,34.0,4894.0,-6.0,739.4
2023-03-14,26.0,4920.0,20.0,707.7
2023-03-15,381.0,5301.0,301.0,686.8
2023-03-16,106.0,5407.0,407.0,672.0
2023-03-17,165.0,5572.0,502.0,663.6
2023-03-18,0.0,5572.0,482.0,659.5
2023-03-19,0.0,5572.0,482.0,652.9
2023-03-20,-11.0,5561.0,471.0,645.6
2023-03-21,153.0,5714.0,604.0,641.0
2023-03-22,-37.0,5677.0,557.0,632.0
2023-03-23,-45.0,5632.0,502.0,627.7
2023-03-24,-173.0,5459.0,389.0,629.3
2023-03-25,0.0,5459.0,319.0,635.3
2023-03-26,0.0,5459.0,319.0,645.8
2023-03-27,225.0,5684.0,544.0,663.3
2023-03-28,96.0,5780.0,520.0,680.8
2023-03-29,133.0,5913.0,523.0,697.4
2023-03-30,175.0,6088.0,568.0,702.5
2023-03-31,182.0,6270.0,620.0,697.3
2023-04-01,0.0,6270.0,710.0,686.7
2023-04-02,0.0,6270.0,700.0,672.4
2023-04-03,-253.0,6017.0,447.0,650.9
2023-04-04,-276.0,5741.0,321.0,627.0
2023-04-05,-200.0,5541.0,271.0,608.0
2023-04-06,-231.0,5310.0,180.0,597.7
2023-04-07,-172.0,5138.0,148.0,585.9
2023-04-08,0.0,5138.0,148.0,561.3
2023-04-09,0.0,5138.0,158.0,532.6
2023-04-10,16.0,5154.0,174.0,504.3
2023-04-11,3.0,5157.0,167.0,471.4
2023-04-12,7.0,5164.0,154.0,437.0
2023-04-13,1.0,5165.0,155.0,402.5
2023-04-14,-2.0,5163.0,153.0,375.5
2023-04-15,-150.0,5013.0,3.0,356.6
2023-04-16,0.0,5013.0,3.0,343.5
2023-04-17,172.0,5185.0,175.0,333.8
2023-04-18,33.0,5218.0,208.0,323.5
2023-04-19,25.0,5243.0,243.0,313.1
2023-04-20,25.0,5268.0,268.0,306.0
2023-04-21,73.0,5341.0,341.0,301.1
2023-04-22,0.0,5341.0,341.0,301.5
2023-04-23,89.0,5430.0,430.0,297.8
2023-04-24,95.0,5525.0,515.0,295.9
2023-04-25,132.0,5657.0,647.0,303.1
2023-04-26,63.0,5720.0,710.0,315.4
2023-04-27,59.0,5779.0,769.0,330.1
2023-04-28,77.0,5856.0,846.0,347.8
2023-04-29,0.0,5856.0,846.0,365.5
2023-04-30,-89.0,5767.0,757.0,381.4
2023-05-01,-115.0,5652.0,652.0,395.3
2023-05-02,-170.0,5482.0,492.0,405.2
2023-05-03,-95.0,5387.0,407.0,413.0
2023-05-04,-60.0,5327.0,357.0,414.1
2023-05-05,-162.0,5165.0,195.0,409.9
2023-05-06,2.0,5167.0,197.0,403.8
2023-05-07,0.0,5167.0,187.0,397.9
2023-05-08,2.0,5169.0,189.0,392.0
2023-05-09,2.0,5171.0,181.0,386.2
2023-05-10,2.0,5173.0,173.0,377.6
2023-05-11,-31.0,5142.0,132.0,369.1
2023-05-12,-1.0,5141.0,131.0,361.7
2023-05-13,-2.0,5139.0,129.0,356.5
2023-05-14,0.0,5139.0,139.0,352.9
2023-05-15,125.0,5264.0,264.0,351.8
2023-05-16,-100.0,5164.0,64.0,342.2
2023-05-17,0.0,5164.0,164.0,335.0
2023-05-18,0.0,5164.0,164.0,327.9
2023-05-19,0.0,5164.0,164.0,319.8
2023-05-20,0.0,5164.0,164.0,310.7
2023-05-21,0.0,5164.0,164.0,299.7
2023-05-22,0.0,5164.0,164.0,289.0
2023-05-23,0.0,5164.0,164.0,283.4
2023-05-24,0.0,5164.0,164.0,280.2
2023-05-25,5.0,5169.0,169.0,278.2
2023-05-26,3.0,5172.0,172.0,278.0
2023-05-27,0.0,5172.0,172.0,278.5
2023-05-28,0.0,5172.0,172.0,279.0
2023-05-29,23.0,5195.0,195.0,279.7
2023-05-30,35.0,5230.0,230.0,280.8
2023-05-31,11.0,5241.0,241.0,282.3
2023-06-01,-5.0,5236.0,236.0,284.0
2023-06-02,-3.0,5233.0,233.0,285.5
2023-06-03,0.0,5233.0,243.0,287.3
2023-06-04,0.0,5233.0,243.0,292.1
2023-06-05,-23.0,5210.0,220.0,296.5
2023-06-06,-35.0,5175.0,185.0,296.7
2023-06-07,-11.0,5164.0,174.0,296.0
2023-06-08,0.0,5164.0,174.0,294.6
2023-06-09,0.0,5164.0,174.0,292.7
2023-06-10,0.0,5164.0,164.0,289.2
2023-06-11,0.0,5164.0,164.0,285.6
2023-06-12,0.0,5164.0,164.0,280.3
2023-06-13,0.0,5164.0,164.0,273.3
2023-06-14,0.0,5164.0,164.0,263.6
2023-06-15,37.0,5201.0,201.0,253.5
2023-06-16,40.0,5241.0,241.0,242.9
2023-06-17,0.0,5241.0,241.0,230.8
2023-06-18,0.0,5241.0,241.0,218.7
2023-06-19,87.0,5328.0,328.0,210.1
2023-06-20,180.0,5508.0,508.0,207.2
2023-06-21,143.0,5651.0,651.0,210.4
2023-06-22,-2.0,5649.0,649.0,215.3
2023-06-23,-42.0,5607.0,607.0,220.3
2023-06-24,0.0,5607.0,557.0,227.5
2023-06-25,196.0,5803.0,753.0,238.6
2023-06-26,155.0,5958.0,908.0,253.0
2023-06-27,37.0,5995.0,855.0,266.4
2023-06-28,69.0,6064.0,824.0,279.2
2023-06-29,193.0,6257.0,927.0,294.3
2023-06-30,103.0,6360.0,960.0,310.9
2023-07-01,0.0,6360.0,1010.0,328.4
2023-07-02,-196.0,6164.0,814.0,342.1
2023-07-03,-239.0,5925.0,575.0,350.9
2023-07-04,-217.0,5708.0,455.0,354.7
2023-07-05,-212.0,5496.0,350.0,360.4
2023-07-06,-191.0,5305.0,256.0,362.2
2023-07-07,-101.0,5204.0,232.0,363.6
2023-07-08,0.0,5204.0,239.0,365.1
2023-07-09,0.0,5204.0,239.0,366.6
2023-07-10,-3.0,5201.0,236.0,368.0
2023-07-11,0.0,5201.0,236.0,369.5
2023-07-12,0.0,5201.0,236.0,370.9
2023-07-13,3.0,5204.0,239.0,372.4
2023-07-14,18.0,5222.0,257.0,374.2
2023-07-15,-100.0,5122.0,157.0,373.9
2023-07-16,0.0,5122.0,157.0,373.6
2023-07-17,134.0,5256.0,291.0,376.0
2023-07-18,13.0,5269.0,295.0,378.0
2023-07-19,23.0,5292.0,314.0,379.6
2023-07-20,21.0,5313.0,335.0,381.5
2023-07-21,-7.0,5306.0,328.0,383.4
2023-07-22,0.0,5306.0,328.0,385.3
2023-07-23,0.0,5306.0,328.0,387.0
2023-07-24,-19.0,5287.0,309.0,388.3
2023-07-25,29.0,5316.0,345.0,390.8
2023-07-26,79.0,5395.0,426.0,395.6
2023-07-27,88.0,5483.0,515.0,402.4
2023-07-28,52.0,5535.0,568.0,410.3
2023-07-29,0.0,5535.0,569.0,418.2
2023-07-30,0.0,5535.0,569.0,426.3
2023-07-31,17.0,5552.0,586.0,434.7
2023-08-01,-36.0,5516.0,553.0,442.5
2023-08-02,-95.0,5421.0,461.0,448.5
2023-08-03,-111.0,5310.0,350.0,452.2
2023-08-04,-63.0,5247.0,287.0,453.9
2023-08-05,0.0,5247.0,287.0,454.8
2023-08-06,0.0,5247.0,287.0,455.7
2023-08-07,-28.0,5219.0,259.0,456.1
2023-08-08,-2.0,5217.0,257.0,454.7
2023-08-09,-7.0,5210.0,250.0,449.5
2023-08-10,2.0,5212.0,252.0,441.5
2023-08-11,0.0,5212.0,252.0,433.6
2023-08-12,0.0,5212.0,252.0,426.5
2023-08-13,0.0,5212.0,252.0,420.4
2023-08-14,3.0,5215.0,255.0,410.4
2023-08-15,199.0,5414.0,54.0,393.4
2023-08-16,297.0,5711.0,951.0,395.3
2023-08-17,163.0,5874.0,1114.0,401.1
2023-08-18,96.0,5970.0,1210.0,406.7
2023-08-19,0.0,5970.0,1210.0,411.7
2023-08-20,0.0,5970.0,1210.0,415.7
2023-08-21,28.0,5998.0,1238.0,424.2
2023-08-22,-93.0,5905.0,1145.0,435.6
2023-08-23,2.0,5907.0,1147.0,449.5
2023-08-24,-107.0,5800.0,1040.0,463.3
2023-08-25,123.0,5923.0,1163.0,481.4
2023-08-26,0.0,5923.0,1163.0,500.0
2023-08-27,0.0,5923.0,1163.0,518.5
2023-08-28,298.0,6221.0,1461.0,542.9
2023-08-29,274.0,6495.0,1735.0,572.9
2023-08-30,81.0,6576.0,1816.0,604.5
2023-08-31,148.0,6724.0,1964.0,639.1
2023-09-01,-120.0,6604.0,1844.0,671.2
2023-09-02,0.0,6604.0,1844.0,702.9
2023-09-03,0.0,6604.0,1844.0,736.7
2023-09-04,-320.0,6284.0,1524.0,764.0
2023-09-05,-371.0,5913.0,1153.0,781.2
2023-09-06,-356.0,5557.0,797.0,791.3
2023-09-07,121.0,5678.0,918.0,803.4
2023-09-08,262.0,5940.0,1180.0,820.3
2023-09-09,0.0,5940.0,1180.0,837.3
2023-09-10,0.0,5940.0,1180.0,854.3
2023-09-11,203.0,6143.0,1383.0,875.4
2023-09-12,195.0,6338.0,1580.0,900.9
2023-09-13,39.0,6377.0,1619.0,926.3
2023-09-14,-220.0,6157.0,1399.0,945.8
2023-09-15,-33.0,6124.0,1566.0,966.8
2023-09-16,0.0,6124.0,1566.0,986.8
2023-09-17,0.0,6124.0,1566.0,1006.7
2023-09-18,29.0,6153.0,1595.0,1027.2
2023-09-19,59.0,6212.0,1642.0,1048.4
2023-09-20,226.0,6438.0,1844.0,1074.2
2023-09-21,141.0,6579.0,1966.0,1104.3
2023-09-22,97.0,6676.0,2047.0,1138.2
2023-09-23,0.0,6676.0,2026.0,1173.0
2023-09-24,0.0,6676.0,2026.0,1207.8
2023-09-25,135.0,6811.0,2161.0,1245.3
2023-09-26,170.0,6981.0,2198.0,1284.0
2023-09-27,412.0,7393.0,2437.0,1327.6
2023-09-28,440.0,7833.0,2679.0,1376.2
2023-09-29,-34.0,7799.0,2465.0,1420.5
2023-09-30,0.0,7799.0,2281.0,1461.1
2023-10-01,0.0,7799.0,2281.0,1501.6
2023-10-02,-60.0,7739.0,2221.0,1541.0
2023-10-03,-60.0,7679.0,2213.0,1580.2
2023-10-04,-286.0,7393.0,2064.0,1620.4
2023-10-05,-183.0,7210.0,2033.0,1642.0
2023-10-06,-202.0,7008.0,1952.0,1658.8
2023-10-07,200.0,7208.0,2301.0,1680.6
2023-10-08,20.0,7228.0,2304.0,1702.5
2023-10-09,-299.0,6929.0,2003.0,1718.3
2023-10-10,-311.0,6618.0,1783.0,1729.2
2023-10-11,-315.0,6303.0,1528.0,1736.9
2023-10-12,-346.0,5957.0,1247.0,1738.9
2023-10-13,95.0,6052.0,1417.0,1746.4
2023-10-14,-200.0,5852.0,1273.0,1748.6
2023-10-15,-20.0,5832.0,1770.0,1760.8
2023-10-16,875.0,6707.0,2647.0,1790.5
2023-10-17,-496.0,6211.0,1651.0,1794.3
2023-10-18,3.0,6214.0,1654.0,1792.6
2023-10-19,182.0,6396.0,1836.0,1793.0
2023-10-20,733.0,7129.0,2569.0,1805.1
2023-10-21,0.0,7129.0,2569.0,1819.6
2023-10-22,0.0,7129.0,2569.0,1834.1
2023-10-23,702.0,7831.0,3271.0,1862.7
2023-10-24,522.0,8353.0,3785.0,1907.9
2023-10-25,395.0,8748.0,3952.0,1963.9
2023-10-26,80.0,8828.0,3754.0,2023.0
2023-10-27,-329.0,8499.0,3187.0,2068.4
2023-10-28,0.0,8499.0,3099.0,2106.8
2023-10-29,0.0,8499.0,3099.0,2145.2
2023-10-30,-150.0,8349.0,2949.0,2180.5
2023-10-31,19.0,8368.0,2908.0,2211.0
2023-11-01,-109.0,8259.0,3014.0,2239.7
2023-11-02,-230.0,8029.0,3046.0,2268.3
2023-11-03,-456.0,7573.0,2823.0,2296.7
2023-11-04,0.0,7573.0,2910.0,2323.6
2023-11-05,0.0,7573.0,2910.0,2350.5
2023-11-06,-640.0,6933.0,2270.0,2364.6
2023-11-07,-259.0,6674.0,2079.0,2374.3
2023-11-08,83.0,6757.0,2175.0,2384.9
2023-11-09,8.0,6765.0,2193.0,2391.9
2023-11-10,160.0,6925.0,2351.0,2399.6
2023-11-11,0.0,6925.0,2342.0,2405.5
2023-11-12,0.0,6925.0,2342.0,2411.8
2023-11-13,95.0,7020.0,2437.0,2420.0
2023-11-14,71.0,7091.0,2505.0,2426.9
2023-11-15,621.0,7712.0,3106.0,2445.1
2023-11-16,175.0,7887.0,3218.0,2460.7
2023-11-17,149.0,8036.0,3244.0,2472.0
2023-11-18,0.0,8036.0,3235.0,2487.4
2023-11-19,0.0,8036.0,3235.0,2506.5
2023-11-20,92.0,8128.0,3327.0,2527.4
2023-11-21,-105.0,8023.0,3224.0,2547.5
2023-11-22,-35.0,7988.0,3359.0,2570.4
2023-11-23,142.0,8130.0,3570.0,2600.5
2023-11-24,312.0,8442.0,4006.0,2640.0
2023-11-25,0.0,8442.0,4019.0,2681.3
2023-11-26,0.0,8442.0,4019.0,2715.7
2023-11-27,296.0,8738.0,4315.0,2755.9
2023-11-28,96.0,8834.0,4359.0,2803.0
2023-11-29,-22.0,8812.0,4259.0,2852.5
2023-11-30,144.0,8956.0,4235.0,2906.7
2023-12-01,-545.0,8411.0,3688.0,2955.5
2023-12-02,0.0,8411.0,3694.0,3001.0
2023-12-03,0.0,8411.0,3694.0,3049.4
2023-12-04,-434.0,7977.0,3260.0,3079.2
2023-12-05,-205.0,7772.0,3108.0,3088.5
2023-12-06,-198.0,7574.0,2988.0,3115.2
2023-12-07,-300.0,7274.0,2856.0,3139.2
2023-12-08,78.0,7352.0,2942.0,3161.4
2023-12-09,0.0,7352.0,2942.0,3168.8
2023-12-10,0.0,7352.0,2942.0,3176.3
2023-12-11,218.0,7570.0,3160.0,3188.1
2023-12-12,204.0,7774.0,3364.0,3190.0
2023-12-13,25.0,7799.0,3389.0,3182.0
2023-12-14,-101.0,7698.0,3288.0,3168.8
2023-12-15,653.0,8351.0,3791.0,3169.5
2023-12-16,0.0,8351.0,3752.0,3180.8
2023-12-17,0.0,8351.0,3752.0,3193.9
2023-12-18,-41.0,8310.0,3711.0,3206.1
2023-12-19,-113.0,8197.0,3515.0,3217.4
2023-12-20,20.0,8217.0,3391.0,3227.1
2023-12-21,159.0,8376.0,3392.0,3234.6
2023-12-22,281.0,8657.0,3518.0,3244.1
2023-12-23,0.0,8657.0,3354.0,3254.7
2023-12-24,0.0,8657.0,3354.0,3263.6
2023-12-25,287.0,8944.0,3641.0,3278.2
2023-12-26,349.0,9293.0,3783.0,3308.5
2023-12-27,287.0,9580.0,3867.0,3344.2
2023-12-28,179.0,9759.0,3863.0,3378.0
2023-12-29,155.0,9914.0,3817.0,3410.5
2023-12-30,0.0,9914.0,3636.0,3436.2
2023-12-31,0.0,9914.0,3636.0,3462.0
2024-01-01,-441.0,9473.0,3195.0,3479.1
2024-01-02,-428.0,9045.0,3016.0,3490.7
2024-01-03,-558.0,8487.0,2743.0,3495.4
2024-01-04,-585.0,7902.0,2485.0,3483.0
2024-01-05,-411.0,7491.0,2430.0,3467.3
2024-01-06,0.0,7491.0,2814.0,3458.7
2024-01-07,0.0,7491.0,2814.0,3450.2
2024-01-08,-40.0,7451.0,2774.0,3441.0
2024-01-09,-157.0,7294.0,2658.0,3427.6
2024-01-10,6.0,7300.0,2726.0,3417.7
2024-01-11,12.0,7312.0,2667.0,3403.8
2024-01-12,-10.0,7302.0,2542.0,3383.3
2024-01-13,0.0,7302.0,2412.0,3351.4
2024-01-14,0.0,7302.0,2412.0,3319.3
2024-01-15,1034.0,8336.0,3446.0,3307.8
2024-01-16,-84.0,8252.0,2429.0,3270.1
2024-01-17,527.0,8779.0,3152.0,3245.9
2024-01-18,73.0,8852.0,2710.0,3215.0
2024-01-19,6.0,8858.0,2249.0,3175.2
2024-01-20,0.0,8858.0,1923.0,3139.9
2024-01-21,0.0,8858.0,1923.0,3104.5
2024-01-22,33.0,8891.0,1956.0,3069.8
2024-01-23,-295.0,8596.0,1743.0,3039.4
2024-01-24,-84.0,8512.0,1864.0,3014.5
2024-01-25,366.0,8878.0,2385.0,3002.5
2024-01-26,390.0,9268.0,2892.0,3003.2
2024-01-27,0.0,9268.0,3031.0,3005.0
2024-01-28,0.0,9268.0,2809.0,3002.3
2024-01-29,378.0,9646.0,3059.0,3004.7
2024-01-30,98.0,9744.0,3058.0,3002.6
2024-01-31,81.0,9825.0,2969.0,2994.7
2024-02-01,-423.0,9402.0,2838.0,2983.7
2024-02-02,-364.0,9038.0,2875.0,2975.4
2024-02-03,0.0,9038.0,3171.0,2963.0
2024-02-04,43.0,9081.0,3436.0,2956.7
2024-02-05,-400.0,8681.0,3164.0,2945.0
2024-02-06,-224.0,8457.0,2963.0,2930.0
2024-02-07,-148.0,8309.0,2893.0,2917.6
2024-02-08,302.0,8611.0,2709.0,2903.9
2024-02-09,53.0,8664.0,2375.0,2883.6
2024-02-10,0.0,8664.0,2195.0,2857.1
2024-02-11,0.0,8664.0,2195.0,2833.9
2024-02-12,0.0,8664.0,2195.0,2810.8
2024-02-13,0.0,8664.0,2299.0,2783.9
2024-02-14,0.0,8664.0,2601.0,2760.3
2024-02-15,-589.0,8075.0,2251.0,2728.0
2024-02-16,-58.0,8017.0,2159.0,2693.9
2024-02-17,0.0,8017.0,1527.0,2648.1
2024-02-18,562.0,8579.0,2089.0,2617.1
2024-02-19,-68.0,8511.0,2021.0,2584.8
2024-02-20,-298.0,8213.0,1499.0,2550.9
2024-02-21,-347.0,7866.0,1093.0,2512.5
2024-02-22,-197.0,7669.0,799.0,2473.6
2024-02-23,155.0,7824.0,1141.0,2446.7
2024-02-24,0.0,7824.0,1506.0,2428.2
2024-02-25,-105.0,7719.0,1401.0,2400.0
2024-02-26,297.0,8016.0,1698.0,2377.6
2024-02-27,343.0,8359.0,1975.0,2361.7
2024-02-28,275.0,8634.0,1919.0,2346.9
2024-02-29,59.0,8693.0,2171.0,2335.8
2024-03-01,-237.0,8456.0,2161.0,2325.7
2024-03-02,0.0,8456.0,2613.0,2327.1
2024-03-03,0.0,8456.0,2613.0,2331.1
2024-03-04,-319.0,8137.0,2294.0,2328.7
2024-03-05,-374.0,7763.0,2249.0,2304.8
2024-03-06,-314.0,7449.0,2413.0,2304.5
2024-03-07,-107.0,7342.0,2409.0,2289.6
2024-03-08,0.0,7342.0,2479.0,2285.0
2024-03-09,0.0,7342.0,2482.0,2289.7
2024-03-10,0.0,7342.0,2482.0,2300.8
2024-03-11,0.0,7342.0,2482.0,2312.0
2024-03-12,0.0,7342.0,2448.0,2321.9
2024-03-13,-7.0,7335.0,2415.0,2335.3
2024-03-14,-7.0,7328.0,2027.0,2338.6
2024-03-15,-91.0,7237.0,1830.0,2327.5
2024-03-16,0.0,7237.0,1665.0,2302.9
2024-03-17,0.0,7237.0,1665.0,2275.6
2024-03-18,0.0,7237.0,1665.0,2252.7
2024-03-19,-5.0,7232.0,1671.0,2225.0
2024-03-20,0.0,7232.0,1518.0,2194.2
2024-03-21,-1.0,7231.0,1554.0,2165.9
2024-03-22,-11.0,7220.0,1588.0,2140.9
2024-03-23,0.0,7220.0,1761.0,2118.6
2024-03-24,0.0,7220.0,1761.0,2090.4
2024-03-25,40.0,7260.0,1801.0,2057.7
2024-03-26,145.0,7405.0,1721.0,2028.8
2024-03-27,247.0,7652.0,1872.0,2007.0
2024-03-28,248.0,7900.0,1987.0,1988.9
2024-03-29,148.0,8048.0,1960.0,1973.9
2024-03-30,0.0,8048.0,1778.0,1962.0
2024-03-31,0.0,8048.0,1778.0,1953.6
2024-04-01,-48.0,8000.0,1730.0,1944.3
2024-04-02,-148.0,7852.0,1835.0,1937.1
2024-04-03,-248.0,7604.0,1863.0,1928.4
2024-04-04,-250.0,7354.0,1813.0,1912.6
2024-04-05,-150.0,7204.0,1894.0,1905.5
2024-04-06,0.0,7204.0,2066.0,1903.6
2024-04-07,2.0,7206.0,2068.0,1914.5
2024-04-08,0.0,7206.0,2068.0,1914.0
2024-04-09,0.0,7206.0,2052.0,1914.7
2024-04-10,0.0,7206.0,2049.0,1925.7
2024-04-11,2.0,7208.0,2044.0,1944.7
2024-04-12,2.0,7210.0,2045.0,1969.6
2024-04-13,0.0,7210.0,2047.0,1987.7
2024-04-14,-2.0,7208.0,2195.0,2001.5
2024-04-15,100.0,7308.0,2295.0,2019.4
2024-04-16,0.0,7308.0,2123.0,2027.9
2024-04-17,-170.0,7138.0,1920.0,2026.8
2024-04-18,0.0,7138.0,1895.0,2026.3
2024-04-19,0.0,7138.0,1870.0,2020.3
2024-04-20,0.0,7138.0,1797.0,2013.0
2024-04-21,0.0,7138.0,1797.0,1996.7
2024-04-22,0.0,7138.0,1708.0,1978.6
2024-04-23,0.0,7138.0,1613.0,1965.0
2024-04-24,0.0,7138.0,1481.0,1949.6
2024-04-25,0.0,7138.0,1418.0,1929.7
2024-04-26,0.0,7138.0,1359.0,1908.7
2024-04-27,0.0,7138.0,1282.0,1884.8
2024-04-28,2.0,7140.0,1284.0,1860.8
2024-04-29,0.0,7140.0,1373.0,1838.6
2024-04-30,438.0,7578.0,1926.0,1827.5
2024-05-01,-2.0,7576.0,2094.0,1820.4
2024-05-02,-2.0,7574.0,2187.0,1815.9
2024-05-03,-2.0,7572.0,2245.0,1820.2
2024-05-04,0.0,7572.0,2407.0,1831.8
2024-05-05,-2.0,7570.0,2403.0,1846.5
2024-05-06,0.0,7570.0,2403.0,1861.3
2024-05-07,-438.0,7132.0,1963.0,1867.2
2024-05-08,2.0,7134.0,1963.0,1873.1
2024-05-09,2.0,7136.0,1963.0,1882.0
2024-05-10,2.0,7138.0,1996.0,1890.8
2024-05-11,2.0,7140.0,1999.0,1899.0
2024-05-12,0.0,7140.0,2001.0,1903.8
2024-05-13,0.0,7140.0,2001.0,1908.6
2024-05-14,0.0,7140.0,1876.0,1910.1
2024-05-15,0.0,7140.0,1976.0,1915.2
2024-05-16,0.0,7140.0,1976.0,1917.3
2024-05-17,0.0,7140.0,1976.0,1917.1
2024-05-18,-2.0,7138.0,1974.0,1917.4
2024-05-19,0.0,7138.0,1974.0,1921.3
2024-05-20,0.0,7138.0,1974.0,1925.2
2024-05-21,0.0,7138.0,1974.0,1930.1
2024-05-22,0.0,7138.0,1974.0,1932.9
2024-05-23,0.0,7138.0,1974.0,1935.1
2024-05-24,0.0,7138.0,1969.0,1938.2
2024-05-25,0.0,7138.0,1966.0,1939.7
2024-05-26,0.0,7138.0,1966.0,1937.7
2024-05-27,0.0,7138.0,1966.0,1935.6
2024-05-28,0.0,7138.0,1943.0,1933.1
2024-05-29,248.0,7386.0,2156.0,1935.2
2024-05-30,258.0,7644.0,2403.0,1942.3
2024-05-31,98.0,7742.0,2506.0,1951.5
2024-06-01,0.0,7742.0,2509.0,1960.8
2024-06-02,0.0,7742.0,2509.0,1970.0
2024-06-03,0.0,7742.0,2509.0,1976.3
2024-06-04,0.0,7742.0,2532.0,1981.1
2024-06-05,-248.0,7494.0,2319.0,1985.0
2024-06-06,-258.0,7236.0,2072.0,1988.0
2024-06-07,-98.0,7138.0,1974.0,1989.6
2024-06-08,0.0,7138.0,1974.0,1991.7
2024-06-09,0.0,7138.0,1974.0,1995.2
2024-06-10,-2.0,7136.0,1972.0,1998.7
2024-06-11,0.0,7136.0,1972.0,2004.0
2024-06-12,0.0,7136.0,1972.0,2011.2
2024-06-13,0.0,7136.0,1972.0,2021.0
2024-06-14,0.0,7136.0,1935.0,2031.3
2024-06-15,-237.0,6899.0,1658.0,2037.3
2024-06-16,0.0,6899.0,1658.0,2044.8
2024-06-17,186.0,7085.0,1844.0,2056.0
2024-06-18,84.0,7169.0,1841.0,2065.4
2024-06-19,276.0,7445.0,1937.0,2065.6
2024-06-20,18.0,7463.0,1812.0,2060.0
2024-06-21,8.0,7471.0,1822.0,2052.7
2024-06-22,0.0,7471.0,1864.0,2045.1
2024-06-23,0.0,7471.0,1864.0,2034.2
2024-06-24,46.0,7517.0,1714.0,2020.4
2024-06-25,214.0,7731.0,1773.0,2007.8
2024-06-26,-28.0,7703.0,1708.0,2002.7
2024-06-27,80.0,7783.0,1719.0,1997.8
2024-06-28,40.0,7823.0,1566.0,1989.9
2024-06-29,0.0,7823.0,1463.0,1979.2
2024-06-30,0.0,7823.0,1463.0,1968.5
2024-07-01,-48.0,7775.0,1611.0,1960.7
2024-07-02,-298.0,7477.0,1552.0,1951.7
2024-07-03,-248.0,7229.0,1521.0,1944.6
2024-07-04,-98.0,7131.0,1635.0,1937.8
2024-07-05,-48.0,7083.0,1778.0,1933.9
2024-07-06,0.0,7083.0,1879.0,1931.9
2024-07-07,0.0,7083.0,1879.0,1930.0
2024-07-08,0.0,7083.0,1879.0,1928.1
2024-07-09,0.0,7083.0,1882.0,1926.3
2024-07-10,0.0,7083.0,1882.0,1924.4
2024-07-11,0.0,7083.0,1882.0,1922.6
2024-07-12,0.0,7083.0,1879.0,1920.7
2024-07-13,0.0,7083.0,1861.0,1918.5
2024-07-14,0.0,7083.0,1961.0,1918.4
2024-07-15,227.0,7310.0,2188.0,1922.9
2024-07-16,674.0,7984.0,2728.0,1938.1
2024-07-17,165.0,8149.0,2880.0,1956.9
2024-07-18,47.0,8196.0,2904.0,1971.8
2024-07-19,57.0,8253.0,2940.0,1982.6
2024-07-20,0.0,8253.0,2947.0,1991.4
2024-07-21,0.0,8253.0,2947.0,2000.1
2024-07-22,-70.8,8182.2,2876.2,2007.5
2024-07-23,-408.7,7773.5,2486.5,2007.0
2024-07-24,-203.9,7569.6,2253.6,2001.5
2024-07-25,386.1,7955.7,2560.7,2006.3
2024-07-26,299.0,8254.8,2771.8,2020.3
2024-07-27,0.0,8254.8,2719.8,2035.2
2024-07-28,0.0,8254.8,2719.8,2050.1
2024-07-29,243.4,8498.1,2963.1,2069.9
2024-07-30,-51.0,8447.1,2895.1,2088.4
2024-07-31,185.6,8632.7,3116.7,2111.3
2024-08-01,-224.7,8407.9,2986.9,2131.6
2024-08-02,-356.9,8051.0,2741.0,2146.9
2024-08-03,0.0,8051.0,2804.0,2164.3
2024-08-04,0.0,8051.0,2804.0,2187.2
2024-08-05,-300.9,7750.2,2503.2,2204.1
2024-08-06,-215.6,7534.5,2315.5,2213.6
2024-08-07,-251.7,7282.8,2065.8,2218.1
2024-08-08,-3.3,7279.6,2069.6,2220.7
2024-08-09,11.7,7291.3,2079.3,2226.1
2024-08-10,0.0,7291.3,2079.3,2231.2
2024-08-11,0.0,7291.3,2079.3,2235.5
2024-08-12,73.8,7365.1,2153.1,2241.3
2024-08-13,385.1,7750.2,2535.2,2257.7
2024-08-14,369.2,8119.4,2705.4,2276.4
2024-08-15,169.6,8289.0,2578.0,2293.8
2024-08-16,124.9,8413.9,2539.9,2310.2
2024-08-17,0.0,8413.9,2443.9,2327.8
2024-08-18,0.0,8413.9,2443.9,2347.4
2024-08-19,-22.4,8391.5,2421.5,2366.5
2024-08-20,-236.6,8154.9,2156.9,2377.5
2024-08-21,-111.2,8043.7,2138.7,2389.2
2024-08-22,-218.4,7825.3,1918.3,2397.1
2024-08-23,241.5,8066.8,2266.8,2409.8
2024-08-24,0.0,8066.8,2143.8,2417.1
2024-08-25,0.0,8066.8,2143.8,2422.4
2024-08-26,718.9,8785.7,2862.7,2442.1
2024-08-27,323.4,9109.1,2888.1,2462.2
2024-08-28,19.3,9128.4,2633.4,2477.3
2024-08-29,-208.4,8920.0,2344.0,2486.5
2024-08-30,-349.2,8570.8,1846.8,2485.8
2024-08-31,0.0,8570.8,1966.8,2487.6
2024-09-01,0.0,8570.8,1966.8,2489.7
2024-09-02,-467.5,8103.3,1499.3,2480.4
2024-09-03,-471.3,7632.0,1348.0,2463.6
2024-09-04,-276.6,7355.4,1442.4,2437.9
2024-09-05,-87.6,7267.8,1710.8,2414.5
2024-09-06,111.4,7379.2,1701.2,2390.5
2024-09-07,0.0,7379.2,1439.2,2360.5
2024-09-08,0.0,7379.2,1439.2,2330.3
2024-09-09,88.0,7467.2,1527.2,2301.9
2024-09-10,184.8,7652.0,1509.0,2274.6
2024-09-11,209.3,7861.3,1523.3,2255.3
2024-09-12,97.5,7958.8,1581.8,2241.9
2024-09-13,94.7,8053.5,1896.5,2228.6
2024-09-14,138.7,8192.2,2068.2,2214.5
2024-09-15,-591.0,7601.2,1477.2,2189.7
2024-09-16,-91.5,7509.7,1385.7,2163.0
2024-09-17,-186.0,7323.7,1170.7,2127.1
2024-09-18,358.2,7681.9,1469.9,2098.6
2024-09-19,362.8,8044.7,1606.7,2068.4
2024-09-20,335.7,8380.4,1801.4,2044.7
2024-09-21,-138.7,8241.7,1565.7,2021.2
2024-09-22,0.0,8241.7,1565.7,1996.5
2024-09-23,234.6,8476.3,1800.3,1976.4
2024-09-24,460.0,8936.3,2125.3,1968.8
2024-09-25,-371.7,8564.6,1583.6,1954.2
2024-09-26,-231.6,8333.0,940.0,1931.7
2024-09-27,-293.9,8039.1,206.1,1894.4
2024-09-28,0.0,8039.1,240.1,1857.6
2024-09-29,182.0,8221.1,422.1,1824.5
2024-09-30,52.0,8273.1,474.1,1792.4
2024-10-01,0.0,8273.1,534.1,1760.0
2024-10-02,0.0,8273.1,594.1,1721.2
2024-10-03,0.0,8273.1,880.1,1684.7
2024-10-04,0.0,8273.1,1063.1,1654.4
2024-10-05,0.0,8273.1,1265.1,1628.9
2024-10-06,-182.0,8091.1,883.1,1597.7
2024-10-07,-286.6,7804.5,576.5,1560.3
2024-10-08,-418.3,7386.2,457.2,1521.0
2024-10-09,-135.5,7250.7,632.7,1490.5
2024-10-10,-142.0,7108.7,805.7,1463.9
2024-10-11,-183.8,6924.9,967.9,1444.9
2024-10-12,23.2,6948.1,896.1,1417.5
2024-10-13,0.0,6948.1,1096.1,1396.5
2024-10-14,19.5,6967.6,1135.6,1376.3
2024-10-15,26.6,6994.2,287.2,1324.8
2024-10-16,-207.6,6786.6,575.6,1278.6
2024-10-17,-17.4,6769.2,555.2,1237.0
2024-10-18,14.2,6783.4,387.4,1197.9
2024-10-19,-23.2,6760.2,-368.8,1153.6
2024-10-20,0.0,6760.2,-368.8,1106.9
2024-10-21,189.4,6949.6,-179.4,1063.9
2024-10-22,90.1,7039.7,-791.3,1018.1
2024-10-23,150.3,7190.0,-1163.0,967.9
2024-10-24,666.3,7856.3,-891.7,921.2
2024-10-25,184.2,8040.5,-787.5,871.2
2024-10-26,0.0,8040.5,-458.5,828.1
2024-10-27,0.0,8040.5,-458.5,790.1
2024-10-28,32.7,8073.2,-425.8,752.8
2024-10-29,224.4,8297.6,-51.4,721.2
2024-10-30,-361.7,7935.9,-432.1,682.4
2024-10-31,-471.3,7464.6,-794.4,636.1
2024-11-01,-275.5,7189.1,-839.9,587.6
2024-11-02,0.0,7189.1,-383.9,542.0
2024-11-03,0.0,7189.1,-383.9,493.0
2024-11-04,-224.3,6964.8,-608.2,451.3
2024-11-05,-364.5,6600.3,-332.7,416.9
2024-11-06,-413.7,6186.6,-487.4,383.7
2024-11-07,-308.4,5878.2,-878.8,336.8
2024-11-08,-4.9,5873.3,-891.7,286.8
2024-11-09,0.0,5873.3,-1051.7,229.7
2024-11-10,0.0,5873.3,-1051.7,177.4
2024-11-11,116.4,5989.7,-935.3,127.4
2024-11-12,107.2,6096.9,-923.1,72.9
2024-11-13,215.7,6312.6,-778.4,14.8
2024-11-14,309.0,6621.6,-1090.4,-38.7
2024-11-15,-481.2,6140.4,-1746.6,-92.4
2024-11-16,0.0,6140.4,-1895.6,-134.4
2024-11-17,0.0,6140.4,-1895.6,-177.1
2024-11-18,38.9,6179.3,-1856.7,-222.7
2024-11-19,162.8,6342.1,-1785.9,-267.9
2024-11-20,69.1,6411.2,-1611.8,-310.8
2024-11-21,141.9,6553.1,-1434.9,-351.4
2024-11-22,-345.9,6207.2,-1922.8,-407.5
2024-11-23,0.0,6207.2,-2234.8,-473.4
2024-11-24,0.0,6207.2,-2234.8,-543.4
2024-11-25,76.7,6283.9,-2158.1,-604.3
2024-11-26,11.0,6294.9,-2443.1,-664.6
2024-11-27,-33.8,6261.1,-2572.9,-725.2
2024-11-28,-279.8,5981.3,-2830.7,-794.5
2024-11-29,-156.1,5825.2,-3130.8,-873.2
2024-11-30,0.0,5825.2,-2585.8,-944.3
2024-12-01,0.0,5825.2,-2585.8,-1014.0
2024-12-02,-216.0,5609.2,-2801.8,-1091.9
2024-12-03,-248.0,5361.2,-2615.8,-1166.9
2024-12-04,-227.0,5134.2,-2637.8,-1225.4
2024-12-05,-153.0,4981.2,-2592.8,-1288.8
2024-12-06,-288.1,4693.1,-2580.9,-1351.5
2024-12-07,0.0,4693.1,-2658.9,-1412.5
2024-12-08,0.0,4693.1,-2658.9,-1458.3
2024-12-09,13.8,4706.9,-2645.1,-1503.8
2024-12-10,90.3,4797.2,-2772.8,-1555.7
2024-12-11,37.3,4834.5,-2939.5,-1598.6
2024-12-12,28.8,4863.3,-2935.7,-1634.1
2024-12-13,14.2,4877.5,-2820.5,-1672.7
2024-12-14,0.0,4877.5,-3473.5,-1726.4
2024-12-15,-1450.0,3427.5,-4923.5,-1815.7
2024-12-16,706.0,4133.5,-4217.5,-1890.9
2024-12-17,213.8,4347.3,-3962.7,-1961.6
2024-12-18,309.0,4656.3,-3540.7,-2031.4
2024-12-19,14.5,4670.8,-3546.2,-2093.7
2024-12-20,-103.5,4567.3,-3808.7,-2153.9
2024-12-21,0.0,4567.3,-4089.7,-2218.9
2024-12-22,0.0,4567.3,-4089.7,-2293.1
2024-12-23,-643.5,3923.8,-4733.2,-2380.0
2024-12-24,-291.3,3632.5,-5311.5,-2474.1
2024-12-25,-195.3,3437.2,-5855.8,-2584.6
2024-12-26,25.7,3462.9,-6117.1,-2697.2
2024-12-27,6.2,3469.1,-6289.9,-2805.4
2024-12-28,0.0,3469.1,-6444.9,-2916.4
2024-12-29,0.0,3469.1,-6444.9,-3024.3
2024-12-30,-20.5,3448.6,-6465.4,-3132.6
2024-12-31,93.6,3542.2,-5930.8,-3232.5
2025-01-01,-192.3,3349.9,-5695.1,-3327.9
2025-01-02,-81.5,3268.4,-5218.6,-3416.7
2025-01-03,-88.5,3179.9,-4722.1,-3489.4
2025-01-04,0.0,3179.9,-4311.1,-3540.7
2025-01-05,0.0,3179.9,-4311.1,-3589.0
2025-01-06,-75.0,3104.9,-4386.1,-3638.8
2025-01-07,-150.6,2954.3,-4496.7,-3691.6
2025-01-08,1.1,2955.4,-4338.6,-3742.6
2025-01-09,-20.7,2934.7,-4365.3,-3797.7
2025-01-10,-14.8,2919.9,-4392.1,-3856.9
2025-01-11,0.0,2919.9,-4382.1,-3906.0
2025-01-12,0.0,2919.9,-4382.1,-3949.0
2025-01-13,10.7,2930.6,-4371.4,-3991.7
2025-01-14,47.9,2978.5,-5357.5,-4055.7
2025-01-15,-36.6,2941.9,-5310.1,-4113.0
2025-01-16,336.4,3278.3,-5500.7,-4171.6
2025-01-17,100.5,3378.8,-5473.2,-4224.5
2025-01-18,0.0,3378.8,-5479.2,-4271.4
2025-01-19,0.0,3378.8,-5479.2,-4329.3
2025-01-20,98.2,3477.0,-5381.0,-4385.2
2025-01-21,201.0,3678.0,-5213.0,-4433.4
2025-01-22,198.0,3876.0,-4720.0,-4475.5
2025-01-23,139.5,4015.5,-4496.5,-4512.7
2025-01-24,179.0,4194.5,-4683.5,-4554.5
2025-01-25,0.0,4194.5,-5073.5,-4604.3
2025-01-26,151.0,4345.5,-4922.5,-4649.6
2025-01-27,175.0,4520.5,-4747.5,-4691.4
2025-01-28,0.0,4520.5,-5125.5,-4741.0
2025-01-29,0.0,4520.5,-5223.5,-4790.0
2025-01-30,0.0,4520.5,-5304.5,-4837.3
2025-01-31,0.0,4520.5,-4881.5,-4876.2
2025-02-01,0.0,4520.5,-4517.5,-4910.2
2025-02-02,0.0,4520.5,-4517.5,-4931.0
2025-02-03,0.0,4520.5,-4560.5,-4923.8
2025-02-04,-256.0,4264.5,-4416.5,-4927.8
2025-02-05,-460.5,3804.0,-4653.0,-4941.6
2025-02-06,-204.5,3599.5,-4709.5,-4964.9
2025-02-07,-100.3,3499.2,-5111.8,-4996.3
2025-02-08,14.0,3513.2,-5150.8,-5023.1
2025-02-09,-151.0,3362.2,-5301.8,-5047.3
2025-02-10,-83.0,3279.2,-5384.8,-5073.2
2025-02-11,33.0,3312.2,-5351.8,-5085.6
2025-02-12,-139.0,3173.2,-5490.8,-5089.2
2025-02-13,-149.7,3023.5,-5640.5,-5084.9
2025-02-14,-85.2,2938.3,-5136.7,-5065.3
2025-02-15,-14.0,2924.3,-5092.7,-5041.3
2025-02-16,0.0,2924.3,-5092.7,-5014.3
2025-02-17,-24.5,2899.8,-5679.2,-4999.0
2025-02-18,-43.8,2856.0,-5655.0,-4982.8
2025-02-19,-19.1,2836.9,-5376.1,-4971.7
2025-02-20,-0.8,2836.1,-5029.9,-4958.4
2025-02-21,84.0,2920.1,-4748.9,-4949.0
2025-02-22,0.0,2920.1,-4903.9,-4952.6
2025-02-23,0.0,2920.1,-4903.9,-4964.5
2025-02-24,102.0,3022.1,-4696.9,-4972.2
2025-02-25,-170.7,2851.4,-5164.6,-4987.8
2025-02-26,9.8,2861.2,-5497.8,-5007.8
2025-02-27,90.0,2951.2,-5682.8,-5034.7
2025-02-28,102.0,3053.2,-5639.8,-5060.2
2025-03-01,0.0,3053.2,-5402.8,-5080.4
2025-03-02,0.0,3053.2,-5402.8,-5100.8
2025-03-03,-195.5,2857.7,-5598.3,-5125.1
2025-03-04,-280.3,2577.4,-5559.6,-5148.9
2025-03-05,-195.5,2381.9,-5381.1,-5149.3
2025-03-06,-110.5,2271.4,-5177.6,-5146.7
2025-03-07,-99.5,2171.9,-5170.1,-5140.1
2025-03-08,0.0,2171.9,-5170.1,-5134.0
2025-03-09,0.0,2171.9,-5170.1,-5127.8
2025-03-10,-0.5,2171.4,-5170.6,-5121.7
2025-03-11,-0.5,2170.9,-5171.1,-5117.5
2025-03-12,-177.8,1993.1,-5348.9,-5120.2
2025-03-13,-68.6,1924.5,-5410.5,-5134.0
2025-03-14,-4.3,1920.2,-5407.8,-5152.2
2025-03-15,-387.0,1533.2,-5703.8,-5172.6
2025-03-16,0.0,1533.2,-5703.8,-5185.2
2025-03-17,384.5,1917.7,-5319.3,-5193.2
2025-03-18,235.6,2153.3,-5083.7,-5199.9
2025-03-19,120.5,2273.8,-4958.2,-5196.5
2025-03-20,232.6,2506.4,-4725.6,-5186.6
2025-03-21,-87.7,2418.7,-4812.3,-5176.7
2025-03-22,0.0,2418.7,-4801.3,-5175.1
2025-03-23,0.0,2418.7,-4801.3,-5180.8
2025-03-24,-346.0,2072.7,-5147.3,-5193.4
2025-03-25,104.6,2177.3,-5082.7,-5203.9
2025-03-26,159.5,2336.8,-5068.2,-5216.9
2025-03-27,-50.0,2286.8,-5365.2,-5231.1
2025-03-28,-14.5,2272.3,-5627.7,-5249.5
2025-03-29,0.0,2272.3,-5775.7,-5262.8
2025-03-30,0.0,2272.3,-5775.7,-5275.3
2025-03-31,31.7,2304.0,-5744.0,-5284.1
2025-04-01,-313.0,1991.0,-6009.0,-5296.6
2025-04-02,-225.5,1765.5,-6086.5,-5311.3
2025-04-03,4.9,1770.4,-5833.6,-5318.2
2025-04-04,-78.5,1691.9,-5662.1,-5318.6
2025-04-05,0.0,1691.9,-5512.1,-5326.1
2025-04-06,0.0,1691.9,-5512.1,-5334.5
2025-04-07,-73.2,1618.7,-5587.3,-5344.4
2025-04-08,102.5,1721.2,-5484.8,-5340.5
2025-04-09,-111.0,1610.2,-5595.8,-5339.3
2025-04-10,-157.5,1452.7,-5753.3,-5346.8
2025-04-11,28.5,1481.2,-5726.8,-5360.8
2025-04-12,0.0,1481.2,-5728.8,-5380.4
2025-04-13,0.0,1481.2,-5728.8,-5396.9
2025-04-14,-50.5,1430.7,-5777.3,-5414.3
2025-04-15,-102.9,1327.8,-5980.2,-5440.0
2025-04-16,-14.4,1313.4,-5994.6,-5456.6
2025-04-17,179.6,1493.0,-5645.0,-5459.6
2025-04-18,222.0,1715.0,-5423.0,-5454.4
2025-04-19,0.0,1715.0,-5423.0,-5450.0
2025-04-20,0.0,1715.0,-5423.0,-5450.4
2025-04-21,133.0,1848.0,-5290.0,-5448.2
2025-04-22,56.0,1904.0,-5234.0,-5440.9
2025-04-23,3.5,1907.5,-5230.5,-5434.3
2025-04-24,-27.5,1880.0,-5258.0,-5431.8
2025-04-25,-91.0,1789.0,-5349.0,-5435.3
2025-04-26,0.0,1789.0,-5349.0,-5438.9
2025-04-27,90.0,1879.0,-5259.0,-5440.6
2025-04-28,103.0,1982.0,-5158.0,-5440.4
2025-04-29,120.0,2102.0,-5038.0,-5437.7
2025-04-30,422.8,2524.8,-5053.2,-5435.4
2025-05-01,-218.0,2306.8,-5269.2,-5433.8
2025-05-02,-159.5,2147.3,-5426.7,-5434.1
2025-05-03,0.0,2147.3,-5424.7,-5434.4
2025-05-04,-90.0,2057.3,-5514.7,-5430.7
2025-05-05,-279.0,1778.3,-5791.7,-5432.4
2025-05-06,64.5,1842.8,-5727.2,-5440.6
2025-05-07,-335.3,1507.5,-5624.5,-5451.4
2025-05-08,158.6,1666.1,-5467.9,-5461.6
2025-05-09,77.0,1743.1,-5392.9,-5474.9
2025-05-10,0.0,1743.1,-5394.9,-5486.6
2025-05-11,0.0,1743.1,-5396.9,-5498.5
2025-05-12,43.0,1786.1,-5353.9,-5509.6
2025-05-13,-225.0,1561.1,-5578.9,-5518.2
2025-05-14,-103.5,1457.6,-5682.4,-5530.2
2025-05-15,-219.1,1238.5,-5901.5,-5546.8
2025-05-16,29.5,1268.0,-5872.0,-5557.0
2025-05-17,0.0,1268.0,-5872.0,-5561.9
2025-05-18,0.0,1268.0,-5870.0,-5563.8
2025-05-19,92.0,1360.0,-5778.0,-5563.8
2025-05-20,177.0,1537.0,-5601.0,-5560.9
2025-05-21,65.0,1602.0,-5536.0,-5551.5
2025-05-22,90.0,1692.0,-5446.0,-5538.7
2025-05-23,36.0,1728.0,-5410.0,-5530.2
2025-05-24,0.0,1728.0,-5410.0,-5525.2
2025-05-25,0.0,1728.0,-5410.0,-5523.1
2025-05-26,247.0,1975.0,-5163.0,-5516.1
2025-05-27,91.0,2066.0,-5072.0,-5505.8
2025-05-28,58.5,2124.5,-5013.5,-5496.4
2025-05-29,111.5,2236.0,-5150.0,-5487.5
2025-05-30,148.6,2384.6,-5259.4,-5477.6
2025-05-31,0.0,2384.6,-5357.4,-5470.2
2025-06-01,0.0,2384.6,-5357.4,-5462.8
2025-06-02,-382.0,2002.6,-5739.4,-5463.0
2025-06-03,6.5,2009.1,-5732.9,-5462.1
2025-06-04,-0.6,2008.5,-5733.5,-5457.2
2025-06-05,-139.5,1869.0,-5625.0,-5449.8
2025-06-06,843.9,2712.9,-4523.1,-5427.3
2025-06-07,0.0,2712.9,-4425.1,-5407.4
2025-06-08,0.0,2712.9,-4425.1,-5387.4
2025-06-09,173.8,2886.7,-4251.3,-5364.0
2025-06-10,-255.9,2630.8,-4505.2,-5348.3
2025-06-11,-50.9,2579.9,-4556.1,-5334.7
2025-06-12,-7.2,2572.7,-4563.3,-5321.4
2025-06-13,67.5,2640.2,-4495.8,-5306.2
2025-06-14,0.0,2640.2,-4495.8,-5289.1
2025-06-15,0.0,2640.2,-4258.8,-5267.3
2025-06-16,468.2,3108.4,-3790.6,-5237.9
2025-06-17,-183.3,2925.1,-4159.9,-5218.0
2025-06-18,-7.7,2917.4,-4251.6,-5202.2
2025-06-19,84.2,3001.6,-4443.4,-5190.0
2025-06-20,-41.3,2960.3,-4502.7,-5174.7
2025-06-21,0.0,2960.3,-4510.7,-5156.4
2025-06-22,0.0,2960.3,-4510.7,-5138.1
2025-06-23,-21.5,2938.8,-4532.2,-5118.5
2025-06-24,209.2,3148.0,-4369.0,-5090.0
2025-06-25,209.0,3357.0,-4374.0,-5062.9
2025-06-26,305.8,3662.8,-4040.2,-5031.2
2025-06-27,364.7,4027.5,-3755.5,-4997.0
2025-06-28,0.0,4027.5,-3795.5,-4965.1
2025-06-29,0.0,4027.5,-3795.5,-4933.1
2025-06-30,111.0,4138.5,-3684.5,-4898.8
2025-07-01,-275.5,3863.0,-3912.0,-4870.0
2025-07-02,-266.8,3596.2,-3880.8,-4836.0
2025-07-03,-452.1,3144.1,-4084.9,-4804.1
2025-07-04,-491.9,2652.2,-4478.8,-4775.6
2025-07-05,0.0,2652.2,-4430.8,-4746.8
2025-07-06,0.0,2652.2,-4430.8,-4718.0
2025-07-07,-225.0,2427.2,-4655.8,-4693.7
2025-07-08,-62.0,2365.2,-4717.8,-4672.5
2025-07-09,-23.0,2342.2,-4740.8,-4655.3
2025-07-10,32.8,2375.0,-4708.0,-4638.7
2025-07-11,50.7,2425.7,-4657.3,-4622.9
2025-07-12,0.0,2425.7,-4657.3,-4607.9
2025-07-13,0.0,2425.7,-4657.3,-4592.8
2025-07-14,119.7,2545.4,-4537.6,-4575.4
2025-07-15,1573.5,4118.9,-3191.1,-4535.9
2025-07-16,444.6,4563.5,-3420.5,-4502.9
2025-07-17,360.5,4924.0,-3225.0,-4467.1
2025-07-18,102.8,5026.8,-3169.2,-4427.5
2025-07-19,0.0,5026.8,-3226.2,-4386.9
2025-07-20,0.0,5026.8,-3226.2,-4344.2
2025-07-21,-55.5,4971.3,-3281.7,-4302.7
2025-07-22,-127.7,4843.6,-3338.6,-4254.7
2025-07-23,-369.6,4474.0,-3299.5,-4206.0
2025-07-24,-119.5,4354.5,-3215.1,-4155.7
2025-07-25,401.8,4756.3,-3199.4,-4107.2
2025-07-26,0.0,4756.3,-3498.5,-4086.7
2025-07-27,0.0,4756.3,-3498.5,-4068.1
2025-07-28,325.1,5081.4,-3173.4,-4043.1
2025-07-29,234.4,5315.8,-3182.3,-4021.7
2025-07-30,158.5,5474.3,-2972.8,-3991.1
2025-07-31,-47.8,5426.5,-3206.2,-3964.1
2025-08-01,-663.3,4763.2,-3644.7,-3945.7
2025-08-02,0.0,4763.2,-3287.9,-3921.5
2025-08-03,0.0,4763.2,-3287.9,-3897.4
2025-08-04,49.0,4812.2,-3238.9,-3877.0
2025-08-05,-288.5,4523.7,-3226.5,-3865.7
2025-08-06,-170.5,4353.2,-3181.3,-3846.1
2025-08-07,-122.5,4230.7,-3052.1,-3822.1
2025-08-08,696.0,4926.7,-2352.9,-3780.3
2025-08-09,0.0,4926.7,-2364.6,-3737.6
2025-08-10,0.0,4926.7,-2364.6,-3694.6
2025-08-11,-432.8,4493.9,-2797.4,-3660.4
2025-08-12,-46.1,4447.8,-2917.3,-3628.1
2025-08-13,-20.0,4427.8,-3322.4,-3607.2
2025-08-14,-32.0,4395.8,-3723.6,-3594.1
2025-08-15,616.0,5011.8,-3277.2,-3578.9
2025-08-16,0.0,5011.8,-3402.1,-3571.8
2025-08-17,0.0,5011.8,-3402.1,-3563.9
2025-08-18,154.5,5166.3,-3247.6,-3553.0
2025-08-19,465.7,5632.0,-2759.5,-3534.5
2025-08-20,497.5,6129.5,-2025.4,-3496.8
2025-08-21,124.3,6253.8,-1789.9,-3454.9
2025-08-22,123.2,6377.0,-1448.3,-3402.2
2025-08-23,0.0,6377.0,-1689.8,-3346.4
2025-08-24,0.0,6377.0,-1689.8,-3291.6
2025-08-25,21.9,6398.9,-1667.9,-3236.3
2025-08-26,-474.5,5924.4,-2861.3,-3200.5
2025-08-27,-236.1,5688.3,-3420.8,-3174.5
2025-08-28,163.1,5851.4,-3277.0,-3145.2
2025-08-29,421.7,6273.1,-2646.9,-3104.0
2025-08-30,0.0,6273.1,-2297.7,-3056.8
2025-08-31,0.0,6273.1,-2297.7,-3009.6
2025-09-01,-105.7,6167.4,-2403.4,-2964.6
2025-09-02,-150.1,6017.3,-2086.0,-2915.5
2025-09-03,-150.8,5866.5,-1765.5,-2887.0
2025-09-04,-203.5,5663.0,-1692.4,-2852.5
2025-09-05,405.4,6068.4,-1199.4,-2811.9
2025-09-06,-1000.0,5068.4,-2310.8,-2794.8
2025-09-07,0.0,5068.4,-2310.8,-2776.5
2025-09-08,8.8,5077.2,-2302.0,-2758.0
2025-09-09,-8.7,5068.5,-2398.7,-2740.3
2025-09-10,74.9,5143.4,-2508.6,-2723.7
2025-09-11,79.4,5222.8,-2638.5,-2710.5
2025-09-12,41.7,5264.5,-2694.3,-2700.1
2025-09-13,0.0,5264.5,-2789.0,-2691.9
2025-09-14,0.0,5264.5,-2927.7,-2680.5
2025-09-15,688.5,5953.0,-1648.2,-2643.5
2025-09-16,40.0,5993.0,-1516.7,-2610.3
2025-09-17,114.5,6107.5,-1216.2,-2571.0
2025-09-18,195.0,6302.5,-1379.4,-2539.1
2025-09-19,124.3,6426.8,-1617.9,-2507.4
2025-09-20,0.0,6426.8,-1953.6,-2473.5
2025-09-21,0.0,6426.8,-1814.9,-2444.1
2025-09-22,-39.5,6387.3,-1854.4,-2415.4
2025-09-23,-10.9,6376.4,-2099.9,-2392.6
2025-09-24,-17.0,6359.4,-2576.9,-2379.6
2025-09-25,-3.5,6355.9,-2208.7,-2360.2
2025-09-26,-188.5,6167.4,-2165.6,-2342.5
2025-09-27,0.0,6167.4,-1871.7,-2332.8
2025-09-28,181.7,6349.1,-1690.0,-2319.4
2025-09-29,48.1,6397.2,-1823.9,-2308.5
2025-09-30,-33.9,6363.3,-1909.8,-2290.8
2025-10-01,-401.5,5961.8,-2311.3,-2278.7
2025-10-02,-483.5,5478.3,-2794.8,-2268.1
2025-10-03,-165.8,5312.5,-2960.6,-2252.9
2025-10-04,0.0,5312.5,-2960.6,-2246.5
2025-10-05,-181.7,5130.8,-3142.3,-2241.3
2025-10-06,-288.6,4842.2,-3248.9,-2238.3
2025-10-07,-242.2,4600.0,-3204.5,-2237.4
2025-10-08,0.0,4600.0,-2786.2,-2237.9
2025-10-09,1712.0,6312.0,-938.7,-2216.2
2025-10-10,409.0,6721.0,-387.7,-2188.2
2025-10-11,116.0,6837.0,-87.9,-2160.9
2025-10-12,0.0,6837.0,-111.1,-2129.4
2025-10-13,137.8,6974.8,26.7,-2095.0
2025-10-14,-709.0,6265.8,-701.8,-2075.7
2025-10-15,643.5,6909.3,-84.9,-2020.2
2025-10-16,-376.0,6533.3,-253.3,-1956.8
2025-10-17,-244.2,6289.1,-480.1,-1900.9
2025-10-18,-116.0,6173.1,-610.3,-1860.2
2025-10-19,0.0,6173.1,-587.1,-1826.0
2025-10-20,51.2,6224.3,-535.9,-1790.7
2025-10-21,68.5,6292.8,-656.8,-1755.8
2025-10-22,94.7,6387.5,-652.2,-1727.1
2025-10-23,-23.5,6364.0,-826.0,-1708.3
2025-10-24,3.2,6367.2,-1489.1,-1704.3
2025-10-25,0.0,6367.2,-1673.3,-1713.7
2025-10-26,0.0,6367.2,-1673.3,-1701.0
2025-10-27,148.3,6515.5,-1525.0,-1685.3
2025-10-28,315.8,6831.3,-1241.9,-1664.1
2025-10-29,419.5,7250.8,-1046.8,-1637.0
2025-10-30,130.1,7380.9,-555.0,-1598.0
2025-10-31,187.1,7568.0,103.4,-1543.1
2025-11-01,0.0,7568.0,378.9,-1481.7
2025-11-02,0.0,7568.0,378.9,-1418.3
2025-11-03,-259.0,7309.0,119.9,-1357.3
2025-11-04,-357.8,6951.2,-13.6,-1324.7
2025-11-05,207.8,7159.0,558.7,-1283.1
2025-11-06,-249.8,6909.2,722.6,-1244.4
2025-11-07,-213.4,6695.8,817.6,-1200.4
2025-11-08,-700.0,5995.8,122.5,-1165.6
2025-11-09,0.0,5995.8,122.5,-1124.1
2025-11-10,41.6,6037.4,164.1,-1084.5
2025-11-11,286.3,6323.7,334.0,-1040.8
2025-11-12,130.0,6453.7,356.8,-991.6
2025-11-13,97.2,6550.9,238.3,-935.3
2025-11-14,71.1,6622.0,0.4,-891.1
2025-11-15,0.0,6622.0,481.6,-838.2
2025-11-16,0.0,6622.0,481.6,-791.1
2025-11-17,963.1,7585.1,1444.7,-728.4
2025-11-18,3.7,7588.8,1409.5,-663.8
2025-11-19,115.0,7703.8,1361.7,-598.3
2025-11-20,110.0,7813.8,1402.6,-524.1
2025-11-21,162.2,7976.0,1422.9,-439.7
2025-11-22,0.0,7976.0,1768.8,-345.1
2025-11-23,0.0,7976.0,1768.8,-250.5
2025-11-24,55.7,8031.7,1824.5,-151.2
2025-11-25,-105.4,7926.3,1642.4,-53.4
2025-11-26,-97.2,7829.1,1534.2,41.4
2025-11-27,56.4,7885.5,1624.4,129.6
2025-11-28,-73.7,7811.8,1830.5,185.0
2025-11-29,0.0,7811.8,1986.6,232.5
2025-11-30,0.0,7811.8,1986.6,274.0
2025-12-01,-231.1,7580.7,1755.5,311.3
2025-12-02,-145.8,7434.9,1825.7,347.3
2025-12-03,-134.0,7300.9,1939.7,400.1
2025-12-04,-175.6,7125.3,1991.1,441.6
2025-12-05,-161.5,6963.8,1982.6,486.4
2025-12-06,0.0,6963.8,2270.7,541.4
2025-12-07,0.0,6963.8,2270.7,599.0
2025-12-08,14.7,6978.5,2285.4,656.4
2025-12-09,-39.0,6939.5,2232.6,711.8
2025-12-10,110.5,7050.0,2252.8,770.0
2025-12-11,-62.2,6987.8,2153.3,826.1
2025-12-12,-19.3,6968.5,2105.2,884.7
2025-12-13,0.0,6968.5,2091.0,956.3
2025-12-14,0.0,6968.5,2091.0,1031.6
2025-12-15,608.6,7577.1,4149.6,1148.1
2025-12-16,-382.0,7195.1,3061.6,1239.8
2025-12-17,-143.0,7052.1,2704.8,1318.8
2025-12-18,-30.3,7021.8,2365.5,1387.0
2025-12-19,-64.3,6957.5,2286.7,1443.8
2025-12-20,0.0,6957.5,2390.2,1489.6
2025-12-21,0.0,6957.5,2390.2,1529.8
2025-12-22,-63.6,6893.9,2326.6,1568.8
2025-12-23,-76.0,6817.9,2894.1,1624.2
2025-12-24,-20.8,6797.1,3164.6,1687.8
2025-12-25,88.8,6885.9,3448.7,1745.6
2025-12-26,36.8,6922.7,3459.8,1800.3
2025-12-27,0.0,6922.7,3453.6,1853.1
2025-12-28,0.0,6922.7,3453.6,1919.7
2025-12-29,415.0,7337.7,3868.6,1994.6
2025-12-30,253.2,7590.9,4142.3,2074.2
2025-12-31,502.8,8093.7,4551.5,2158.5
2026-01-01,-177.1,7916.6,4566.7,2242.7
2026-01-02,-93.0,7823.6,4555.2,2329.1
2026-01-03,0.0,7823.6,4643.7,2421.9
2026-01-04,36.5,7860.1,4680.2,2505.9
2026-01-05,-468.8,7391.3,4211.4,2580.5
2026-01-06,-296.3,7095.0,3990.1,2631.4
2026-01-07,-500.2,6594.8,3640.5,2676.0
2026-01-08,1109.9,7704.7,4749.3,2743.8
2026-01-09,-1066.0,6638.7,3704.0,2789.8
2026-01-10,0.0,6638.7,3718.8,2835.7
2026-01-11,-36.5,6602.2,3682.3,2874.0
2026-01-12,72.6,6674.8,3754.9,2913.7
2026-01-13,-257.6,6417.2,3486.6,2947.0
2026-01-14,212.2,6629.4,3650.9,2987.1
2026-01-15,1069.4,7698.8,4756.9,3051.6
2026-01-16,52.7,7751.5,4473.2,3108.6
2026-01-17,0.0,7751.5,4372.7,3159.4
2026-01-18,0.0,7751.5,4372.7,3207.1
2026-01-19,72.2,7823.7,4444.9,3256.3
2026-01-20,-34.6,7789.1,4312.1,3307.4
2026-01-21,122.7,7911.8,4233.8,3355.6
2026-01-22,30.9,7942.7,4066.7,3398.1
2026-01-23,38.3,7981.0,3965.5,3437.6
2026-01-24,0.0,7981.0,3786.5,3473.7
2026-01-25,0.0,7981.0,3786.5,3504.0
2026-01-26,-7.8,7973.2,3627.7,3531.1
2026-01-27,78.0,8051.2,3530.7,3556.0
2026-01-28,14.0,8065.2,3544.7,3582.3
2026-01-29,143.8,8209.0,3688.5,3611.0
2026-01-30,352.5,8561.5,4041.0,3648.8
2026-01-31,0.0,8561.5,4041.0,3687.5
2026-02-01,0.0,8561.5,4041.0,3726.5
2026-02-02,-75.5,8486.0,3965.5,3764.0
2026-02-03,-296.5,8189.5,3669.0,3754.4
2026-02-04,497.5,8687.0,4422.5,3781.6
2026-02-05,-935.5,7751.5,3947.5,3806.4
2026-02-06,-446.0,7305.5,3706.0,3833.2
2026-02-07,0.0,7305.5,3806.3,3863.6
2026-02-08,0.0,7305.5,3792.3,3891.7
2026-02-09,38.0,7343.5,3981.3,3923.5
2026-02-10,205.9,7549.4,4270.2,3962.4
2026-02-11,3.5,7552.9,4240.7,3989.3
2026-02-12,48.0,7600.9,4427.7,4014.6
2026-02-13,1113.5,8714.4,5690.9,4059.4
2026-02-14,38.0,8752.4,5814.1,4106.5
2026-02-15,-500.0,8252.4,5328.1,4144.0
2026-02-16,-113.0,8139.4,5215.1,4179.2
2026-02-17,-311.4,7828.0,4928.2,4200.4
2026-02-18,-78.5,7749.5,4893.5,4215.4
2026-02-19,-166.5,7583.0,4746.1,4219.3
2026-02-20,-145.0,7438.0,4601.9,4220.0
2026-02-21,-38.0,7400.0,4479.9,4218.5
2026-02-22,0.0,7400.0,4479.9,4215.2
2026-02-23,0.0,7400.0,4479.9,4211.2
2026-02-24,526.0,7926.0,4903.9,4225.1
2026-02-25,409.5,8335.5,5484.1,4255.0
2026-02-26,320.5,8656.0,5794.8,4298.0
2026-02-27,269.0,8925.0,5973.8,4322.5
2026-02-28,116.0,9041.0,5987.8,4368.2
2026-03-01,0.0,9041.0,5987.8,4413.6
2026-03-02,19.0,9060.0,6006.8,4460.1
2026-03-03,-491.7,8568.3,5710.6,4499.2
2026-03-04,-369.0,8199.3,5621.9,4541.9
2026-03-05,-1297.5,6901.8,4519.9,4559.3
2026-03-06,575.8,7477.6,5206.2,4568.3
2026-03-07,-116.0,7361.6,5189.7,4582.6
2026-03-08,0.0,7361.6,5189.7,4598.9
2026-03-09,29.5,7391.1,5219.2,4615.9
2026-03-10,5.2,7396.3,5224.9,4631.5
2026-03-11,-14.0,7382.3,5211.4,4649.5
2026-03-12,1.5,7383.8,5390.7,4672.6
2026-03-13,-7.3,7376.5,5452.0,4700.3
2026-03-14,0.0,7376.5,5456.3,4730.1
2026-03-15,-600.0,6776.5,5243.3,4759.2
2026-03-16,588.8,7365.3,5832.1,4800.2
2026-03-17,11.5,7376.8,5459.1,4836.8
2026-03-18,-6.0,7370.8,5217.5,4870.5
2026-03-19,-11.5,7359.3,5085.5,4901.3
2026-03-20,-17.0,7342.3,4835.9,4924.3
2026-03-21,0.0,7342.3,4923.6,4941.9
2026-03-22,0.0,7342.3,4923.6,4959.6
2026-03-23,-129.3,7213.0,4794.3,4974.7
2026-03-24,-33.5,7179.5,5106.8,4997.5
2026-03-25,58.0,7237.5,5060.2,5025.3
2026-03-26,211.0,7448.5,5111.7,5039.1
2026-03-27,125.7,7574.2,5287.4,5065.9
2026-03-28,0.0,7574.2,5301.9,5097.8
2026-03-29,0.0,7574.2,5301.9,5127.7
2026-03-30,261.5,7835.7,5563.4,5163.1
2026-03-31,15.0,7850.7,5546.7,5194.5
2026-04-01,-78.0,7772.7,5781.7,5224.7
2026-04-02,-223.5,7549.2,5783.7,5255.5
2026-04-03,-145.2,7404.0,5633.6,5279.7
2026-04-04,0.0,7404.0,5712.1,5280.1
2026-04-05,0.0,7404.0,5712.1,5278.0
2026-04-06,-269.5,7134.5,5442.6,5280.3
2026-04-07,768.0,7902.5,6283.8,5301.7
2026-04-08,-1100.0,6802.5,5081.3,5304.8
2026-04-09,0.0,6802.5,5192.3,5310.7
2026-04-10,1.0,6803.5,5350.8,5322.8
2026-04-11,0.0,6803.5,5322.3,5337.2
2026-04-12,0.0,6803.5,5322.3,5354.1
2026-04-13,0.5,6804.0,5322.8,5371.0
2026-04-14,0.5,6804.5,5373.8,5388.8
2026-04-15,-100.0,6704.5,5376.7,5398.3
2026-04-16,0.0,6704.5,5391.1,5396.4
2026-04-17,-1.5,6703.0,5210.0,5384.7
2026-04-18,0.0,6703.0,4988.0,5365.0
2026-04-19,0.0,6703.0,4988.0,5345.0
2026-04-20,0.0,6703.0,4988.0,5325.0
2026-04-21,4.0,6707.0,4859.0,5302.1
2026-04-22,5.5,6712.5,4808.5,5284.0
2026-04-23,0.0,6712.5,4805.0,5267.7
2026-04-24,4.5,6717.0,4837.0,5274.0
2026-04-25,0.0,6717.0,4928.0,5268.5
2026-04-26,0.0,6717.0,4928.0,5263.2
2026-04-27,218.0,6935.0,5056.0,5260.6
2026-04-28,38.5,6973.5,4991.5,5256.0
2026-04-29,19.9,6993.4,4891.4,5249.3
2026-04-30,125.7,7119.1,4594.3,5237.0
2026-05-01,-5.0,7114.1,4807.3,5225.3
2026-05-02,0.0,7114.1,4966.8,5215.6
2026-05-03,0.0,7114.1,4966.8,5205.8
2026-05-04,-1018.5,6095.6,4038.3,5181.7
2026-05-05,-43.5,6052.1,4273.8,5150.6
2026-05-06,300.1,6352.2,4509.4,5131.6
2026-05-07,-99.2,6253.0,4745.5,5122.1
2026-05-08,0.5,6253.5,4587.4,5112.2
2026-05-09,0.5,6254.0,4510.9,5105.7
2026-05-10,0.0,6254.0,4510.9,5097.4
2026-05-11,0.5,6254.5,4511.4,5089.2
2026-05-12,0.5,6255.0,4468.9,5082.7
2026-05-13,-25.5,6229.5,4668.4,5073.9
2026-05-14,-26.5,6203.0,4745.4,5067.6
2026-05-15,300.0,6503.0,5264.5,5070.7
2026-05-16,-0.5,6502.5,5234.5,5069.6
2026-05-17,-800.0,5702.5,4434.5,5052.2
2026-05-18,0.5,5703.0,4435.0,5034.9
2026-05-19,0.0,5703.0,4343.0,5010.5
2026-05-20,49.5,5752.5,4215.5,4983.9
2026-05-21,99.5,5852.0,4250.0,4953.2
2026-05-22,152.5,6004.5,4312.5,4923.8
2026-05-23,0.0,6004.5,4276.5,4896.7
2026-05-24,0.0,6004.5,4276.5,4868.0
2026-05-25,257.0,6261.5,4533.5,4844.4
2026-05-26,248.5,6510.0,4535.0,4826.2
2026-05-27,127.6,6637.6,4571.6,4792.0
2026-05-28,1.3,6638.9,4514.4,4780.7
2026-05-29,-30.0,6608.9,4372.9,4764.3
2026-05-30,0.0,6608.9,4224.3,4741.7
2026-05-31,0.0,6608.9,4224.3,4719.8
2026-06-01,-247.0,6361.9,3977.3,4692.9
2026-06-02,-248.8,6113.1,4110.5,4668.6
2026-06-03,-177.6,5935.5,3926.4,4639.7
2026-06-04,-101.3,5834.2,3825.7,4608.7
2026-06-05,592.0,6426.2,4557.2,4592.0
2026-06-06,-800.0,5626.2,2913.3,4546.1
2026-06-07,0.0,5626.2,2913.3,4504.6
2026-06-08,207.5,5833.7,3120.8,4467.2
2026-06-09,152.8,5986.5,3099.8,4429.5
2026-06-10,159.0,6145.5,3514.7,4402.6
2026-06-11,188.5,6334.0,3754.1,4381.5
2026-06-12,178.0,6512.0,3939.3,4364.2
2026-06-13,0.0,6512.0,3871.8,4344.9
2026-06-14,0.0,6512.0,3871.8,4323.7
2026-06-15,206.5,6718.5,4078.3,4306.7
2026-06-16,296.5,7015.0,3906.6,4283.8
2026-06-17,261.3,7276.3,4351.2,4270.9
2026-06-18,59.5,7335.8,4418.4,4261.5
2026-06-19,-393.0,6942.8,3941.2,4248.4
2026-06-20,0.0,6942.8,3982.5,4231.9
2026-06-21,0.0,6942.8,3982.5,4212.2
2026-06-22,51.5,6994.3,4034.0,4193.6
2026-06-23,75.0,7069.3,4130.5,4195.4
2026-06-24,242.2,7311.5,4163.5,4193.2
2026-06-25,122.5,7434.0,4077.0,4184.6
2026-06-26,231.5,7665.5,4002.7,4169.7
2026-06-27,0.0,7665.5,3638.0,4150.7
2026-06-28,0.0,7665.5,3638.0,4133.3
2026-06-29,-319.0,7346.5,3319.0,4109.4
2026-06-30,-455.0,6891.5,2753.0,4074.3
2026-07-01,-562.5,6329.0,2466.0,4034.2
2026-07-02,-82.0,6247.0,2650.8,3993.9
2026-07-03,-168.5,6078.5,2934.4,3957.6
2026-07-04,0.0,6078.5,3426.3,3920.9
2026-07-05,-800.0,5278.5,2626.3,3868.7
2026-07-06,849.5,6128.0,3475.8,3849.5
2026-07-07,-59.5,6068.5,3641.3,3833.7
2026-07-08,-85.0,5983.5,3618.3,3819.2
2026-07-09,-278.5,5705.0,3362.8,3802.1
2026-07-10,-43.0,5662.0,3287.0,3782.9
2026-07-11,0.0,5662.0,3236.3,3761.3
2026-07-12,0.0,5662.0,3236.3,3740.5
2026-07-13,217.0,5879.0,3453.3,3724.1
2026-07-14,226.5,6105.5,3560.1,3704.6
2026-07-15,911.5,7017.0,2898.1,3671.9
2026-07-16,616.0,7633.0,3069.5,3641.8
2026-07-17,430.5,8063.5,3139.5,3614.3
2026-07-18,0.0,8063.5,3036.7,3587.6
2026-07-19,0.0,8063.5,3036.7,3563.8
2026-07-20,174.5,8238.0,3211.2,3543.6
2026-07-21,16.5,8254.5,3283.2,3529.7
2026-07-22,-350.5,7904.0,3060.4,3508.7
2026-07-23,-422.0,7482.0,3008.0,3490.3
2026-07-24,-361.5,7120.5,2766.0,3469.1
2026-07-25,0.0,7120.5,2364.2,3425.3
2026-07-26,0.0,7120.5,2364.2,3414.3
2026-07-27,-73.0,7047.5,2291.2,3401.9
2026-07-28,52.5,7100.0,2018.6,3379.8
2026-07-29,130.5,7230.5,1914.7,3356.1
2026-07-30,66.5,7297.0,1822.7,3322.3
2026-07-31,45.0,7342.0,1915.5,3285.5
2026-08-01,0.0,7342.0,2578.8,3258.3
2026-08-02,0.0,7342.0,2578.8,3232.4
2026-08-03,-262.5,7079.5,2316.3,3201.3
2026-08-04,-259.0,6820.5,2008.3,3159.9
2026-08-05,-1.5,6819.0,2295.3,3127.7
2026-08-06,-269.5,6549.5,2196.3,3084.6
2026-08-07,-133.0,6416.5,2185.8,3039.9
2026-08-08,0.0,6416.5,1489.8,2990.9
2026-08-09,0.0,6416.5,1489.8,2941.1
2026-08-10,-45.0,6371.5,1444.8,2890.3
2026-08-11,-46.5,6325.0,1831.1,2846.2
2026-08-12,-5.0,6320.0,1872.2,2801.1
2026-08-13,-1001.0,5319.0,891.2,2735.6
2026-08-14,1348.0,6667.0,2271.2,2699.5
2026-08-15,0.0,6667.0,1655.2,2652.6
2026-08-16,0.0,6667.0,1655.2,2612.9
2026-08-17,547.5,7214.5,2202.7,2584.2
2026-08-18,469.7,7684.2,2517.9,2568.2
2026-08-19,327.4,8011.6,2379.6,2560.7
2026-08-20,0.0,8011.6,1882.1,2549.0
2026-08-21,95.0,8106.6,1852.8,2533.1
2026-08-22,0.0,8106.6,1729.6,2509.0
2026-08-23,0.0,8106.6,1729.6,2475.0
2026-08-24,340.0,8446.6,2069.6,2463.9
2026-08-25,386.0,8832.6,2433.7,2443.1
2026-08-26,239.5,9072.1,3147.7,2433.2
2026-08-27,103.0,9175.1,3486.8,2430.6
2026-08-28,-75.0,9100.1,3248.7,2428.3
