date,yoy_ma50
2019-08-19,
2019-08-20,
2019-08-21,
2019-08-22,
2019-08-23,
2019-08-24,
2019-08-25,
2019-08-26,
2019-08-27,
2019-08-28,
2019-08-29,
2019-08-30,
2019-08-31,
2019-09-01,
2019-09-02,
2019-09-03,
2019-09-04,
2019-09-05,
2019-09-06,
2019-09-07,
2019-09-08,
2019-09-09,
2019-09-10,
2019-09-11,
2019-09-12,
2019-09-13,
2019-09-14,
2019-09-15,
2019-09-16,
2019-09-17,
2019-09-18,
2019-09-19,
2019-09-20,
2019-09-21,
2019-09-22,
2019-09-23,
2019-09-24,
2019-09-25,
2019-09-26,
2019-09-27,
2019-09-28,
2019-09-29,
2019-09-30,
2019-10-01,
2019-10-02,
2019-10-03,
2019-10-04,
2019-10-05,
2019-10-06,
2019-10-07,
2019-10-08,
2019-10-09,
2019-10-10,
2019-10-11,
2019-10-12,
2019-10-13,
2019-10-14,
2019-10-15,
2019-10-16,
2019-10-17,
2019-10-18,
2019-10-19,
2019-10-20,
2019-10-21,
2019-10-22,
2019-10-23,
2019-10-24,
2019-10-25,
2019-10-26,
2019-10-27,
2019-10-28,
2019-10-29,
2019-10-30,
2019-10-31,
2019-11-01,
2019-11-02,
2019-11-03,
2019-11-04,
2019-11-05,
2019-11-06,
2019-11-07,
2019-11-08,
2019-11-09,
2019-11-10,
2019-11-11,
2019-11-12,
2019-11-13,
2019-11-14,
2019-11-15,
2019-11-16,
2019-11-17,
2019-11-18,
2019-11-19,
2019-11-20,
2019-11-21,
2019-11-22,
2019-11-23,
2019-11-24,
2019-11-25,
2019-11-26,
2019-11-27,
2019-11-28,
2019-11-29,
2019-11-30,
2019-12-01,
2019-12-02,
2019-12-03,
2019-12-04,
2019-12-05,
2019-12-06,
2019-12-07,
2019-12-08,
2019-12-09,
2019-12-10,
2019-12-11,
2019-12-12,
2019-12-13,
2019-12-14,
2019-12-15,
2019-12-16,
2019-12-17,
2019-12-18,
2019-12-19,
2019-12-20,
2019-12-21,
2019-12-22,
2019-12-23,
2019-12-24,
2019-12-25,
2019-12-26,
2019-12-27,
2019-12-28,
2019-12-29,
2019-12-30,
2019-12-31,
2020-01-01,
2020-01-02,
2020-01-03,
2020-01-04,
2020-01-05,
2020-01-06,
2020-01-07,
2020-01-08,
2020-01-09,
2020-01-10,
2020-01-11,
2020-01-12,
2020-01-13,
2020-01-14,
2020-01-15,
2020-01-16,
2020-01-17,
2020-01-18,
2020-01-19,
2020-01-20,
2020-01-21,
2020-01-22,
2020-01-23,
2020-01-24,
2020-01-25,
2020-01-26,
2020-01-27,
2020-01-28,
2020-01-29,
2020-01-30,
2020-01-31,
2020-02-01,
2020-02-02,
2020-02-03,
2020-02-04,
2020-02-05,
2020-02-06,
2020-02-07,
2020-02-08,
2020-02-09,
2020-02-10,
2020-02-11,
2020-02-12,
2020-02-13,
2020-02-14,
2020-02-15,
2020-02-16,
2020-02-17,
2020-02-18,
2020-02-19,
2020-02-20,
2020-02-21,
2020-02-22,
2020-02-23,
2020-02-24,
2020-02-25,
2020-02-26,
2020-02-27,
2020-02-28,
2020-02-29,
2020-03-01,
2020-03-02,
2020-03-03,
2020-03-04,
2020-03-05,
2020-03-06,
2020-03-07,
2020-03-08,
2020-03-09,
2020-03-10,
2020-03-11,
2020-03-12,
2020-03-13,
2020-03-14,
2020-03-15,
2020-03-16,
2020-03-17,
2020-03-18,
2020-03-19,
2020-03-20,
2020-03-21,
2020-03-22,
2020-03-23,
2020-03-24,
2020-03-25,
2020-03-26,
2020-03-27,
2020-03-28,
2020-03-29,
2020-03-30,
2020-03-31,
2020-04-01,
2020-04-02,
2020-04-03,
2020-04-04,
2020-04-05,
2020-04-06,
2020-04-07,
2020-04-08,
2020-04-09,
2020-04-10,
2020-04-11,
2020-04-12,
2020-04-13,
2020-04-14,
2020-04-15,
2020-04-16,
2020-04-17,
2020-04-18,
2020-04-19,
2020-04-20,
2020-04-21,
2020-04-22,
2020-04-23,
2020-04-24,
2020-04-25,
2020-04-26,
2020-04-27,
2020-04-28,
2020-04-29,
2020-04-30,
2020-05-01,
2020-05-02,
2020-05-03,
2020-05-04,
2020-05-05,
2020-05-06,
2020-05-07,
2020-05-08,
2020-05-09,
2020-05-10,
2020-05-11,
2020-05-12,
2020-05-13,
2020-05-14,
2020-05-15,
2020-05-16,
2020-05-17,
2020-05-18,
2020-05-19,
2020-05-20,
2020-05-21,
2020-05-22,
2020-05-23,
2020-05-24,
2020-05-25,
2020-05-26,
2020-05-27,
2020-05-28,
2020-05-29,
2020-05-30,
2020-05-31,
2020-06-01,
2020-06-02,
2020-06-03,
2020-06-04,
2020-06-05,
2020-06-06,
2020-06-07,
2020-06-08,
2020-06-09,
2020-06-10,
2020-06-11,
2020-06-12,
2020-06-13,
2020-06-14,
2020-06-15,
2020-06-16,
2020-06-17,
2020-06-18,
2020-06-19,
2020-06-20,
2020-06-21,
2020-06-22,
2020-06-23,
2020-06-24,
2020-06-25,
2020-06-26,
2020-06-27,
2020-06-28,
2020-06-29,
2020-06-30,
2020-07-01,
2020-07-02,
2020-07-03,
2020-07-04,
2020-07-05,
2020-07-06,
2020-07-07,
2020-07-08,
2020-07-09,
2020-07-10,
2020-07-11,
2020-07-12,
2020-07-13,
2020-07-14,
2020-07-15,
2020-07-16,
2020-07-17,
2020-07-18,
2020-07-19,
2020-07-20,
2020-07-21,
2020-07-22,
2020-07-23,
2020-07-24,
2020-07-25,
2020-07-26,
2020-07-27,
2020-07-28,
2020-07-29,
2020-07-30,
2020-07-31,
2020-08-01,
2020-08-02,
2020-08-03,
2020-08-04,
2020-08-05,
2020-08-06,
2020-08-07,
2020-08-08,
2020-08-09,
2020-08-10,
2020-08-11,
2020-08-12,
2020-08-13,
2020-08-14,
2020-08-15,
2020-08-16,
2020-08-17,
2020-08-18,4716.6
2020-08-19,4696.6
2020-08-20,4673.3
2020-08-21,4609.1
2020-08-22,4570.6
2020-08-23,4544.9
2020-08-24,4542.3
2020-08-25,4549.1
2020-08-26,4539.9
2020-08-27,4526.6
2020-08-28,4525.7
2020-08-29,4524.9
2020-08-30,4524.3
2020-08-31,4518.0
2020-09-01,4497.3
2020-09-02,4472.8
2020-09-03,4456.0
2020-09-04,4443.8
2020-09-05,4430.8
2020-09-06,4419.1
2020-09-07,4409.5
2020-09-08,4399.8
2020-09-09,4391.8
2020-09-10,4384.1
2020-09-11,4376.6
2020-09-12,4371.2
2020-09-13,4366.2
2020-09-14,4360.9
2020-09-15,4374.9
2020-09-16,4383.9
2020-09-17,4385.0
2020-09-18,4388.5
2020-09-19,4388.1
2020-09-20,4387.8
2020-09-21,4385.2
2020-09-22,4389.7
2020-09-23,4395.0
2020-09-24,4400.5
2020-09-25,4404.8
2020-09-26,4409.1
2020-09-27,4413.7
2020-09-28,4419.0
2020-09-29,4422.2
2020-09-30,4424.1
2020-10-01,4425.9
2020-10-02,4426.4
2020-10-03,4428.5
2020-10-04,4430.6
2020-10-05,4432.5
2020-10-06,4433.0
2020-10-07,4426.6
2020-10-08,4419.0
2020-10-09,4411.0
2020-10-10,4407.8
2020-10-11,4404.2
2020-10-12,4399.8
2020-10-13,4391.2
2020-10-14,4380.2
2020-10-15,4378.8
2020-10-16,4375.6
2020-10-17,4369.6
2020-10-18,4363.6
2020-10-19,4358.6
2020-10-20,4355.6
2020-10-21,4358.8
2020-10-22,4360.0
2020-10-23,4358.8
2020-10-24,4356.6
2020-10-25,4355.2
2020-10-26,4352.8
2020-10-27,4351.6
2020-10-28,4351.6
2020-10-29,4357.0
2020-10-30,4364.4
2020-10-31,4372.6
2020-11-01,4380.0
2020-11-02,4388.4
2020-11-03,4397.6
2020-11-04,4387.8
2020-11-05,4370.2
2020-11-06,4355.2
2020-11-07,4338.6
2020-11-08,4324.4
2020-11-09,4309.2
2020-11-10,4295.6
2020-11-11,4277.6
2020-11-12,4260.6
2020-11-13,4246.4
2020-11-14,4229.0
2020-11-15,4207.4
2020-11-16,4201.4
2020-11-17,4189.6
2020-11-18,4178.4
2020-11-19,4167.2
2020-11-20,4154.4
2020-11-21,4142.8
2020-11-22,4129.6
2020-11-23,4117.2
2020-11-24,4108.8
2020-11-25,4102.2
2020-11-26,4097.0
2020-11-27,4094.6
2020-11-28,4093.6
2020-11-29,4092.0
2020-11-30,4097.0
2020-12-01,4101.8
2020-12-02,4106.4
2020-12-03,4110.6
2020-12-04,4105.6
2020-12-05,4097.6
2020-12-06,4084.2
2020-12-07,4068.8
2020-12-08,4053.2
2020-12-09,4037.4
2020-12-10,4020.0
2020-12-11,4006.6
2020-12-12,3994.0
2020-12-13,3981.4
2020-12-14,3968.2
2020-12-15,3968.0
2020-12-16,3960.0
2020-12-17,3947.2
2020-12-18,3923.0
2020-12-19,3894.0
2020-12-20,3864.4
2020-12-21,3836.6
2020-12-22,3809.2
2020-12-23,3783.4
2020-12-24,3767.2
2020-12-25,3762.4
2020-12-26,3759.6
2020-12-27,3756.8
2020-12-28,3754.2
2020-12-29,3752.8
2020-12-30,3752.0
2020-12-31,3755.2
2021-01-01,3760.8
2021-01-02,3766.2
2021-01-03,3775.6
2021-01-04,3787.0
2021-01-05,3780.8
2021-01-06,3777.0
2021-01-07,3772.0
2021-01-08,3768.1
2021-01-09,3765.8
2021-01-10,3763.5
2021-01-11,3760.9
2021-01-12,3757.4
2021-01-13,3749.7
2021-01-14,3733.5
2021-01-15,3715.0
2021-01-16,3691.8
2021-01-17,3668.5
2021-01-18,3641.1
2021-01-19,3604.1
2021-01-20,3571.6
2021-01-21,3545.7
2021-01-22,3516.4
2021-01-23,3484.4
2021-01-24,3458.5
2021-01-25,3438.6
2021-01-26,3419.1
2021-01-27,3396.8
2021-01-28,3373.2
2021-01-29,3357.7
2021-01-30,3346.2
2021-01-31,3334.6
2021-02-01,3329.0
2021-02-02,3306.6
2021-02-03,3262.6
2021-02-04,3225.4
2021-02-05,3192.2
2021-02-06,3164.6
2021-02-07,3140.9
2021-02-08,3117.5
2021-02-09,3091.7
2021-02-10,3068.5
2021-02-11,3043.3
2021-02-12,3016.4
2021-02-13,2988.4
2021-02-14,2960.4
2021-02-15,2930.2
2021-02-16,2912.8
2021-02-17,2895.1
2021-02-18,2879.3
2021-02-19,2857.3
2021-02-20,2831.3
2021-02-21,2801.3
2021-02-22,2771.4
2021-02-23,2749.8
2021-02-24,2730.0
2021-02-25,2712.8
2021-02-26,2697.8
2021-02-27,2682.4
2021-02-28,2667.1
2021-03-01,2651.8
2021-03-02,2636.8
2021-03-03,2621.8
2021-03-04,2606.9
2021-03-05,2599.9
2021-03-06,2595.0
2021-03-07,2594.0
2021-03-08,2593.1
2021-03-09,2596.2
2021-03-10,2602.8
2021-03-11,2605.9
2021-03-12,2604.6
2021-03-13,2608.1
2021-03-14,2616.4
2021-03-15,2626.7
2021-03-16,2633.0
2021-03-17,2640.9
2021-03-18,2650.8
2021-03-19,2661.7
2021-03-20,2664.6
2021-03-21,2663.5
2021-03-22,2662.4
2021-03-23,2655.4
2021-03-24,2665.8
2021-03-25,2685.8
2021-03-26,2705.2
2021-03-27,2724.6
2021-03-28,2744.0
2021-03-29,2762.4
2021-03-30,2779.6
2021-03-31,2797.0
2021-04-01,2810.4
2021-04-02,2823.8
2021-04-03,2837.2
2021-04-04,2850.6
2021-04-05,2863.8
2021-04-06,2880.2
2021-04-07,2884.0
2021-04-08,2887.8
2021-04-09,2889.2
2021-04-10,2892.2
2021-04-11,2895.0
2021-04-12,2899.0
2021-04-13,2902.8
2021-04-14,2900.4
2021-04-15,2892.8
2021-04-16,2885.2
2021-04-17,2877.6
2021-04-18,2870.2
2021-04-19,2862.8
2021-04-20,2855.4
2021-04-21,2848.0
2021-04-22,2840.6
2021-04-23,2833.4
2021-04-24,2824.2
2021-04-25,2815.1
2021-04-26,2806.1
2021-04-27,2797.0
2021-04-28,2788.0
2021-04-29,2778.9
2021-04-30,2769.9
2021-05-01,2760.8
2021-05-02,2751.6
2021-05-03,2742.2
2021-05-04,2730.5
2021-05-05,2722.7
2021-05-06,2714.8
2021-05-07,2707.0
2021-05-08,2699.3
2021-05-09,2691.7
2021-05-10,2684.3
2021-05-11,2677.0
2021-05-12,2670.0
2021-05-13,2662.9
2021-05-14,2655.9
2021-05-15,2648.6
2021-05-16,2641.4
2021-05-17,2636.1
2021-05-18,2630.9
2021-05-19,2626.7
2021-05-20,2622.8
2021-05-21,2619.0
2021-05-22,2615.1
2021-05-23,2611.3
2021-05-24,2607.4
2021-05-25,2603.8
2021-05-26,2598.9
2021-05-27,2591.3
2021-05-28,2578.9
2021-05-29,2560.4
2021-05-30,2542.0
2021-05-31,2523.5
2021-06-01,2504.9
2021-06-02,2486.4
2021-06-03,2470.4
2021-06-04,2462.8
2021-06-05,2458.1
2021-06-06,2453.5
2021-06-07,2448.8
2021-06-08,2441.8
2021-06-09,2433.5
2021-06-10,2424.1
2021-06-11,2414.4
2021-06-12,2405.8
2021-06-13,2399.4
2021-06-14,2392.6
2021-06-15,2384.2
2021-06-16,2377.0
2021-06-17,2371.0
2021-06-18,2364.2
2021-06-19,2355.8
2021-06-20,2347.4
2021-06-21,2339.4
2021-06-22,2329.2
2021-06-23,2315.2
2021-06-24,2298.2
2021-06-25,2282.6
2021-06-26,2268.4
2021-06-27,2254.0
2021-06-28,2238.0
2021-06-29,2223.0
2021-06-30,2210.0
2021-07-01,2200.0
2021-07-02,2191.0
2021-07-03,2184.2
2021-07-04,2177.6
2021-07-05,2172.6
2021-07-06,2166.8
2021-07-07,2162.8
2021-07-08,2158.8
2021-07-09,2154.8
2021-07-10,2150.8
2021-07-11,2146.8
2021-07-12,2142.8
2021-07-13,2137.8
2021-07-14,2132.2
2021-07-15,2112.8
2021-07-16,2094.8
2021-07-17,2077.6
2021-07-18,2066.4
2021-07-19,2055.2
2021-07-20,2043.0
2021-07-21,2031.2
2021-07-22,2019.2
2021-07-23,2005.8
2021-07-24,1993.0
2021-07-25,1977.2
2021-07-26,1961.4
2021-07-27,1945.6
2021-07-28,1930.8
2021-07-29,1917.0
2021-07-30,1903.8
2021-07-31,1890.4
2021-08-01,1876.0
2021-08-02,1861.6
2021-08-03,1849.4
2021-08-04,1840.4
2021-08-05,1830.4
2021-08-06,1819.8
2021-08-07,1810.2
2021-08-08,1802.2
2021-08-09,1794.2
2021-08-10,1785.8
2021-08-11,1778.8
2021-08-12,1773.0
2021-08-13,1767.4
2021-08-14,1757.6
2021-08-15,1746.4
2021-08-16,1747.2
2021-08-17,1720.8
2021-08-18,1692.2
2021-08-19,1661.2
2021-08-20,1626.8
2021-08-21,1594.4
2021-08-22,1559.8
2021-08-23,1525.2
2021-08-24,1486.8
2021-08-25,1444.0
2021-08-26,1402.2
2021-08-27,1362.4
2021-08-28,1321.6
2021-08-29,1280.8
2021-08-30,1240.8
2021-08-31,1203.2
2021-09-01,1170.4
2021-09-02,1141.0
2021-09-03,1124.4
2021-09-04,1107.8
2021-09-05,1095.2
2021-09-06,1081.8
2021-09-07,1067.2
2021-09-08,1051.6
2021-09-09,1033.6
2021-09-10,1015.2
2021-09-11,996.0
2021-09-12,972.8
2021-09-13,949.6
2021-09-14,926.8
2021-09-15,895.4
2021-09-16,865.4
2021-09-17,842.0
2021-09-18,819.6
2021-09-19,797.6
2021-09-20,775.4
2021-09-21,754.6
2021-09-22,727.0
2021-09-23,698.4
2021-09-24,670.8
2021-09-25,642.0
2021-09-26,615.0
2021-09-27,589.6
2021-09-28,565.4
2021-09-29,544.2
2021-09-30,525.8
2021-10-01,509.2
2021-10-02,495.8
2021-10-03,485.2
2021-10-04,474.6
2021-10-05,452.0
2021-10-06,460.0
2021-10-07,469.8
2021-10-08,480.0
2021-10-09,492.4
2021-10-10,499.8
2021-10-11,505.8
2021-10-12,510.8
2021-10-13,518.2
2021-10-14,528.0
2021-10-15,524.0
2021-10-16,520.8
2021-10-17,518.6
2021-10-18,516.4
2021-10-19,512.4
2021-10-20,506.4
2021-10-21,496.8
2021-10-22,486.2
2021-10-23,476.4
2021-10-24,467.6
2021-10-25,462.6
2021-10-26,463.2
2021-10-27,466.4
2021-10-28,472.8
2021-10-29,481.4
2021-10-30,489.8
2021-10-31,498.0
2021-11-01,502.4
2021-11-02,502.0
2021-11-03,497.8
2021-11-04,499.2
2021-11-05,508.8
2021-11-06,514.0
2021-11-07,518.8
2021-11-08,525.4
2021-11-09,535.0
2021-11-10,544.2
2021-11-11,558.6
2021-11-12,570.6
2021-11-13,578.2
2021-11-14,586.4
2021-11-15,614.8
2021-11-16,608.6
2021-11-17,601.6
2021-11-18,591.8
2021-11-19,580.2
2021-11-20,571.2
2021-11-21,562.0
2021-11-22,553.6
2021-11-23,544.4
2021-11-24,535.8
2021-11-25,526.0
2021-11-26,516.2
2021-11-27,505.4
2021-11-28,492.6
2021-11-29,482.8
2021-11-30,465.2
2021-12-01,447.8
2021-12-02,430.6
2021-12-03,413.8
2021-12-04,410.2
2021-12-05,403.8
2021-12-06,401.6
2021-12-07,399.6
2021-12-08,397.8
2021-12-09,395.4
2021-12-10,392.8
2021-12-11,388.4
2021-12-12,384.4
2021-12-13,380.4
2021-12-14,373.2
2021-12-15,334.2
2021-12-16,300.0
2021-12-17,264.6
2021-12-18,229.0
2021-12-19,194.0
2021-12-20,159.2
2021-12-21,126.6
2021-12-22,96.6
2021-12-23,68.2
2021-12-24,42.4
2021-12-25,7.8
2021-12-26,-28.8
2021-12-27,-64.6
2021-12-28,-98.6
2021-12-29,-131.8
2021-12-30,-164.8
2021-12-31,-198.0
2022-01-01,-228.6
2022-01-02,-256.0
2022-01-03,-284.6
2022-01-04,-337.4
2022-01-05,-358.6
2022-01-06,-379.6
2022-01-07,-400.4
2022-01-08,-421.3
2022-01-09,-443.8
2022-01-10,-466.1
2022-01-11,-488.9
2022-01-12,-510.8
2022-01-13,-533.1
2022-01-14,-555.9
2022-01-15,-593.4
2022-01-16,-630.2
2022-01-17,-651.1
2022-01-18,-671.1
2022-01-19,-681.7
2022-01-20,-695.2
2022-01-21,-712.3
2022-01-22,-729.0
2022-01-23,-743.1
2022-01-24,-756.1
2022-01-25,-772.4
2022-01-26,-785.3
2022-01-27,-793.4
2022-01-28,-796.3
2022-01-29,-799.2
2022-01-30,-800.1
2022-01-31,-800.9
2022-02-01,-803.8
2022-02-02,-808.8
2022-02-03,-785.1
2022-02-04,-767.7
2022-02-05,-750.3
2022-02-06,-732.9
2022-02-07,-719.1
2022-02-08,-708.3
2022-02-09,-698.9
2022-02-10,-689.3
2022-02-11,-681.5
2022-02-12,-675.3
2022-02-13,-670.4
2022-02-14,-665.8
2022-02-15,-654.0
2022-02-16,-645.0
2022-02-17,-635.4
2022-02-18,-633.6
2022-02-19,-630.4
2022-02-20,-628.2
2022-02-21,-625.0
2022-02-22,-619.0
2022-02-23,-607.3
2022-02-24,-590.7
2022-02-25,-568.9
2022-02-26,-547.3
2022-02-27,-525.4
2022-02-28,-497.7
2022-03-01,-471.2
2022-03-02,-448.8
2022-03-03,-430.3
2022-03-04,-417.5
2022-03-05,-404.7
2022-03-06,-378.0
2022-03-07,-357.1
2022-03-08,-352.7
2022-03-09,-350.3
2022-03-10,-348.1
2022-03-11,-342.2
2022-03-12,-333.1
2022-03-13,-324.0
2022-03-14,-319.7
2022-03-15,-316.4
2022-03-16,-312.1
2022-03-17,-310.0
2022-03-18,-311.5
2022-03-19,-318.0
2022-03-20,-324.5
2022-03-21,-332.6
2022-03-22,-340.5
2022-03-23,-346.3
2022-03-24,-351.7
2022-03-25,-357.3
2022-03-26,-362.9
2022-03-27,-368.5
2022-03-28,-371.7
2022-03-29,-368.7
2022-03-30,-360.3
2022-03-31,-346.3
2022-04-01,-332.1
2022-04-02,-314.1
2022-04-03,-294.1
2022-04-04,-275.1
2022-04-05,-258.7
2022-04-06,-253.1
2022-04-07,-251.1
2022-04-08,-253.3
2022-04-09,-249.1
2022-04-10,-246.5
2022-04-11,-243.5
2022-04-12,-241.3
2022-04-13,-240.7
2022-04-14,-243.7
2022-04-15,-249.3
2022-04-16,-260.7
2022-04-17,-272.1
2022-04-18,-283.7
2022-04-19,-301.3
2022-04-20,-317.9
2022-04-21,-330.7
2022-04-22,-339.7
2022-04-23,-343.1
2022-04-24,-345.4
2022-04-25,-347.9
2022-04-26,-344.5
2022-04-27,-340.4
2022-04-28,-336.3
2022-04-29,-332.2
2022-04-30,-328.0
2022-05-01,-324.1
2022-05-02,-320.2
2022-05-03,-316.3
2022-05-04,-312.4
2022-05-05,-310.2
2022-05-06,-309.5
2022-05-07,-309.0
2022-05-08,-308.7
2022-05-09,-308.1
2022-05-10,-308.0
2022-05-11,-308.1
2022-05-12,-308.6
2022-05-13,-307.9
2022-05-14,-308.7
2022-05-15,-309.4
2022-05-16,-308.1
2022-05-17,-313.2
2022-05-18,-320.9
2022-05-19,-331.1
2022-05-20,-344.0
2022-05-21,-355.1
2022-05-22,-366.4
2022-05-23,-377.6
2022-05-24,-385.9
2022-05-25,-391.4
2022-05-26,-394.1
2022-05-27,-394.0
2022-05-28,-393.8
2022-05-29,-393.5
2022-05-30,-393.2
2022-05-31,-393.1
2022-06-01,-393.1
2022-06-02,-393.2
2022-06-03,-393.5
2022-06-04,-394.8
2022-06-05,-396.1
2022-06-06,-397.3
2022-06-07,-398.6
2022-06-08,-399.7
2022-06-09,-400.8
2022-06-10,-401.6
2022-06-11,-402.5
2022-06-12,-403.4
2022-06-13,-405.6
2022-06-14,-407.4
2022-06-15,-409.2
2022-06-16,-411.0
2022-06-17,-412.8
2022-06-18,-414.6
2022-06-19,-416.4
2022-06-20,-418.0
2022-06-21,-419.8
2022-06-22,-421.6
2022-06-23,-423.4
2022-06-24,-424.8
2022-06-25,-426.6
2022-06-26,-428.6
2022-06-27,-428.6
2022-06-28,-427.2
2022-06-29,-424.4
2022-06-30,-420.6
2022-07-01,-417.2
2022-07-02,-413.4
2022-07-03,-409.4
2022-07-04,-407.5
2022-07-05,-409.4
2022-07-06,-408.8
2022-07-07,-409.4
2022-07-08,-410.1
2022-07-09,-410.8
2022-07-10,-411.5
2022-07-11,-412.2
2022-07-12,-412.9
2022-07-13,-413.6
2022-07-14,-414.3
2022-07-15,-409.0
2022-07-16,-403.7
2022-07-17,-398.4
2022-07-18,-392.9
2022-07-19,-387.4
2022-07-20,-381.8
2022-07-21,-376.2
2022-07-22,-370.7
2022-07-23,-364.9
2022-07-24,-359.2
2022-07-25,-353.5
2022-07-26,-348.0
2022-07-27,-342.4
2022-07-28,-336.9
2022-07-29,-331.7
2022-07-30,-327.2
2022-07-31,-322.7
2022-08-01,-318.2
2022-08-02,-313.8
2022-08-03,-309.6
2022-08-04,-305.4
2022-08-05,-300.8
2022-08-06,-295.8
2022-08-07,-290.8
2022-08-08,-285.8
2022-08-09,-280.8
2022-08-10,-275.6
2022-08-11,-270.4
2022-08-12,-265.2
2022-08-13,-260.6
2022-08-14,-255.6
2022-08-15,-242.6
2022-08-16,-255.4
2022-08-17,-255.8
2022-08-18,-257.6
2022-08-19,-260.4
2022-08-20,-262.6
2022-08-21,-265.2
2022-08-22,-267.8
2022-08-23,-268.5
2022-08-24,-267.4
2022-08-25,-265.6
2022-08-26,-263.4
2022-08-27,-261.9
2022-08-28,-260.4
2022-08-29,-258.9
2022-08-30,-258.2
2022-08-31,-258.3
2022-09-01,-257.6
2022-09-02,-256.1
2022-09-03,-259.8
2022-09-04,-263.5
2022-09-05,-267.2
2022-09-06,-270.3
2022-09-07,-272.7
2022-09-08,-275.0
2022-09-09,-277.4
2022-09-10,-279.8
2022-09-11,-282.1
2022-09-12,-284.5
2022-09-13,-286.8
2022-09-14,-289.0
2022-09-15,-295.2
2022-09-16,-301.4
2022-09-17,-308.9
2022-09-18,-318.1
2022-09-19,-327.0
2022-09-20,-335.2
2022-09-21,-342.7
2022-09-22,-352.2
2022-09-23,-363.4
2022-09-24,-376.4
2022-09-25,-388.8
2022-09-26,-400.5
2022-09-27,-410.8
2022-09-28,-419.1
2022-09-29,-424.6
2022-09-30,-427.3
2022-10-01,-428.9
2022-10-02,-429.5
2022-10-03,-431.2
2022-10-04,-443.6
2022-10-05,-435.1
2022-10-06,-441.8
2022-10-07,-450.2
2022-10-08,-456.2
2022-10-09,-462.2
2022-10-10,-468.1
2022-10-11,-473.4
2022-10-12,-478.2
2022-10-13,-482.7
2022-10-14,-485.8
2022-10-15,-498.3
2022-10-16,-509.9
2022-10-17,-511.5
2022-10-18,-513.1
2022-10-19,-513.9
2022-10-20,-515.7
2022-10-21,-520.1
2022-10-22,-527.1
2022-10-23,-534.9
2022-10-24,-542.6
2022-10-25,-549.4
2022-10-26,-555.4
2022-10-27,-559.3
2022-10-28,-563.5
2022-10-29,-569.7
2022-10-30,-575.9
2022-10-31,-580.9
2022-11-01,-586.4
2022-11-02,-593.3
2022-11-03,-601.8
2022-11-04,-605.1
2022-11-05,-606.4
2022-11-06,-605.9
2022-11-07,-604.8
2022-11-08,-606.0
2022-11-09,-609.8
2022-11-10,-615.2
2022-11-11,-619.5
2022-11-12,-622.0
2022-11-13,-623.2
2022-11-14,-625.3
2022-11-15,-645.8
2022-11-16,-649.5
2022-11-17,-651.8
2022-11-18,-655.6
2022-11-19,-661.4
2022-11-20,-668.1
2022-11-21,-675.9
2022-11-22,-686.8
2022-11-23,-696.4
2022-11-24,-706.4
2022-11-25,-716.5
2022-11-26,-725.8
2022-11-27,-737.6
2022-11-28,-748.2
2022-11-29,-758.5
2022-11-30,-762.9
2022-12-01,-766.1
2022-12-02,-767.8
2022-12-03,-768.5
2022-12-04,-758.8
2022-12-05,-750.3
2022-12-06,-751.6
2022-12-07,-754.4
2022-12-08,-757.4
2022-12-09,-758.6
2022-12-10,-758.0
2022-12-11,-755.6
2022-12-12,-753.2
2022-12-13,-751.0
2022-12-14,-749.5
2022-12-15,-737.8
2022-12-16,-728.0
2022-12-17,-718.1
2022-12-18,-706.1
2022-12-19,-692.4
2022-12-20,-677.3
2022-12-21,-658.7
2022-12-22,-635.8
2022-12-23,-608.2
2022-12-24,-582.0
2022-12-25,-557.8
2022-12-26,-529.4
2022-12-27,-496.5
2022-12-28,-461.6
2022-12-29,-424.5
2022-12-30,-384.6
2022-12-31,-345.7
2023-01-01,-306.8
2023-01-02,-272.9
2023-01-03,-243.5
2023-01-04,-198.9
2023-01-05,-175.7
2023-01-06,-161.6
2023-01-07,-146.6
2023-01-08,-132.7
2023-01-09,-119.6
2023-01-10,-107.9
2023-01-11,-90.6
2023-01-12,-69.6
2023-01-13,-42.5
2023-01-14,-14.2
2023-01-15,25.2
2023-01-16,83.2
2023-01-17,120.4
2023-01-18,165.6
2023-01-19,211.9
2023-01-20,261.2
2023-01-21,306.9
2023-01-22,350.9
2023-01-23,393.2
2023-01-24,431.5
2023-01-25,465.4
2023-01-26,496.6
2023-01-27,523.1
2023-01-28,552.1
2023-01-29,581.7
2023-01-30,611.2
2023-01-31,644.1
2023-02-01,671.2
2023-02-02,690.2
2023-02-03,691.4
2023-02-04,687.3
2023-02-05,680.7
2023-02-06,673.6
2023-02-07,665.8
2023-02-08,667.8
2023-02-09,678.1
2023-02-10,692.7
2023-02-11,707.8
2023-02-12,725.1
2023-02-13,742.3
2023-02-14,749.6
2023-02-15,743.0
2023-02-16,737.5
2023-02-17,744.5
2023-02-18,754.0
2023-02-19,765.2
2023-02-20,780.9
2023-02-21,802.8
2023-02-22,829.3
2023-02-23,850.8
2023-02-24,864.4
2023-02-25,877.8
2023-02-26,889.2
2023-02-27,902.0
2023-02-28,916.3
2023-03-01,929.3
2023-03-02,940.1
2023-03-03,943.4
2023-03-04,949.8
2023-03-05,956.3
2023-03-06,946.2
2023-03-07,913.6
2023-03-08,899.5
2023-03-09,875.6
2023-03-10,844.0
2023-03-11,807.7
2023-03-12,773.2
2023-03-13,739.4
2023-03-14,707.7
2023-03-15,686.8
2023-03-16,672.0
2023-03-17,663.6
2023-03-18,659.5
2023-03-19,652.9
2023-03-20,645.6
2023-03-21,641.0
2023-03-22,632.0
2023-03-23,627.7
2023-03-24,629.3
2023-03-25,635.3
2023-03-26,645.8
2023-03-27,663.3
2023-03-28,680.8
2023-03-29,697.4
2023-03-30,702.5
2023-03-31,697.3
2023-04-01,686.7
2023-04-02,672.4
2023-04-03,650.9
2023-04-04,627.0
2023-04-05,608.0
2023-04-06,597.7
2023-04-07,585.9
2023-04-08,561.3
2023-04-09,532.6
2023-04-10,504.3
2023-04-11,471.4
2023-04-12,437.0
2023-04-13,402.5
2023-04-14,375.5
2023-04-15,356.6
2023-04-16,343.5
2023-04-17,333.8
2023-04-18,323.5
2023-04-19,313.1
2023-04-20,306.0
2023-04-21,301.1
2023-04-22,301.5
2023-04-23,297.8
2023-04-24,295.9
2023-04-25,303.1
2023-04-26,315.4
2023-04-27,330.1
2023-04-28,347.8
2023-04-29,365.5
2023-04-30,381.4
2023-05-01,395.3
2023-05-02,405.2
2023-05-03,413.0
2023-05-04,414.1
2023-05-05,409.9
2023-05-06,403.8
2023-05-07,397.9
2023-05-08,392.0
2023-05-09,386.2
2023-05-10,377.6
2023-05-11,369.1
2023-05-12,361.7
2023-05-13,356.5
2023-05-14,352.9
2023-05-15,351.8
2023-05-16,342.2
2023-05-17,335.0
2023-05-18,327.9
2023-05-19,319.8
2023-05-20,310.7
2023-05-21,299.7
2023-05-22,289.0
2023-05-23,283.4
2023-05-24,280.2
2023-05-25,278.2
2023-05-26,278.0
2023-05-27,278.5
2023-05-28,279.0
2023-05-29,279.7
2023-05-30,280.8
2023-05-31,282.3
2023-06-01,284.0
2023-06-02,285.5
2023-06-03,287.3
2023-06-04,292.1
2023-06-05,296.5
2023-06-06,296.7
2023-06-07,296.0
2023-06-08,294.6
2023-06-09,292.7
2023-06-10,289.2
2023-06-11,285.6
2023-06-12,280.3
2023-06-13,273.3
2023-06-14,263.6
2023-06-15,253.5
2023-06-16,242.9
2023-06-17,230.8
2023-06-18,218.7
2023-06-19,210.1
2023-06-20,207.2
2023-06-21,210.4
2023-06-22,215.3
2023-06-23,220.3
2023-06-24,227.5
2023-06-25,238.6
2023-06-26,253.0
2023-06-27,266.4
2023-06-28,279.2
2023-06-29,294.3
2023-06-30,310.9
2023-07-01,328.4
2023-07-02,342.1
2023-07-03,350.9
2023-07-04,354.7
2023-07-05,360.4
2023-07-06,362.2
2023-07-07,363.6
2023-07-08,365.1
2023-07-09,366.6
2023-07-10,368.0
2023-07-11,369.5
2023-07-12,370.9
2023-07-13,372.4
2023-07-14,374.2
2023-07-15,373.9
2023-07-16,373.6
2023-07-17,376.0
2023-07-18,378.0
2023-07-19,379.6
2023-07-20,381.5
2023-07-21,383.4
2023-07-22,385.3
2023-07-23,387.0
2023-07-24,388.3
2023-07-25,390.8
2023-07-26,395.6
2023-07-27,402.4
2023-07-28,410.3
2023-07-29,418.2
2023-07-30,426.3
2023-07-31,434.7
2023-08-01,442.5
2023-08-02,448.5
2023-08-03,452.2
2023-08-04,453.9
2023-08-05,454.8
2023-08-06,455.7
2023-08-07,456.1
2023-08-08,454.7
2023-08-09,449.5
2023-08-10,441.5
2023-08-11,433.6
2023-08-12,426.5
2023-08-13,420.4
2023-08-14,410.4
2023-08-15,393.4
2023-08-16,395.3
2023-08-17,401.1
2023-08-18,406.7
2023-08-19,411.7
2023-08-20,415.7
2023-08-21,424.2
2023-08-22,435.6
2023-08-23,449.5
2023-08-24,463.3
2023-08-25,481.4
2023-08-26,500.0
2023-08-27,518.5
2023-08-28,542.9
2023-08-29,572.9
2023-08-30,604.5
2023-08-31,639.1
2023-09-01,671.2
2023-09-02,702.9
2023-09-03,736.7
2023-09-04,764.0
2023-09-05,781.2
2023-09-06,791.3
2023-09-07,803.4
2023-09-08,820.3
2023-09-09,837.3
2023-09-10,854.3
2023-09-11,875.4
2023-09-12,900.9
2023-09-13,926.3
2023-09-14,945.8
2023-09-15,966.8
2023-09-16,986.8
2023-09-17,1006.7
2023-09-18,1027.2
2023-09-19,1048.4
2023-09-20,1074.2
2023-09-21,1104.3
2023-09-22,1138.2
2023-09-23,1173.0
2023-09-24,1207.8
2023-09-25,1245.3
2023-09-26,1284.0
2023-09-27,1327.6
2023-09-28,1376.2
2023-09-29,1420.5
2023-09-30,1461.1
2023-10-01,1501.6
2023-10-02,1541.0
2023-10-03,1580.2
2023-10-04,1620.4
2023-10-05,1642.0
2023-10-06,1658.8
2023-10-07,1680.6
2023-10-08,1702.5
2023-10-09,1718.3
2023-10-10,1729.2
2023-10-11,1736.9
2023-10-12,1738.9
2023-10-13,1746.4
2023-10-14,1748.6
2023-10-15,1760.8
2023-10-16,1790.5
2023-10-17,1794.3
2023-10-18,1792.6
2023-10-19,1793.0
2023-10-20,1805.1
2023-10-21,1819.6
2023-10-22,1834.1
2023-10-23,1862.7
2023-10-24,1907.9
2023-10-25,1963.9
2023-10-26,2023.0
2023-10-27,2068.4
2023-10-28,2106.8
2023-10-29,2145.2
2023-10-30,2180.5
2023-10-31,2211.0
2023-11-01,2239.7
2023-11-02,2268.3
2023-11-03,2296.7
2023-11-04,2323.6
2023-11-05,2350.5
2023-11-06,2364.6
2023-11-07,2374.3
2023-11-08,2384.9
2023-11-09,2391.9
2023-11-10,2399.6
2023-11-11,2405.5
2023-11-12,2411.8
2023-11-13,2420.0
2023-11-14,2426.9
2023-11-15,2445.1
2023-11-16,2460.7
2023-11-17,2472.0
2023-11-18,2487.4
2023-11-19,2506.5
2023-11-20,2527.4
2023-11-21,2547.5
2023-11-22,2570.4
2023-11-23,2600.5
2023-11-24,2640.0
2023-11-25,2681.3
2023-11-26,2715.7
2023-11-27,2755.9
2023-11-28,2803.0
2023-11-29,2852.5
2023-11-30,2906.7
2023-12-01,2955.5
2023-12-02,3001.0
2023-12-03,3049.4
2023-12-04,3079.2
2023-12-05,3088.5
2023-12-06,3115.2
2023-12-07,3139.2
2023-12-08,3161.4
2023-12-09,3168.8
2023-12-10,3176.3
2023-12-11,3188.1
2023-12-12,3190.0
2023-12-13,3182.0
2023-12-14,3168.8
2023-12-15,3169.5
2023-12-16,3180.8
2023-12-17,3193.9
2023-12-18,3206.1
2023-12-19,3217.4
2023-12-20,3227.1
2023-12-21,3234.6
2023-12-22,3244.1
2023-12-23,3254.7
2023-12-24,3263.6
2023-12-25,3278.2
2023-12-26,3308.5
2023-12-27,3344.2
2023-12-28,3378.0
2023-12-29,3410.5
2023-12-30,3436.2
2023-12-31,3462.0
2024-01-01,3479.1
2024-01-02,3490.7
2024-01-03,3495.4
2024-01-04,3483.0
2024-01-05,3467.3
2024-01-06,3458.7
2024-01-07,3450.2
2024-01-08,3441.0
2024-01-09,3427.6
2024-01-10,3417.7
2024-01-11,3403.8
2024-01-12,3383.3
2024-01-13,3351.4
2024-01-14,3319.3
2024-01-15,3307.8
2024-01-16,3270.1
2024-01-17,3245.9
2024-01-18,3215.0
2024-01-19,3175.2
2024-01-20,3139.9
2024-01-21,3104.5
2024-01-22,3069.8
2024-01-23,3039.4
2024-01-24,3014.5
2024-01-25,3002.5
2024-01-26,3003.2
2024-01-27,3005.0
2024-01-28,3002.3
2024-01-29,3004.7
2024-01-30,3002.6
2024-01-31,2994.7
2024-02-01,2983.7
2024-02-02,2975.4
2024-02-03,2963.0
2024-02-04,2956.7
2024-02-05,2945.0
2024-02-06,2930.0
2024-02-07,2917.6
2024-02-08,2903.9
2024-02-09,2883.6
2024-02-10,2857.1
2024-02-11,2833.9
2024-02-12,2810.8
2024-02-13,2783.9
2024-02-14,2760.3
2024-02-15,2728.0
2024-02-16,2693.9
2024-02-17,2648.1
2024-02-18,2617.1
2024-02-19,2584.8
2024-02-20,2550.9
2024-02-21,2512.5
2024-02-22,2473.6
2024-02-23,2446.7
2024-02-24,2428.2
2024-02-25,2400.0
2024-02-26,2377.6
2024-02-27,2361.7
2024-02-28,2346.9
2024-02-29,2335.8
2024-03-01,2325.7
2024-03-02,2327.1
2024-03-03,2331.1
2024-03-04,2328.7
2024-03-05,2304.8
2024-03-06,2304.5
2024-03-07,2289.6
2024-03-08,2285.0
2024-03-09,2289.7
2024-03-10,2300.8
2024-03-11,2312.0
2024-03-12,2321.9
2024-03-13,2335.3
2024-03-14,2338.6
2024-03-15,2327.5
2024-03-16,2302.9
2024-03-17,2275.6
2024-03-18,2252.7
2024-03-19,2225.0
2024-03-20,2194.2
2024-03-21,2165.9
2024-03-22,2140.9
2024-03-23,2118.6
2024-03-24,2090.4
2024-03-25,2057.7
2024-03-26,2028.8
2024-03-27,2007.0
2024-03-28,1988.9
2024-03-29,1973.9
2024-03-30,1962.0
2024-03-31,1953.6
2024-04-01,1944.3
2024-04-02,1937.1
2024-04-03,1928.4
2024-04-04,1912.6
2024-04-05,1905.5
2024-04-06,1903.6
2024-04-07,1914.5
2024-04-08,1914.0
2024-04-09,1914.7
2024-04-10,1925.7
2024-04-11,1944.7
2024-04-12,1969.6
2024-04-13,1987.7
2024-04-14,2001.5
2024-04-15,2019.4
2024-04-16,2027.9
2024-04-17,2026.8
2024-04-18,2026.3
2024-04-19,2020.3
2024-04-20,2013.0
2024-04-21,1996.7
2024-04-22,1978.6
2024-04-23,1965.0
2024-04-24,1949.6
2024-04-25,1929.7
2024-04-26,1908.7
2024-04-27,1884.8
2024-04-28,1860.8
2024-04-29,1838.6
2024-04-30,1827.5
2024-05-01,1820.4
2024-05-02,1815.9
2024-05-03,1820.2
2024-05-04,1831.8
2024-05-05,1846.5
2024-05-06,1861.3
2024-05-07,1867.2
2024-05-08,1873.1
2024-05-09,1882.0
2024-05-10,1890.8
2024-05-11,1899.0
2024-05-12,1903.8
2024-05-13,1908.6
2024-05-14,1910.1
2024-05-15,1915.2
2024-05-16,1917.3
2024-05-17,1917.1
2024-05-18,1917.4
2024-05-19,1921.3
2024-05-20,1925.2
2024-05-21,1930.1
2024-05-22,1932.9
2024-05-23,1935.1
2024-05-24,1938.2
2024-05-25,1939.7
2024-05-26,1937.7
2024-05-27,1935.6
2024-05-28,1933.1
2024-05-29,1935.2
2024-05-30,1942.3
2024-05-31,1951.5
2024-06-01,1960.8
2024-06-02,1970.0
2024-06-03,1976.3
2024-06-04,1981.1
2024-06-05,1985.0
2024-06-06,1988.0
2024-06-07,1989.6
2024-06-08,1991.7
2024-06-09,1995.2
2024-06-10,1998.7
2024-06-11,2004.0
2024-06-12,2011.2
2024-06-13,2021.0
2024-06-14,2031.3
2024-06-15,2037.3
2024-06-16,2044.8
2024-06-17,2056.0
2024-06-18,2065.4
2024-06-19,2065.6
2024-06-20,2060.0
2024-06-21,2052.7
2024-06-22,2045.1
2024-06-23,2034.2
2024-06-24,2020.4
2024-06-25,2007.8
2024-06-26,2002.7
2024-06-27,1997.8
2024-06-28,1989.9
2024-06-29,1979.2
2024-06-30,1968.5
2024-07-01,1960.7
2024-07-02,1951.7
2024-07-03,1944.6
2024-07-04,1937.8
2024-07-05,1933.9
2024-07-06,1931.9
2024-07-07,1930.0
2024-07-08,1928.1
2024-07-09,1926.3
2024-07-10,1924.4
2024-07-11,1922.6
2024-07-12,1920.7
2024-07-13,1918.5
2024-07-14,1918.4
2024-07-15,1922.9
2024-07-16,1938.1
2024-07-17,1956.9
2024-07-18,1971.8
2024-07-19,1982.6
2024-07-20,1991.4
2024-07-21,2000.1
2024-07-22,2007.5
2024-07-23,2007.0
2024-07-24,2001.5
2024-07-25,2006.3
2024-07-26,2020.3
2024-07-27,2035.2
2024-07-28,2050.1
2024-07-29,2069.9
2024-07-30,2088.4
2024-07-31,2111.3
2024-08-01,2131.6
2024-08-02,2146.9
2024-08-03,2164.3
2024-08-04,2187.2
2024-08-05,2204.1
2024-08-06,2213.6
2024-08-07,2218.1
2024-08-08,2220.7
2024-08-09,2226.1
2024-08-10,2231.2
2024-08-11,2235.5
2024-08-12,2241.3
2024-08-13,2257.7
2024-08-14,2276.4
2024-08-15,2293.8
2024-08-16,2310.2
2024-08-17,2327.8
2024-08-18,2347.4
2024-08-19,2366.5
2024-08-20,2377.5
2024-08-21,2389.2
2024-08-22,2397.1
2024-08-23,2409.8
2024-08-24,2417.1
2024-08-25,2422.4
2024-08-26,2442.1
2024-08-27,2462.2
2024-08-28,2477.3
2024-08-29,2486.5
2024-08-30,2485.8
2024-08-31,2487.6
2024-09-01,2489.7
2024-09-02,2480.4
2024-09-03,2463.6
2024-09-04,2437.9
2024-09-05,2414.5
2024-09-06,2390.5
2024-09-07,2360.5
2024-09-08,2330.3
2024-09-09,2301.9
2024-09-10,2274.6
2024-09-11,2255.3
2024-09-12,2241.9
2024-09-13,2228.6
2024-09-14,2214.5
2024-09-15,2189.7
2024-09-16,2163.0
2024-09-17,2127.1
2024-09-18,2098.6
2024-09-19,2068.4
2024-09-20,2044.7
2024-09-21,2021.2
2024-09-22,1996.5
2024-09-23,1976.4
2024-09-24,1968.8
2024-09-25,1954.2
2024-09-26,1931.7
2024-09-27,1894.4
2024-09-28,1857.6
2024-09-29,1824.5
2024-09-30,1792.4
2024-10-01,1760.0
2024-10-02,1721.2
2024-10-03,1684.7
2024-10-04,1654.4
2024-10-05,1628.9
2024-10-06,1597.7
2024-10-07,1560.3
2024-10-08,1521.0
2024-10-09,1490.5
2024-10-10,1463.9
2024-10-11,1444.9
2024-10-12,1417.5
2024-10-13,1396.5
2024-10-14,1376.3
2024-10-15,1324.8
2024-10-16,1278.6
2024-10-17,1237.0
2024-10-18,1197.9
2024-10-19,1153.6
2024-10-20,1106.9
2024-10-21,1063.9
2024-10-22,1018.1
2024-10-23,967.9
2024-10-24,921.2
2024-10-25,871.2
2024-10-26,828.1
2024-10-27,790.1
2024-10-28,752.8
2024-10-29,721.2
2024-10-30,682.4
2024-10-31,636.1
2024-11-01,587.6
2024-11-02,542.0
2024-11-03,493.0
2024-11-04,451.3
2024-11-05,416.9
2024-11-06,383.7
2024-11-07,336.8
2024-11-08,286.8
2024-11-09,229.7
2024-11-10,177.4
2024-11-11,127.4
2024-11-12,72.9
2024-11-13,14.8
2024-11-14,-38.7
2024-11-15,-92.4
2024-11-16,-134.4
2024-11-17,-177.1
2024-11-18,-222.7
2024-11-19,-267.9
2024-11-20,-310.8
2024-11-21,-351.4
2024-11-22,-407.5
2024-11-23,-473.4
2024-11-24,-543.4
2024-11-25,-604.3
2024-11-26,-664.6
2024-11-27,-725.2
2024-11-28,-794.5
2024-11-29,-873.2
2024-11-30,-944.3
2024-12-01,-1014.0
2024-12-02,-1091.9
2024-12-03,-1166.9
2024-12-04,-1225.4
2024-12-05,-1288.8
2024-12-06,-1351.5
2024-12-07,-1412.5
2024-12-08,-1458.3
2024-12-09,-1503.8
2024-12-10,-1555.7
2024-12-11,-1598.6
2024-12-12,-1634.1
2024-12-13,-1672.7
2024-12-14,-1726.4
2024-12-15,-1815.7
2024-12-16,-1890.9
2024-12-17,-1961.6
2024-12-18,-2031.4
2024-12-19,-2093.7
2024-12-20,-2153.9
2024-12-21,-2218.9
2024-12-22,-2293.1
2024-12-23,-2380.0
2024-12-24,-2474.1
2024-12-25,-2584.6
2024-12-26,-2697.2
2024-12-27,-2805.4
2024-12-28,-2916.4
2024-12-29,-3024.3
2024-12-30,-3132.6
2024-12-31,-3232.5
2025-01-01,-3327.9
2025-01-02,-3416.7
2025-01-03,-3489.4
2025-01-04,-3540.7
2025-01-05,-3589.0
2025-01-06,-3638.8
2025-01-07,-3691.6
2025-01-08,-3742.6
2025-01-09,-3797.7
2025-01-10,-3856.9
2025-01-11,-3906.0
2025-01-12,-3949.0
2025-01-13,-3991.7
2025-01-14,-4055.7
2025-01-15,-4113.0
2025-01-16,-4171.6
2025-01-17,-4224.5
2025-01-18,-4271.4
2025-01-19,-4329.3
2025-01-20,-4385.2
2025-01-21,-4433.4
2025-01-22,-4475.5
2025-01-23,-4512.7
2025-01-24,-4554.5
2025-01-25,-4604.3
2025-01-26,-4649.6
2025-01-27,-4691.4
2025-01-28,-4741.0
2025-01-29,-4790.0
2025-01-30,-4837.3
2025-01-31,-4876.2
2025-02-01,-4910.2
2025-02-02,-4931.0
2025-02-03,-4923.8
2025-02-04,-4927.8
2025-02-05,-4941.6
2025-02-06,-4964.9
2025-02-07,-4996.3
2025-02-08,-5023.1
2025-02-09,-5047.3
2025-02-10,-5073.2
2025-02-11,-5085.6
2025-02-12,-5089.2
2025-02-13,-5084.9
2025-02-14,-5065.3
2025-02-15,-5041.3
2025-02-16,-5014.3
2025-02-17,-4999.0
2025-02-18,-4982.8
2025-02-19,-4971.7
2025-02-20,-4958.4
2025-02-21,-4949.0
2025-02-22,-4952.6
2025-02-23,-4964.5
2025-02-24,-4972.2
2025-02-25,-4987.8
2025-02-26,-5007.8
2025-02-27,-5034.7
2025-02-28,-5060.2
2025-03-01,-5080.4
2025-03-02,-5100.8
2025-03-03,-5125.1
2025-03-04,-5148.9
2025-03-05,-5149.3
2025-03-06,-5146.7
2025-03-07,-5140.1
2025-03-08,-5134.0
2025-03-09,-5127.8
2025-03-10,-5121.7
2025-03-11,-5117.5
2025-03-12,-5120.2
2025-03-13,-5134.0
2025-03-14,-5152.2
2025-03-15,-5172.6
2025-03-16,-5185.2
2025-03-17,-5193.2
2025-03-18,-5199.9
2025-03-19,-5196.5
2025-03-20,-5186.6
2025-03-21,-5176.7
2025-03-22,-5175.1
2025-03-23,-5180.8
2025-03-24,-5193.4
2025-03-25,-5203.9
2025-03-26,-5216.9
2025-03-27,-5231.1
2025-03-28,-5249.5
2025-03-29,-5262.8
2025-03-30,-5275.3
2025-03-31,-5284.1
2025-04-01,-5296.6
2025-04-02,-5311.3
2025-04-03,-5318.2
2025-04-04,-5318.6
2025-04-05,-5326.1
2025-04-06,-5334.5
2025-04-07,-5344.4
2025-04-08,-5340.5
2025-04-09,-5339.3
2025-04-10,-5346.8
2025-04-11,-5360.8
2025-04-12,-5380.4
2025-04-13,-5396.9
2025-04-14,-5414.3
2025-04-15,-5440.0
2025-04-16,-5456.6
2025-04-17,-5459.6
2025-04-18,-5454.4
2025-04-19,-5450.0
2025-04-20,-5450.4
2025-04-21,-5448.2
2025-04-22,-5440.9
2025-04-23,-5434.3
2025-04-24,-5431.8
2025-04-25,-5435.3
2025-04-26,-5438.9
2025-04-27,-5440.6
2025-04-28,-5440.4
2025-04-29,-5437.7
2025-04-30,-5435.4
2025-05-01,-5433.8
2025-05-02,-5434.1
2025-05-03,-5434.4
2025-05-04,-5430.7
2025-05-05,-5432.4
2025-05-06,-5440.6
2025-05-07,-5451.4
2025-05-08,-5461.6
2025-05-09,-5474.9
2025-05-10,-5486.6
2025-05-11,-5498.5
2025-05-12,-5509.6
2025-05-13,-5518.2
2025-05-14,-5530.2
2025-05-15,-5546.8
2025-05-16,-5557.0
2025-05-17,-5561.9
2025-05-18,-5563.8
2025-05-19,-5563.8
2025-05-20,-5560.9
2025-05-21,-5551.5
2025-05-22,-5538.7
2025-05-23,-5530.2
2025-05-24,-5525.2
2025-05-25,-5523.1
2025-05-26,-5516.1
2025-05-27,-5505.8
2025-05-28,-5496.4
2025-05-29,-5487.5
2025-05-30,-5477.6
2025-05-31,-5470.2
2025-06-01,-5462.8
2025-06-02,-5463.0
2025-06-03,-5462.1
2025-06-04,-5457.2
2025-06-05,-5449.8
2025-06-06,-5427.3
2025-06-07,-5407.4
2025-06-08,-5387.4
2025-06-09,-5364.0
2025-06-10,-5348.3
2025-06-11,-5334.7
2025-06-12,-5321.4
2025-06-13,-5306.2
2025-06-14,-5289.1
2025-06-15,-5267.3
2025-06-16,-5237.9
2025-06-17,-5218.0
2025-06-18,-5202.2
2025-06-19,-5190.0
2025-06-20,-5174.7
2025-06-21,-5156.4
2025-06-22,-5138.1
2025-06-23,-5118.5
2025-06-24,-5090.0
2025-06-25,-5062.9
2025-06-26,-5031.2
2025-06-27,-4997.0
2025-06-28,-4965.1
2025-06-29,-4933.1
2025-06-30,-4898.8
2025-07-01,-4870.0
2025-07-02,-4836.0
2025-07-03,-4804.1
2025-07-04,-4775.6
2025-07-05,-4746.8
2025-07-06,-4718.0
2025-07-07,-4693.7
2025-07-08,-4672.5
2025-07-09,-4655.3
2025-07-10,-4638.7
2025-07-11,-4622.9
2025-07-12,-4607.9
2025-07-13,-4592.8
2025-07-14,-4575.4
2025-07-15,-4535.9
2025-07-16,-4502.9
2025-07-17,-4467.1
2025-07-18,-4427.5
2025-07-19,-4386.9
2025-07-20,-4344.2
2025-07-21,-4302.7
2025-07-22,-4254.7
2025-07-23,-4206.0
2025-07-24,-4155.7
2025-07-25,-4107.2
2025-07-26,-4086.7
2025-07-27,-4068.1
2025-07-28,-4043.1
2025-07-29,-4021.7
2025-07-30,-3991.1
2025-07-31,-3964.1
2025-08-01,-3945.7
2025-08-02,-3921.5
2025-08-03,-3897.4
2025-08-04,-3877.0
2025-08-05,-3865.7
2025-08-06,-3846.1
2025-08-07,-3822.1
2025-08-08,-3780.3
2025-08-09,-3737.6
2025-08-10,-3694.6
2025-08-11,-3660.4
2025-08-12,-3628.1
2025-08-13,-3607.2
2025-08-14,-3594.1
2025-08-15,-3578.9
2025-08-16,-3571.8
2025-08-17,-3563.9
2025-08-18,-3553.0
2025-08-19,-3534.5
2025-08-20,-3496.8
2025-08-21,-3454.9
2025-08-22,-3402.2
2025-08-23,-3346.4
2025-08-24,-3291.6
2025-08-25,-3236.3
2025-08-26,-3200.5
2025-08-27,-3174.5
2025-08-28,-3145.2
2025-08-29,-3104.0
2025-08-30,-3056.8
2025-08-31,-3009.6
2025-09-01,-2964.6
2025-09-02,-2915.5
2025-09-03,-2887.0
2025-09-04,-2852.5
2025-09-05,-2811.9
2025-09-06,-2794.8
2025-09-07,-2776.5
2025-09-08,-2758.0
2025-09-09,-2740.3
2025-09-10,-2723.7
2025-09-11,-2710.5
2025-09-12,-2700.1
2025-09-13,-2691.9
2025-09-14,-2680.5
2025-09-15,-2643.5
2025-09-16,-2610.3
2025-09-17,-2571.0
2025-09-18,-2539.1
2025-09-19,-2507.4
2025-09-20,-2473.5
2025-09-21,-2444.1
2025-09-22,-2415.4
2025-09-23,-2392.6
2025-09-24,-2379.6
2025-09-25,-2360.2
2025-09-26,-2342.5
2025-09-27,-2332.8
2025-09-28,-2319.4
2025-09-29,-2308.5
2025-09-30,-2290.8
2025-10-01,-2278.7
2025-10-02,-2268.1
2025-10-03,-2252.9
2025-10-04,-2246.5
2025-10-05,-2241.3
2025-10-06,-2238.3
2025-10-07,-2237.4
2025-10-08,-2237.9
2025-10-09,-2216.2
2025-10-10,-2188.2
2025-10-11,-2160.9
2025-10-12,-2129.4
2025-10-13,-2095.0
2025-10-14,-2075.7
2025-10-15,-2020.2
2025-10-16,-1956.8
2025-10-17,-1900.9
2025-10-18,-1860.2
2025-10-19,-1826.0
2025-10-20,-1790.7
2025-10-21,-1755.8
2025-10-22,-1727.1
2025-10-23,-1708.3
2025-10-24,-1704.3
2025-10-25,-1713.7
2025-10-26,-1701.0
2025-10-27,-1685.3
2025-10-28,-1664.1
2025-10-29,-1637.0
2025-10-30,-1598.0
2025-10-31,-1543.1
2025-11-01,-1481.7
2025-11-02,-1418.3
2025-11-03,-1357.3
2025-11-04,-1324.7
2025-11-05,-1283.1
2025-11-06,-1244.4
2025-11-07,-1200.4
2025-11-08,-1165.6
2025-11-09,-1124.1
2025-11-10,-1084.5
2025-11-11,-1040.8
2025-11-12,-991.6
2025-11-13,-935.3
2025-11-14,-891.1
2025-11-15,-838.2
2025-11-16,-791.1
2025-11-17,-728.4
2025-11-18,-663.8
2025-11-19,-598.3
2025-11-20,-524.1
2025-11-21,-439.7
2025-11-22,-345.1
2025-11-23,-250.5
2025-11-24,-151.2
2025-11-25,-53.4
2025-11-26,41.4
2025-11-27,129.6
2025-11-28,185.0
2025-11-29,232.5
2025-11-30,274.0
2025-12-01,311.3
2025-12-02,347.3
2025-12-03,400.1
2025-12-04,441.6
2025-12-05,486.4
2025-12-06,541.4
2025-12-07,599.0
2025-12-08,656.4
2025-12-09,711.8
2025-12-10,770.0
2025-12-11,826.1
2025-12-12,884.7
2025-12-13,956.3
2025-12-14,1031.6
2025-12-15,1148.1
2025-12-16,1239.8
2025-12-17,1318.8
2025-12-18,1387.0
2025-12-19,1443.8
2025-12-20,1489.6
2025-12-21,1529.8
2025-12-22,1568.8
2025-12-23,1624.2
2025-12-24,1687.8
2025-12-25,1745.6
2025-12-26,1800.3
2025-12-27,1853.1
2025-12-28,1919.7
2025-12-29,1994.6
2025-12-30,2074.2
2025-12-31,2158.5
2026-01-01,2242.7
2026-01-02,2329.1
2026-01-03,2421.9
2026-01-04,2505.9
2026-01-05,2580.5
2026-01-06,2631.4
2026-01-07,2676.0
2026-01-08,2743.8
2026-01-09,2789.8
2026-01-10,2835.7
2026-01-11,2874.0
2026-01-12,2913.7
2026-01-13,2947.0
2026-01-14,2987.1
2026-01-15,3051.6
2026-01-16,3108.6
2026-01-17,3159.4
2026-01-18,3207.1
2026-01-19,3256.3
2026-01-20,3307.4
2026-01-21,3355.6
2026-01-22,3398.1
2026-01-23,3437.6
2026-01-24,3473.7
2026-01-25,3504.0
2026-01-26,3531.1
2026-01-27,3556.0
2026-01-28,3582.3
2026-01-29,3611.0
2026-01-30,3648.8
2026-01-31,3687.5
2026-02-01,3726.5
2026-02-02,3764.0
2026-02-03,3754.4
2026-02-04,3781.6
2026-02-05,3806.4
2026-02-06,3833.2
2026-02-07,3863.6
2026-02-08,3891.7
2026-02-09,3923.5
2026-02-10,3962.4
2026-02-11,3989.3
2026-02-12,4014.6
2026-02-13,4059.4
2026-02-14,4106.5
2026-02-15,4144.0
2026-02-16,4179.2
2026-02-17,4200.4
2026-02-18,4215.4
2026-02-19,4219.3
2026-02-20,4220.0
2026-02-21,4218.5
2026-02-22,4215.2
2026-02-23,4211.2
2026-02-24,4225.1
2026-02-25,4255.0
2026-02-26,4298.0
2026-02-27,4322.5
2026-02-28,4368.2
2026-03-01,4413.6
2026-03-02,4460.1
2026-03-03,4499.2
2026-03-04,4541.9
2026-03-05,4559.3
2026-03-06,4568.3
2026-03-07,4582.6
2026-03-08,4598.9
2026-03-09,4615.9
2026-03-10,4631.5
2026-03-11,4649.5
2026-03-12,4672.6
2026-03-13,4700.3
2026-03-14,4730.1
2026-03-15,4759.2
2026-03-16,4800.2
2026-03-17,4836.8
2026-03-18,4870.5
2026-03-19,4901.3
2026-03-20,4924.3
2026-03-21,4941.9
2026-03-22,4959.6
2026-03-23,4974.7
2026-03-24,4997.5
2026-03-25,5025.3
2026-03-26,5039.1
2026-03-27,5065.9
2026-03-28,5097.8
2026-03-29,5127.7
2026-03-30,5163.1
2026-03-31,5194.5
2026-04-01,5224.7
2026-04-02,5255.5
2026-04-03,5279.7
2026-04-04,5280.1
2026-04-05,5278.0
2026-04-06,5280.3
2026-04-07,5301.7
2026-04-08,5304.8
2026-04-09,5310.7
2026-04-10,5322.8
2026-04-11,5337.2
2026-04-12,5354.1
2026-04-13,5371.0
2026-04-14,5388.8
2026-04-15,5398.3
2026-04-16,5396.4
2026-04-17,5384.7
2026-04-18,5365.0
2026-04-19,5345.0
2026-04-20,5325.0
2026-04-21,5302.1
2026-04-22,5284.0
2026-04-23,5267.7
2026-04-24,5274.0
2026-04-25,5268.5
2026-04-26,5263.2
2026-04-27,5260.6
2026-04-28,5256.0
2026-04-29,5249.3
2026-04-30,5237.0
2026-05-01,5225.3
2026-05-02,5215.6
2026-05-03,5205.8
2026-05-04,5181.7
2026-05-05,5150.6
2026-05-06,5131.6
2026-05-07,5122.1
2026-05-08,5112.2
2026-05-09,5105.7
2026-05-10,5097.4
2026-05-11,5089.2
2026-05-12,5082.7
2026-05-13,5073.9
2026-05-14,5067.6
2026-05-15,5070.7
2026-05-16,5069.6
2026-05-17,5052.2
2026-05-18,5034.9
2026-05-19,5010.5
2026-05-20,4983.9
2026-05-21,4953.2
2026-05-22,4923.8
2026-05-23,4896.7
2026-05-24,4868.0
2026-05-25,4844.4
2026-05-26,4826.2
2026-05-27,4792.0
2026-05-28,4780.7
2026-05-29,4764.3
2026-05-30,4741.7
2026-05-31,4719.8
2026-06-01,4692.9
2026-06-02,4668.6
2026-06-03,4639.7
2026-06-04,4608.7
2026-06-05,4592.0
2026-06-06,4546.1
2026-06-07,4504.6
2026-06-08,4467.2
2026-06-09,4429.5
2026-06-10,4402.6
2026-06-11,4381.5
2026-06-12,4364.2
2026-06-13,4344.9
2026-06-14,4323.7
2026-06-15,4306.7
2026-06-16,4283.8
2026-06-17,4270.9
2026-06-18,4261.5
2026-06-19,4248.4
2026-06-20,4231.9
2026-06-21,4212.2
2026-06-22,4193.6
2026-06-23,4195.4
2026-06-24,4193.2
2026-06-25,4184.6
2026-06-26,4169.7
2026-06-27,4150.7
2026-06-28,4133.3
2026-06-29,4109.4
2026-06-30,4074.3
2026-07-01,4034.2
2026-07-02,3993.9
2026-07-03,3957.6
2026-07-04,3920.9
2026-07-05,3868.7
2026-07-06,3849.5
2026-07-07,3833.7
2026-07-08,3819.2
2026-07-09,3802.1
2026-07-10,3782.9
2026-07-11,3761.3
2026-07-12,3740.5
2026-07-13,3724.1
2026-07-14,3704.6
2026-07-15,3671.9
2026-07-16,3641.8
2026-07-17,3614.3
2026-07-18,3587.6
2026-07-19,3563.8
2026-07-20,3543.6
2026-07-21,3529.7
2026-07-22,3508.7
2026-07-23,3490.3
2026-07-24,3469.1
2026-07-25,3425.3
2026-07-26,3414.3
2026-07-27,3401.9
2026-07-28,3379.8
2026-07-29,3356.1
2026-07-30,3322.3
2026-07-31,3285.5
2026-08-01,3258.3
2026-08-02,3232.4
2026-08-03,3201.3
2026-08-04,3159.9
2026-08-05,3127.7
2026-08-06,3084.6
2026-08-07,3039.9
2026-08-08,2990.9
2026-08-09,2941.1
2026-08-10,2890.3
2026-08-11,2846.2
2026-08-12,2801.1
2026-08-13,2735.6
2026-08-14,2699.5
2026-08-15,2652.6
2026-08-16,2612.9
2026-08-17,2584.2
2026-08-18,2568.2
