date,level,yoy,yoy_ma50
2019-07-16,41685.4,,
2019-07-17,41785.4,,
2019-07-18,41885.4,,
2019-07-19,41985.4,,
2019-07-20,41985.4,,
2019-07-21,41985.4,,
2019-07-22,42035.4,,
2019-07-23,41875.4,,
2019-07-24,41775.4,,
2019-07-25,41675.4,,
2019-07-26,41575.4,,
2019-07-27,41575.4,,
2019-07-28,41575.4,,
2019-07-29,41525.4,,
2019-07-30,41525.4,,
2019-07-31,41525.4,,
2019-08-01,40292.7,,
2019-08-02,40292.7,,
2019-08-03,40292.7,,
2019-08-04,40292.7,,
2019-08-05,40292.7,,
2019-08-06,40292.7,,
2019-08-07,40292.7,,
2019-08-08,40292.7,,
2019-08-09,40292.7,,
2019-08-10,40292.7,,
2019-08-11,40292.7,,
2019-08-12,40322.7,,
2019-08-13,40382.7,,
2019-08-14,40482.7,,
2019-08-15,40482.7,,
2019-08-16,40562.7,,
2019-08-17,40562.7,,
2019-08-18,40562.7,,
2019-08-19,40552.7,,
2019-08-20,40542.7,,
2019-08-21,40502.7,,
2019-08-22,40562.7,,
2019-08-23,40482.7,,
2019-08-24,40482.7,,
2019-08-25,40482.7,,
2019-08-26,40462.7,,
2019-08-27,40492.7,,
2019-08-28,40492.7,,
2019-08-29,40432.7,,
2019-08-30,40432.7,,
2019-08-31,40432.7,,
2019-09-01,40682.0,,
2019-09-02,40682.0,,
2019-09-03,40602.0,,
2019-09-04,40542.0,,
2019-09-05,40542.0,,
2019-09-06,40582.0,,
2019-09-07,40582.0,,
2019-09-08,40582.0,,
2019-09-09,40702.0,,
2019-09-10,40782.0,,
2019-09-11,40812.0,,
2019-09-12,40812.0,,
2019-09-13,40772.0,,
2019-09-14,40772.0,,
2019-09-15,40772.0,,
2019-09-16,41452.0,,
2019-09-17,41372.0,,
2019-09-18,41372.0,,
2019-09-19,41372.0,,
2019-09-20,41492.0,,
2019-09-21,41492.0,,
2019-09-22,41492.0,,
2019-09-23,41592.0,,
2019-09-24,41632.0,,
2019-09-25,41622.0,,
2019-09-26,41642.0,,
2019-09-27,41632.0,,
2019-09-28,41632.0,,
2019-09-29,41632.0,,
2019-09-30,41612.0,,
2019-10-01,40962.9,,
2019-10-02,40962.9,,
2019-10-03,40962.9,,
2019-10-04,40882.9,,
2019-10-05,40882.9,,
2019-10-06,40882.9,,
2019-10-07,40802.9,,
2019-10-08,40762.9,,
2019-10-09,40742.9,,
2019-10-10,40722.9,,
2019-10-11,40692.9,,
2019-10-12,40692.9,,
2019-10-13,40692.9,,
2019-10-14,40692.9,,
2019-10-15,40692.9,,
2019-10-16,40692.9,,
2019-10-17,40692.9,,
2019-10-18,40722.9,,
2019-10-19,40722.9,,
2019-10-20,40722.9,,
2019-10-21,40772.9,,
2019-10-22,40772.9,,
2019-10-23,40972.9,,
2019-10-24,41032.9,,
2019-10-25,41032.9,,
2019-10-26,41032.9,,
2019-10-27,41032.9,,
2019-10-28,40982.9,,
2019-10-29,40982.9,,
2019-10-30,40782.9,,
2019-10-31,40722.9,,
2019-11-01,41711.5,,
2019-11-02,41711.5,,
2019-11-03,41711.5,,
2019-11-04,41711.5,,
2019-11-05,41711.5,,
2019-11-06,41711.5,,
2019-11-07,41711.5,,
2019-11-08,41711.5,,
2019-11-09,41711.5,,
2019-11-10,41711.5,,
2019-11-11,41711.5,,
2019-11-12,41711.5,,
2019-11-13,41711.5,,
2019-11-14,41711.5,,
2019-11-15,41711.5,,
2019-11-16,41711.5,,
2019-11-17,41711.5,,
2019-11-18,41891.5,,
2019-11-19,41891.5,,
2019-11-20,41891.5,,
2019-11-21,41891.5,,
2019-11-22,41891.5,,
2019-11-23,41891.5,,
2019-11-24,41891.5,,
2019-11-25,41711.5,,
2019-11-26,41711.5,,
2019-11-27,41711.5,,
2019-11-28,41711.5,,
2019-11-29,41711.5,,
2019-11-30,41711.5,,
2019-12-01,41352.2,,
2019-12-02,41352.2,,
2019-12-03,41352.2,,
2019-12-04,41352.2,,
2019-12-05,41352.2,,
2019-12-06,41352.2,,
2019-12-07,41352.2,,
2019-12-08,41352.2,,
2019-12-09,41352.2,,
2019-12-10,41352.2,,
2019-12-11,41352.2,,
2019-12-12,41352.2,,
2019-12-13,41352.2,,
2019-12-14,41352.2,,
2019-12-15,41352.2,,
2019-12-16,41352.2,,
2019-12-17,41352.2,,
2019-12-18,41552.2,,
2019-12-19,41832.2,,
2019-12-20,41982.2,,
2019-12-21,41982.2,,
2019-12-22,41982.2,,
2019-12-23,42032.2,,
2019-12-24,42032.2,,
2019-12-25,41982.2,,
2019-12-26,41952.2,,
2019-12-27,41952.2,,
2019-12-28,41952.2,,
2019-12-29,41952.2,,
2019-12-30,41952.2,,
2019-12-31,41952.2,,
2020-01-01,40618.3,,
2020-01-02,40368.3,,
2020-01-03,40218.3,,
2020-01-04,40218.3,,
2020-01-05,40218.3,,
2020-01-06,40968.3,,
2020-01-07,40968.3,,
2020-01-08,40968.3,,
2020-01-09,40968.3,,
2020-01-10,40968.3,,
2020-01-11,40968.3,,
2020-01-12,40968.3,,
2020-01-13,40968.3,,
2020-01-14,40968.3,,
2020-01-15,41068.3,,
2020-01-16,41368.3,,
2020-01-17,41568.3,,
2020-01-18,41568.3,,
2020-01-19,41768.3,,
2020-01-20,42018.3,,
2020-01-21,42118.3,,
2020-01-22,42148.3,,
2020-01-23,42148.3,,
2020-01-24,42148.3,,
2020-01-25,42148.3,,
2020-01-26,42148.3,,
2020-01-27,42148.3,,
2020-01-28,42148.3,,
2020-01-29,42048.3,,
2020-01-30,41748.3,,
2020-01-31,41548.3,,
2020-02-01,42282.0,,
2020-02-02,42082.0,,
2020-02-03,43032.0,,
2020-02-04,43432.0,,
2020-02-05,43402.0,,
2020-02-06,43402.0,,
2020-02-07,43402.0,,
2020-02-08,43402.0,,
2020-02-09,43402.0,,
2020-02-10,43402.0,,
2020-02-11,43122.0,,
2020-02-12,43122.0,,
2020-02-13,43122.0,,
2020-02-14,43122.0,,
2020-02-15,43122.0,,
2020-02-16,43122.0,,
2020-02-17,42222.0,,
2020-02-18,42002.0,,
2020-02-19,42002.0,,
2020-02-20,42002.0,,
2020-02-21,42002.0,,
2020-02-22,42002.0,,
2020-02-23,42002.0,,
2020-02-24,41702.0,,
2020-02-25,41702.0,,
2020-02-26,41702.0,,
2020-02-27,41702.0,,
2020-02-28,41702.0,,
2020-02-29,41702.0,,
2020-03-01,43255.1,,
2020-03-02,43255.1,,
2020-03-03,43255.1,,
2020-03-04,43255.1,,
2020-03-05,43255.1,,
2020-03-06,43255.1,,
2020-03-07,43255.1,,
2020-03-08,43255.1,,
2020-03-09,43255.1,,
2020-03-10,43255.1,,
2020-03-11,43255.1,,
2020-03-12,43255.1,,
2020-03-13,43255.1,,
2020-03-14,43255.1,,
2020-03-15,43255.1,,
2020-03-16,43805.1,,
2020-03-17,43805.1,,
2020-03-18,43805.1,,
2020-03-19,43805.1,,
2020-03-20,43805.1,,
2020-03-21,43805.1,,
2020-03-22,43805.1,,
2020-03-23,43805.1,,
2020-03-24,43805.1,,
2020-03-25,43805.1,,
2020-03-26,43805.1,,
2020-03-27,43805.1,,
2020-03-28,43805.1,,
2020-03-29,43805.1,,
2020-03-30,43855.1,,
2020-03-31,43875.1,,
2020-04-01,43480.7,,
2020-04-02,43480.7,,
2020-04-03,43480.7,,
2020-04-04,43480.7,,
2020-04-05,43480.7,,
2020-04-06,43430.7,,
2020-04-07,43410.7,,
2020-04-08,43410.7,,
2020-04-09,43410.7,,
2020-04-10,43410.7,,
2020-04-11,43410.7,,
2020-04-12,43410.7,,
2020-04-13,43410.7,,
2020-04-14,43410.7,,
2020-04-15,43610.7,,
2020-04-16,43610.7,,
2020-04-17,43610.7,,
2020-04-18,43610.7,,
2020-04-19,43610.7,,
2020-04-20,43610.7,,
2020-04-21,43610.7,,
2020-04-22,43610.7,,
2020-04-23,43610.7,,
2020-04-24,43610.7,,
2020-04-25,43610.7,,
2020-04-26,43610.7,,
2020-04-27,43610.7,,
2020-04-28,43610.7,,
2020-04-29,43610.7,,
2020-04-30,43610.7,,
2020-05-01,43610.7,,
2020-05-02,43610.7,,
2020-05-03,43610.7,,
2020-05-04,43610.7,,
2020-05-05,43610.7,,
2020-05-06,43610.7,,
2020-05-07,43610.7,,
2020-05-08,43610.7,,
2020-05-09,43610.7,,
2020-05-10,43610.7,,
2020-05-11,43610.7,,
2020-05-12,43610.7,,
2020-05-13,43610.7,,
2020-05-14,43610.7,,
2020-05-15,43610.7,,
2020-05-16,43610.7,,
2020-05-17,43610.7,,
2020-05-18,43610.7,,
2020-05-19,43610.7,,
2020-05-20,43610.7,,
2020-05-21,43610.7,,
2020-05-22,43610.7,,
2020-05-23,43610.7,,
2020-05-24,43610.7,,
2020-05-25,43610.7,,
2020-05-26,43620.7,,
2020-05-27,43740.7,,
2020-05-28,43980.7,,
2020-05-29,44280.7,,
2020-05-30,44280.7,,
2020-05-31,44280.7,,
2020-06-01,44718.8,,
2020-06-02,44708.8,,
2020-06-03,44588.8,,
2020-06-04,44418.8,,
2020-06-05,44268.8,,
2020-06-06,44268.8,,
2020-06-07,44268.8,,
2020-06-08,44388.8,,
2020-06-09,44448.8,,
2020-06-10,44508.8,,
2020-06-11,44518.8,,
2020-06-12,44468.8,,
2020-06-13,44468.8,,
2020-06-14,44468.8,,
2020-06-15,44348.8,,
2020-06-16,44288.8,,
2020-06-17,44228.8,,
2020-06-18,44268.8,,
2020-06-19,44348.8,,
2020-06-20,44348.8,,
2020-06-21,44348.8,,
2020-06-22,44468.8,,
2020-06-23,44668.8,,
2020-06-24,44848.8,,
2020-06-25,44798.8,,
2020-06-26,44728.8,,
2020-06-27,44728.8,,
2020-06-28,44828.8,,
2020-06-29,44788.8,,
2020-06-30,44698.8,,
2020-07-01,45252.4,,
2020-07-02,45182.4,,
2020-07-03,45072.4,,
2020-07-04,45072.4,,
2020-07-05,44972.4,,
2020-07-06,44892.4,,
2020-07-07,44782.4,,
2020-07-08,44782.4,,
2020-07-09,44782.4,,
2020-07-10,44782.4,,
2020-07-11,44782.4,,
2020-07-12,44782.4,,
2020-07-13,44832.4,,
2020-07-14,44862.4,,
2020-07-15,44862.4,3177.1,3177.1
2020-07-16,44912.4,3127.1,3152.1
2020-07-17,45112.4,3227.1,3177.1
2020-07-18,45112.4,3127.1,3164.6
2020-07-19,45112.4,3127.1,3157.1
2020-07-20,45162.4,3177.1,3160.4
2020-07-21,45142.4,3107.1,3152.8
2020-07-22,45142.4,3267.1,3167.1
2020-07-23,45092.4,3317.1,3183.7
2020-07-24,44892.4,3217.1,3187.1
2020-07-25,44892.4,3317.1,3198.9
2020-07-26,44892.4,3317.1,3208.7
2020-07-27,44892.4,3317.1,3217.1
2020-07-28,44962.4,3437.1,3232.8
2020-07-29,44992.4,3467.1,3248.4
2020-07-30,45042.4,3517.1,3265.2
2020-07-31,45062.4,4769.8,3353.7
2020-08-01,44848.5,4555.9,3420.5
2020-08-02,44848.5,4555.9,3480.2
2020-08-03,44748.5,4455.9,3529.0
2020-08-04,44668.5,4375.9,3569.3
2020-08-05,44638.5,4345.9,3604.6
2020-08-06,44588.5,4295.9,3634.7
2020-08-07,44578.5,4285.9,3661.8
2020-08-08,44578.5,4285.9,3686.8
2020-08-09,44578.5,4285.9,3709.8
2020-08-10,44588.5,4295.9,3731.5
2020-08-11,44638.5,4315.9,3752.4
2020-08-12,44778.5,4395.9,3774.6
2020-08-13,44928.5,4445.9,3797.0
2020-08-14,45068.5,4585.9,3822.4
2020-08-15,45068.5,4505.9,3843.8
2020-08-16,45068.5,4505.9,3863.8
2020-08-17,45108.5,4545.9,3883.9
2020-08-18,45158.5,4605.9,3904.5
2020-08-19,45168.5,4625.9,3924.6
2020-08-20,45178.5,4675.9,3944.9
2020-08-21,45028.5,4465.9,3958.6
2020-08-22,45028.5,4545.9,3973.6
2020-08-23,45028.5,4545.9,3987.9
2020-08-24,45138.5,4655.9,4004.2
2020-08-25,45338.5,4875.9,4025.0
2020-08-26,45388.5,4895.9,4045.2
2020-08-27,45328.5,4835.9,4063.2
2020-08-28,45378.5,4945.9,4082.8
2020-08-29,45378.5,4945.9,4101.6
2020-08-30,45378.5,4945.9,4119.5
2020-08-31,45298.5,4616.6,4129.9
2020-09-01,44553.7,3871.7,4124.6
2020-09-02,44373.7,3771.7,4117.6
2020-09-03,44393.7,3851.7,4131.1
2020-09-04,44443.7,3901.7,4146.6
2020-09-05,44443.7,3861.7,4159.2
2020-09-06,44443.7,3861.7,4173.9
2020-09-07,44463.7,3881.7,4189.0
2020-09-08,44563.7,3861.7,4202.7
2020-09-09,44663.7,3881.7,4218.2
2020-09-10,44683.7,3871.7,4230.3
2020-09-11,44673.7,3861.7,4241.2
2020-09-12,44673.7,3901.7,4254.9
2020-09-13,44673.7,3901.7,4266.6
2020-09-14,44653.7,3881.7,4277.9
2020-09-15,44483.7,3031.7,4272.2
2020-09-16,44483.7,3111.7,4265.7
2020-09-17,44453.7,3081.7,4258.0
2020-09-18,44533.7,3161.7,4250.9
2020-09-19,44533.7,3041.7,4216.3
2020-09-20,44533.7,3041.7,4186.0
2020-09-21,44453.7,2961.7,4154.1
2020-09-22,44803.7,3211.7,4129.2
2020-09-23,44883.7,3251.7,4106.8
2020-09-24,44893.7,3271.7,4085.3
2020-09-25,44873.7,3231.7,4064.0
2020-09-26,44873.7,3241.7,4043.1
2020-09-27,44893.7,3261.7,4022.6
2020-09-28,44933.7,3301.7,4002.9
2020-09-29,44833.7,3221.7,3981.5
2020-09-30,44783.7,3820.7,3971.6
2020-10-01,44783.7,3820.7,3960.1
2020-10-02,44723.7,3760.7,3946.4
2020-10-03,44723.7,3840.7,3931.5
2020-10-04,44723.7,3840.7,3918.2
2020-10-05,44723.7,3840.7,3904.8
2020-10-06,44573.7,3770.7,3889.3
2020-10-07,44473.7,3710.7,3871.4
2020-10-08,44353.7,3610.7,3851.1
2020-10-09,44263.7,3540.7,3828.4
2020-10-10,44263.7,3570.7,3810.5
2020-10-11,44243.7,3550.7,3790.6
2020-10-12,44203.7,3510.7,3769.9
2020-10-13,44103.7,3410.7,3745.0
2020-10-14,44053.7,3360.7,3714.7
2020-10-15,44103.7,3410.7,3685.0
2020-10-16,44153.7,3460.7,3657.5
2020-10-17,44153.7,3430.7,3627.2
2020-10-18,44153.7,3430.7,3596.9
2020-10-19,44203.7,3480.7,3567.6
2020-10-20,44273.7,3500.7,3545.3
2020-10-21,44353.7,3580.7,3539.5
2020-10-22,44353.7,3380.7,3531.7
2020-10-23,44373.7,3340.7,3521.4
2020-10-24,44373.7,3340.7,3510.2
2020-10-25,44373.7,3340.7,3499.8
2020-10-26,44323.7,3290.7,3488.4
2020-10-27,44353.7,3370.7,3478.2
2020-10-28,44393.7,3410.7,3469.1
2020-10-29,44483.7,3700.7,3465.5
2020-10-30,44513.7,3790.7,3463.9
2020-10-31,44513.7,2802.2,3442.7
2020-11-01,45237.8,3526.3,3435.2
2020-11-02,45287.8,3576.3,3428.7
2020-11-03,45307.8,3596.3,3423.0
2020-11-04,45307.8,3596.3,3434.3
2020-11-05,45197.8,3486.3,3441.8
2020-11-06,45097.8,3386.3,3447.9
2020-11-07,45097.8,3386.3,3452.4
2020-11-08,45097.8,3386.3,3459.3
2020-11-09,45047.8,3336.3,3465.1
2020-11-10,45047.8,3336.3,3472.6
2020-11-11,45077.8,3366.3,3475.7
2020-11-12,45167.8,3456.3,3479.8
2020-11-13,45327.8,3616.3,3486.7
2020-11-14,45327.8,3616.3,3494.4
2020-11-15,45327.8,3616.3,3501.9
2020-11-16,45327.8,3616.3,3509.0
2020-11-17,45257.8,3366.3,3510.3
2020-11-18,45207.8,3316.3,3512.2
2020-11-19,45157.8,3266.3,3501.1
2020-11-20,45077.8,3186.3,3488.4
2020-11-21,45077.8,3186.3,3476.9
2020-11-22,45077.8,3186.3,3463.8
2020-11-23,45117.8,3226.3,3451.5
2020-11-24,45137.8,3426.3,3443.3
2020-11-25,45157.8,3446.3,3436.8
2020-11-26,45167.8,3456.3,3431.7
2020-11-27,45207.8,3496.3,3429.4
2020-11-28,45207.8,3496.3,3428.5
2020-11-29,45207.8,3496.3,3427.0
2020-11-30,45317.8,3965.6,3435.3
2020-12-01,45447.3,4095.1,3447.0
2020-12-02,45337.3,3985.1,3458.5
2020-12-03,45267.3,3915.1,3469.6
2020-12-04,45157.3,3805.1,3477.5
2020-12-05,45157.3,3805.1,3484.4
2020-12-06,45157.3,3805.1,3491.8
2020-12-07,45057.3,3705.1,3497.3
2020-12-08,45097.3,3745.1,3502.6
2020-12-09,45107.3,3755.1,3507.7
2020-12-10,45107.3,3755.1,3511.2
2020-12-11,45107.3,3755.1,3518.7
2020-12-12,45107.3,3755.1,3527.0
2020-12-13,45107.3,3755.1,3535.3
2020-12-14,45077.3,3725.1,3542.9
2020-12-15,45027.3,3675.1,3550.6
2020-12-16,45017.3,3665.1,3556.5
2020-12-17,45017.3,3465.1,3557.6
2020-12-18,45017.3,3185.1,3547.3
2020-12-19,45017.3,3035.1,3532.2
2020-12-20,45017.3,3035.1,3536.8
2020-12-21,45107.3,3125.1,3528.8
2020-12-22,45227.3,3195.1,3521.2
2020-12-23,45327.3,3295.1,3515.2
2020-12-24,45357.3,3375.1,3510.7
2020-12-25,45387.3,3435.1,3509.7
2020-12-26,45387.3,3435.1,3510.7
2020-12-27,45387.3,3435.1,3511.7
2020-12-28,45397.3,3445.1,3512.8
2020-12-29,45407.3,3455.1,3515.2
2020-12-30,45437.3,3485.1,3518.2
2020-12-31,45517.3,4899.0,3548.8
2021-01-01,44549.0,4180.7,3563.3
2021-01-02,44549.0,4330.7,3577.6
2021-01-03,44549.0,4330.7,3591.9
2021-01-04,44449.0,4230.7,3604.2
2021-01-05,44319.0,3350.7,3598.9
2021-01-06,44189.0,3220.7,3596.0
2021-01-07,44079.0,3110.7,3591.9
2021-01-08,44084.0,3115.7,3588.9
2021-01-09,44084.0,3115.7,3587.4
2021-01-10,44084.0,3115.7,3586.0
2021-01-11,44069.0,3100.7,3584.3
2021-01-12,44064.0,3095.7,3581.7
2021-01-13,44056.0,3087.7,3574.9
2021-01-14,44048.0,2979.7,3565.6
2021-01-15,44045.0,2676.7,3550.0
2021-01-16,44045.0,2476.7,3529.6
2021-01-17,44045.0,2476.7,3509.2
2021-01-18,44042.0,2273.7,3484.8
2021-01-19,44117.0,2098.7,3447.4
2021-01-20,44395.0,2276.7,3411.1
2021-01-21,44643.0,2494.7,3381.3
2021-01-22,44643.0,2494.7,3352.8
2021-01-23,44643.0,2494.7,3326.6
2021-01-24,44643.0,2494.7,3300.4
2021-01-25,44643.0,2494.7,3274.2
2021-01-26,44565.0,2416.7,3248.5
2021-01-27,44465.0,2316.7,3219.9
2021-01-28,44315.0,2266.7,3190.1
2021-01-29,44413.0,2664.7,3168.3
2021-01-30,44413.0,2864.7,3150.5
2021-01-31,44413.0,2131.1,3118.0
2021-02-01,44557.3,2475.3,3092.4
2021-02-02,44635.3,1603.3,3050.0
2021-02-03,44555.3,1123.3,2999.0
2021-02-04,44555.3,1153.3,2948.7
2021-02-05,44555.3,1153.3,2902.5
2021-02-06,44555.3,1153.3,2861.8
2021-02-07,44605.3,1203.3,2825.2
2021-02-08,44615.3,1213.3,2788.8
2021-02-09,44585.3,1183.3,2749.9
2021-02-10,44505.3,1383.3,2713.7
2021-02-11,44505.3,1383.3,2675.5
2021-02-12,44505.3,1383.3,2635.6
2021-02-13,44505.3,1383.3,2594.6
2021-02-14,44505.3,1383.3,2553.6
2021-02-15,44395.3,1273.3,2510.3
2021-02-16,44345.3,2123.3,2483.9
2021-02-17,44325.3,2323.3,2461.3
2021-02-18,44245.3,2243.3,2436.4
2021-02-19,44165.3,2163.3,2381.7
2021-02-20,44175.3,2173.3,2341.6
2021-02-21,44125.3,2123.3,2297.4
2021-02-22,44135.3,2133.3,2253.5
2021-02-23,44145.3,2443.3,2217.7
2021-02-24,44155.3,2453.3,2199.8
2021-02-25,44155.3,2453.3,2184.4
2021-02-26,44155.3,2453.3,2171.3
2021-02-27,44145.3,2443.3,2157.8
2021-02-28,44145.3,2443.3,2144.4
2021-03-01,45756.8,2501.7,2132.1
2021-03-02,45756.8,2501.7,2120.1
2021-03-03,45756.8,2501.7,2108.2
2021-03-04,45746.8,2491.7,2096.3
2021-03-05,45736.8,2481.7,2086.3
2021-03-06,45736.8,2481.7,2082.4
2021-03-07,45736.8,2481.7,2082.5
2021-03-08,45736.8,2481.7,2082.6
2021-03-09,45736.8,2481.7,2086.8
2021-03-10,45736.8,2481.7,2094.5
2021-03-11,45736.8,2481.7,2098.6
2021-03-12,45736.8,2481.7,2098.3
2021-03-13,45736.8,2481.7,2098.0
2021-03-14,45736.8,2481.7,2097.8
2021-03-15,45736.8,2481.7,2097.5
2021-03-16,45736.8,1931.7,2086.3
2021-03-17,45736.8,1931.7,2076.6
2021-03-18,45736.8,1931.7,2068.9
2021-03-19,45736.8,1931.7,2062.2
2021-03-20,45736.8,1931.7,2047.5
2021-03-21,45736.8,1931.7,2028.8
2021-03-22,45736.8,1931.7,2024.8
2021-03-23,45736.8,1931.7,2014.0
2021-03-24,45736.8,1931.7,2020.5
2021-03-25,45736.8,1931.7,2036.7
2021-03-26,45736.8,1931.7,2052.3
2021-03-27,45736.8,1931.7,2067.8
2021-03-28,45736.8,1931.7,2083.4
2021-03-29,45736.8,1931.7,2098.0
2021-03-30,45736.8,1881.7,2111.4
2021-03-31,45736.8,1861.7,2124.9
2021-04-01,46016.3,2535.6,2148.0
2021-04-02,46016.3,2535.6,2171.0
2021-04-03,46016.3,2535.6,2194.1
2021-04-04,46016.3,2535.6,2217.1
2021-04-05,46006.3,2525.6,2239.9
2021-04-06,46006.3,2575.6,2266.0
2021-04-07,46006.3,2595.6,2275.4
2021-04-08,46006.3,2595.6,2280.9
2021-04-09,46006.3,2595.6,2287.9
2021-04-10,46006.3,2595.6,2296.6
2021-04-11,46006.3,2595.6,2305.0
2021-04-12,46016.3,2605.6,2314.7
2021-04-13,46016.3,2605.6,2324.1
2021-04-14,46016.3,2605.6,2327.4
2021-04-15,46016.3,2405.6,2326.4
2021-04-16,46016.3,2405.6,2325.5
2021-04-17,46016.3,2405.6,2324.5
2021-04-18,46016.3,2405.6,2323.7
2021-04-19,46016.3,2405.6,2323.0
2021-04-20,46016.3,2405.6,2321.1
2021-04-21,46016.3,2405.6,2319.1
2021-04-22,46016.3,2405.6,2317.2
2021-04-23,46016.3,2405.6,2315.5
2021-04-24,46016.3,2405.6,2314.0
2021-04-25,46026.3,2415.6,2312.7
2021-04-26,46026.3,2415.6,2311.3
2021-04-27,46026.3,2415.6,2310.0
2021-04-28,46026.3,2415.6,2308.7
2021-04-29,46026.3,2415.6,2307.4
2021-04-30,46026.3,2415.6,2306.0
2021-05-01,45821.7,2211.0,2300.6
2021-05-02,45811.7,2201.0,2295.0
2021-05-03,45801.7,2191.0,2289.2
2021-05-04,45791.7,2181.0,2283.2
2021-05-05,45781.7,2171.0,2288.0
2021-05-06,45781.7,2171.0,2292.8
2021-05-07,45781.7,2171.0,2297.5
2021-05-08,45791.7,2181.0,2302.5
2021-05-09,45791.7,2181.0,2307.5
2021-05-10,45801.7,2191.0,2312.7
2021-05-11,45811.7,2201.0,2318.1
2021-05-12,45821.7,2211.0,2323.7
2021-05-13,45821.7,2211.0,2329.3
2021-05-14,45821.7,2211.0,2334.8
2021-05-15,45811.7,2201.0,2340.2
2021-05-16,45811.7,2201.0,2345.6
2021-05-17,45811.7,2201.0,2351.0
2021-05-18,45811.7,2201.0,2356.4
2021-05-19,45811.7,2201.0,2362.8
2021-05-20,45811.7,2201.0,2369.6
2021-05-21,45811.7,2201.0,2362.9
2021-05-22,45811.7,2201.0,2356.2
2021-05-23,45811.7,2201.0,2349.5
2021-05-24,45811.7,2201.0,2342.8
2021-05-25,45811.7,2201.0,2336.3
2021-05-26,45811.7,2191.0,2328.6
2021-05-27,45811.7,2071.0,2318.1
2021-05-28,45811.7,1831.0,2302.8
2021-05-29,45811.7,1531.0,2281.5
2021-05-30,45811.7,1531.0,2260.2
2021-05-31,45811.7,1531.0,2238.9
2021-06-01,46081.2,1362.4,2214.1
2021-06-02,46081.2,1372.4,2189.4
2021-06-03,46081.2,1492.4,2167.1
2021-06-04,46081.2,1662.4,2152.3
2021-06-05,46081.2,1812.4,2140.4
2021-06-06,46081.2,1812.4,2128.6
2021-06-07,46081.2,1812.4,2116.7
2021-06-08,46081.2,1692.4,2102.4
2021-06-09,46081.2,1632.4,2087.0
2021-06-10,46081.2,1572.4,2070.3
2021-06-11,46081.2,1562.4,2053.4
2021-06-12,46081.2,1612.4,2037.6
2021-06-13,46081.2,1612.4,2021.7
2021-06-14,46071.2,1602.4,2005.4
2021-06-15,46071.2,1722.4,1991.6
2021-06-16,46071.2,1782.4,1978.9
2021-06-17,46071.2,1842.4,1967.5
2021-06-18,46071.2,1802.4,1955.2
2021-06-19,46071.2,1722.4,1941.3
2021-06-20,46071.2,1722.4,1931.6
2021-06-21,46081.2,1732.4,1922.2
2021-06-22,46081.2,1612.4,1910.6
2021-06-23,46081.2,1412.4,1895.2
2021-06-24,46101.2,1252.4,1876.9
2021-06-25,46121.2,1322.4,1859.9
2021-06-26,46121.2,1392.4,1844.3
2021-06-27,46121.2,1392.4,1828.6
2021-06-28,46141.2,1312.4,1811.2
2021-06-29,46161.2,1372.4,1794.8
2021-06-30,46181.2,1482.4,1780.5
2021-07-01,46839.8,1587.3,1768.0
2021-07-02,46819.8,1637.3,1756.5
2021-07-03,46819.8,1747.3,1747.2
2021-07-04,46819.8,1747.3,1738.2
2021-07-05,46799.8,1827.3,1730.7
2021-07-06,46779.8,1887.3,1724.4
2021-07-07,46759.8,1977.3,1719.9
2021-07-08,46759.8,1977.3,1715.5
2021-07-09,46759.8,1977.3,1711.0
2021-07-10,46759.8,1977.3,1706.5
2021-07-11,46759.8,1977.3,1702.0
2021-07-12,46759.8,1977.3,1697.6
2021-07-13,46759.8,1927.3,1692.1
2021-07-14,46759.8,1897.3,1686.0
2021-07-15,47759.8,2897.3,1700.2
2021-07-16,47759.8,2847.3,1715.7
2021-07-17,47759.8,2647.3,1732.0
2021-07-18,47759.8,2647.3,1754.3
2021-07-19,47759.8,2647.3,1776.7
2021-07-20,47759.8,2597.3,1798.0
2021-07-21,47759.8,2617.3,1823.1
2021-07-22,47759.8,2617.3,1848.0
2021-07-23,47759.8,2667.3,1871.5
2021-07-24,47759.8,2867.3,1895.6
2021-07-25,47759.8,2867.3,1916.7
2021-07-26,47759.8,2867.3,1937.8
2021-07-27,47759.8,2867.3,1958.9
2021-07-28,47759.8,2797.3,1981.0
2021-07-29,47779.8,2787.3,2004.1
2021-07-30,47799.8,2757.3,2027.8
2021-07-31,47799.8,2737.3,2051.3
2021-08-01,48184.1,3335.6,2085.7
2021-08-02,48184.1,3335.6,2120.2
2021-08-03,48184.1,3435.6,2156.9
2021-08-04,48184.1,3515.6,2192.7
2021-08-05,48164.1,3525.6,2227.6
2021-08-06,48144.1,3555.6,2261.8
2021-08-07,48144.1,3565.6,2297.1
2021-08-08,48144.1,3565.6,2334.0
2021-08-09,48144.1,3565.6,2370.8
2021-08-10,48144.1,3555.6,2407.3
2021-08-11,48144.1,3505.6,2445.2
2021-08-12,48144.1,3365.6,2484.2
2021-08-13,48144.1,3215.6,2523.5
2021-08-14,48144.1,3075.6,2558.6
2021-08-15,48144.1,3075.6,2592.2
2021-08-16,48144.1,3075.6,2625.9
2021-08-17,48144.1,3035.6,2660.3
2021-08-18,48144.1,2985.6,2692.6
2021-08-19,48144.1,2975.6,2722.5
2021-08-20,48144.1,2965.6,2750.0
2021-08-21,48144.1,3115.6,2779.6
2021-08-22,48144.1,3115.6,2807.0
2021-08-23,48144.1,3115.6,2834.3
2021-08-24,48144.1,3005.6,2857.9
2021-08-25,48184.1,2845.6,2877.1
2021-08-26,48224.1,2835.6,2894.2
2021-08-27,48264.1,2935.6,2913.4
2021-08-28,48264.1,2885.6,2931.6
2021-08-29,48264.1,2885.6,2949.7
2021-08-30,48304.1,2925.6,2968.7
2021-08-31,48344.1,3045.6,2990.1
2021-09-01,47365.6,2812.0,3007.8
2021-09-02,47325.6,2952.0,3028.8
2021-09-03,47285.6,2892.0,3028.7
2021-09-04,47285.6,2842.0,3028.6
2021-09-05,47285.6,2842.0,3032.5
2021-09-06,47245.6,2802.0,3035.6
2021-09-07,47205.6,2742.0,3037.5
2021-09-08,47205.6,2642.0,3038.4
2021-09-09,47205.6,2542.0,3036.9
2021-09-10,47205.6,2522.0,3035.0
2021-09-11,47205.6,2532.0,3032.3
2021-09-12,47205.6,2532.0,3025.6
2021-09-13,47205.6,2532.0,3018.9
2021-09-14,47205.6,2552.0,3012.6
2021-09-15,47205.6,2722.0,3009.6
2021-09-16,47205.6,2722.0,3008.1
2021-09-17,47295.6,2842.0,3009.2
2021-09-18,47395.6,2862.0,3011.3
2021-09-19,47395.6,2862.0,3013.8
2021-09-20,47385.6,2852.0,3004.1
2021-09-21,47375.6,2922.0,2995.9
2021-09-22,47485.6,2682.0,2980.8
2021-09-23,47595.6,2712.0,2964.7
2021-09-24,47665.6,2772.0,2949.7
2021-09-25,47615.6,2742.0,2933.4
2021-09-26,47715.6,2842.0,2918.9
2021-09-27,47815.6,2922.0,2906.0
2021-09-28,47915.6,2982.0,2894.4
2021-09-29,47955.6,3122.0,2885.7
2021-09-30,47995.6,3212.0,2879.8
2021-10-01,46382.4,1598.8,2844.5
2021-10-02,46332.4,1608.8,2812.3
2021-10-03,46332.4,1608.8,2783.0
2021-10-04,46332.4,1608.8,2753.7
2021-10-05,46332.4,1608.8,2724.3
2021-10-06,46272.4,1698.8,2697.6
2021-10-07,46212.4,1738.8,2672.7
2021-10-08,46102.4,1748.8,2648.1
2021-10-09,46112.4,1848.8,2625.8
2021-10-10,46012.4,1748.8,2598.4
2021-10-11,45922.4,1678.8,2569.7
2021-10-12,45832.4,1628.8,2540.0
2021-10-13,45742.4,1638.8,2512.6
2021-10-14,45652.4,1598.8,2487.7
2021-10-15,45652.4,1548.8,2462.0
2021-10-16,45642.4,1488.8,2433.0
2021-10-17,45642.4,1488.8,2405.1
2021-10-18,45642.4,1488.8,2377.2
2021-10-19,45642.4,1438.8,2347.4
2021-10-20,45732.4,1458.8,2315.7
2021-10-21,45822.4,1468.8,2288.8
2021-10-22,45912.4,1558.8,2261.0
2021-10-23,45912.4,1538.8,2233.9
2021-10-24,45912.4,1538.8,2207.8
2021-10-25,46102.4,1728.8,2185.6
2021-10-26,46292.4,1968.8,2168.9
2021-10-27,46392.4,2038.8,2154.8
2021-10-28,46492.4,2098.8,2144.0
2021-10-29,46592.4,2108.8,2135.3
2021-10-30,46592.4,2078.8,2126.4
2021-10-31,46592.4,2078.8,2117.4
2021-11-01,45853.2,615.4,2079.1
2021-11-02,45663.2,375.4,2035.9
2021-11-03,45513.2,205.4,1989.0
2021-11-04,45363.2,55.4,1935.7
2021-11-05,45263.2,65.4,1882.5
2021-11-06,45263.2,165.4,1829.0
2021-11-07,45263.2,165.4,1775.1
2021-11-08,45353.2,255.4,1722.9
2021-11-09,45443.2,395.4,1673.8
2021-11-10,45493.2,445.4,1624.3
2021-11-11,45543.2,465.4,1579.9
2021-11-12,45543.2,375.4,1533.2
2021-11-13,45543.2,215.4,1482.1
2021-11-14,45543.2,215.4,1431.5
2021-11-15,45453.2,125.4,1377.2
2021-11-16,45403.2,75.4,1320.3
2021-11-17,45353.2,95.4,1262.5
2021-11-18,45303.2,95.4,1202.0
2021-11-19,45253.2,95.4,1139.7
2021-11-20,45253.2,175.4,1111.2
2021-11-21,45253.2,175.4,1082.5
2021-11-22,45293.2,215.4,1054.7
2021-11-23,45293.2,175.4,1026.0
2021-11-24,45343.2,205.4,997.9
2021-11-25,45393.2,235.4,968.7
2021-11-26,45443.2,275.4,939.4
2021-11-27,45443.2,235.4,909.1
2021-11-28,45443.2,235.4,876.9
2021-11-29,45493.2,285.4,847.6
2021-11-30,45543.2,225.4,818.5
2021-12-01,46666.8,1219.5,810.3
2021-12-02,46576.8,1239.5,802.4
2021-12-03,46486.8,1219.5,794.8
2021-12-04,46486.8,1329.5,790.4
2021-12-05,46486.8,1329.5,787.2
2021-12-06,46396.8,1239.5,782.2
2021-12-07,46306.8,1249.5,777.4
2021-12-08,46306.8,1209.5,772.8
2021-12-09,46306.8,1199.5,767.7
2021-12-10,46306.8,1199.5,762.3
2021-12-11,46306.8,1199.5,755.1
2021-12-12,46306.8,1199.5,748.3
2021-12-13,46306.8,1199.5,741.5
2021-12-14,46306.8,1229.5,731.5
2021-12-15,47506.8,2479.5,741.8
2021-12-16,47506.8,2489.5,750.8
2021-12-17,47506.8,2489.5,758.6
2021-12-18,47506.8,2489.5,766.2
2021-12-19,47506.8,2489.5,774.4
2021-12-20,47516.8,2499.5,782.8
2021-12-21,47526.8,2419.5,818.9
2021-12-22,47536.8,2309.5,857.6
2021-12-23,47546.8,2219.5,897.9
2021-12-24,47556.8,2199.5,940.8
2021-12-25,47556.8,2169.5,982.8
2021-12-26,47556.8,2169.5,1022.9
2021-12-27,47596.8,2209.5,1063.8
2021-12-28,47786.8,2389.5,1106.5
2021-12-29,47976.8,2569.5,1150.0
2021-12-30,48066.8,2629.5,1193.7
2021-12-31,48156.8,2639.5,1237.1
2022-01-01,47308.0,2759.0,1284.8
2022-01-02,47308.0,2759.0,1335.7
2022-01-03,47248.0,2699.0,1385.4
2022-01-04,47048.0,2599.0,1434.8
2022-01-05,46848.0,2529.0,1483.9
2022-01-06,46748.0,2559.0,1533.2
2022-01-07,46648.0,2569.0,1582.6
2022-01-08,46648.0,2564.0,1632.0
2022-01-09,46648.0,2564.0,1679.8
2022-01-10,46658.0,2574.0,1727.8
2022-01-11,46658.0,2589.0,1775.2
2022-01-12,46658.0,2594.0,1823.6
2022-01-13,46658.0,2602.0,1871.5
2022-01-14,46658.0,2610.0,1919.0
2022-01-15,46658.0,2613.0,1965.8
2022-01-16,46658.0,2613.0,2013.3
2022-01-17,46748.0,2703.0,2062.7
2022-01-18,46838.0,2796.0,2112.9
2022-01-19,46928.0,2811.0,2164.6
2022-01-20,47018.0,2623.0,2192.7
2022-01-21,47108.0,2465.0,2217.2
2022-01-22,47108.0,2465.0,2242.1
2022-01-23,47108.0,2465.0,2264.8
2022-01-24,47158.0,2515.0,2288.5
2022-01-25,47208.0,2565.0,2315.0
2022-01-26,47308.0,2743.0,2344.9
2022-01-27,47408.0,2943.0,2379.6
2022-01-28,47508.0,3193.0,2419.5
2022-01-29,47608.0,3195.0,2459.4
2022-01-30,47708.0,3295.0,2501.3
2022-01-31,47708.0,3295.0,2543.2
2022-02-01,47178.3,2621.0,2571.6
2022-02-02,47178.3,2543.0,2597.9
2022-02-03,47178.3,2623.0,2600.8
2022-02-04,47178.3,2623.0,2603.4
2022-02-05,47178.3,2623.0,2606.1
2022-02-06,47178.3,2623.0,2608.8
2022-02-07,47048.3,2443.0,2607.8
2022-02-08,46918.3,2303.0,2603.9
2022-02-09,46738.3,2153.0,2598.6
2022-02-10,46558.3,2053.0,2593.5
2022-02-11,46378.3,1873.0,2586.5
2022-02-12,46278.3,1773.0,2578.0
2022-02-13,46178.3,1673.0,2568.1
2022-02-14,46168.3,1663.0,2557.9
2022-02-15,46158.3,1763.0,2549.0
2022-02-16,46148.3,1803.0,2537.3
2022-02-17,46138.3,1813.0,2522.1
2022-02-18,46128.3,1883.0,2507.2
2022-02-19,46128.3,1963.0,2493.7
2022-02-20,46128.3,1953.0,2477.6
2022-02-21,46128.3,2003.0,2462.4
2022-02-22,46218.3,2083.0,2450.1
2022-02-23,46408.3,2263.0,2443.4
2022-02-24,46598.3,2443.0,2441.7
2022-02-25,46888.3,2733.0,2445.2
2022-02-26,46888.3,2733.0,2448.4
2022-02-27,46888.3,2743.0,2452.0
2022-02-28,47178.3,3033.0,2461.4
2022-03-01,48425.9,2669.0,2463.3
2022-03-02,48235.9,2479.0,2461.1
2022-03-03,48045.9,2289.0,2455.0
2022-03-04,47755.9,2009.0,2443.1
2022-03-05,47755.9,2019.0,2431.3
2022-03-06,47755.9,2019.0,2419.4
2022-03-07,47465.9,1729.0,2401.8
2022-03-08,47425.9,1689.0,2381.5
2022-03-09,47425.9,1689.0,2359.3
2022-03-10,47425.9,1689.0,2336.9
2022-03-11,47425.9,1689.0,2318.2
2022-03-12,47425.9,1689.0,2302.7
2022-03-13,47425.9,1689.0,2287.2
2022-03-14,47425.9,1689.0,2271.7
2022-03-15,47425.9,1689.0,2255.1
2022-03-16,47425.9,1689.0,2237.6
2022-03-17,47495.9,1759.0,2217.9
2022-03-18,47515.9,1779.0,2194.7
2022-03-19,47515.9,1779.0,2166.4
2022-03-20,47515.9,1779.0,2138.1
2022-03-21,47535.9,1799.0,2108.1
2022-03-22,47545.9,1809.0,2078.4
2022-03-23,47555.9,1819.0,2062.4
2022-03-24,47495.9,1759.0,2046.7
2022-03-25,47565.9,1829.0,2030.8
2022-03-26,47565.9,1829.0,2014.9
2022-03-27,47565.9,1829.0,1999.1
2022-03-28,47685.9,1949.0,1985.6
2022-03-29,47815.9,2079.0,1978.3
2022-03-30,47945.9,2209.0,1976.4
2022-03-31,48075.9,2339.0,1980.1
2022-04-01,48515.6,2499.3,1989.1
2022-04-02,48525.6,2509.3,2001.8
2022-04-03,48525.6,2509.3,2016.5
2022-04-04,48375.6,2359.3,2030.2
2022-04-05,48225.6,2219.3,2041.4
2022-04-06,48085.6,2079.3,2047.7
2022-04-07,47945.6,1939.3,2050.4
2022-04-08,47945.6,1939.3,2052.9
2022-04-09,47935.6,1929.3,2053.9
2022-04-10,47935.6,1929.3,2053.2
2022-04-11,47945.6,1939.3,2052.9
2022-04-12,47965.6,1949.3,2051.8
2022-04-13,47965.6,1949.3,2049.2
2022-04-14,47965.6,1949.3,2042.9
2022-04-15,47965.6,1949.3,2033.0
2022-04-16,47965.6,1949.3,2017.3
2022-04-17,47965.6,1949.3,2001.7
2022-04-18,47965.6,1949.3,1985.8
2022-04-19,47955.6,1939.3,1963.9
2022-04-20,47955.6,1939.3,1949.3
2022-04-21,47955.6,1939.3,1938.5
2022-04-22,47955.6,1939.3,1931.5
2022-04-23,47955.6,1939.3,1930.1
2022-04-24,47965.6,1949.3,1928.7
2022-04-25,48495.6,2469.3,1937.7
2022-04-26,48495.6,2469.3,1952.6
2022-04-27,48495.6,2469.3,1968.2
2022-04-28,48495.6,2469.3,1983.8
2022-04-29,48495.6,2469.3,1999.4
2022-04-30,48495.6,2469.3,2015.0
2022-05-01,48485.6,2663.9,2034.5
2022-05-02,48475.6,2663.9,2054.0
2022-05-03,48465.6,2663.9,2073.5
2022-05-04,48455.6,2663.9,2093.0
2022-05-05,48455.6,2673.9,2112.7
2022-05-06,48455.6,2673.9,2131.0
2022-05-07,48465.6,2683.9,2149.1
2022-05-08,48465.6,2673.9,2167.0
2022-05-09,48475.6,2683.9,2185.0
2022-05-10,48485.6,2683.9,2202.7
2022-05-11,48495.6,2683.9,2220.2
2022-05-12,48495.6,2673.9,2237.3
2022-05-13,48495.6,2673.9,2255.6
2022-05-14,48485.6,2663.9,2272.3
2022-05-15,48485.6,2673.9,2289.2
2022-05-16,48485.6,2673.9,2306.1
2022-05-17,48485.6,2673.9,2320.6
2022-05-18,48485.6,2673.9,2332.5
2022-05-19,48485.6,2673.9,2341.8
2022-05-20,48485.6,2673.9,2348.5
2022-05-21,48485.6,2673.9,2352.0
2022-05-22,48485.6,2673.9,2355.3
2022-05-23,48485.6,2673.9,2358.6
2022-05-24,48485.6,2673.9,2364.9
2022-05-25,48485.6,2673.9,2374.0
2022-05-26,48485.6,2673.9,2385.9
2022-05-27,48485.6,2673.9,2400.6
2022-05-28,48485.6,2673.9,2415.3
2022-05-29,48485.6,2673.9,2430.2
2022-05-30,48485.6,2673.9,2445.0
2022-05-31,48485.6,2673.9,2459.7
2022-06-01,49395.1,3313.9,2487.0
2022-06-02,49395.1,3313.9,2514.3
2022-06-03,49385.1,3303.9,2541.4
2022-06-04,49385.1,3303.9,2568.5
2022-06-05,49385.1,3303.9,2595.6
2022-06-06,49385.1,3303.9,2622.7
2022-06-07,49385.1,3303.9,2649.8
2022-06-08,49385.1,3303.9,2677.1
2022-06-09,49385.1,3303.9,2704.4
2022-06-10,49395.1,3313.9,2731.9
2022-06-11,49395.1,3313.9,2759.4
2022-06-12,49395.1,3313.9,2786.9
2022-06-13,49395.1,3313.9,2814.1
2022-06-14,49395.1,3323.9,2831.2
2022-06-15,49395.1,3323.9,2848.3
2022-06-16,49395.1,3323.9,2865.4
2022-06-17,49395.1,3323.9,2882.5
2022-06-18,49395.1,3323.9,2899.6
2022-06-19,49395.1,3323.9,2916.7
2022-06-20,49395.1,3323.9,2929.9
2022-06-21,49395.1,3313.9,2942.9
2022-06-22,49395.1,3313.9,2955.9
2022-06-23,49395.1,3313.9,2968.9
2022-06-24,49445.1,3343.9,2982.3
2022-06-25,49445.1,3323.9,2995.3
2022-06-26,49445.1,3323.9,3008.1
2022-06-27,49535.1,3413.9,3022.9
2022-06-28,49635.1,3493.9,3039.1
2022-06-29,49725.1,3563.9,3056.7
2022-06-30,49795.1,3613.9,3075.3
2022-07-01,51421.2,4581.5,3113.5
2022-07-02,51421.2,4601.5,3152.0
2022-07-03,51421.2,4601.5,3190.8
2022-07-04,51324.2,4504.5,3227.4
2022-07-05,51217.2,4417.5,3262.2
2022-07-06,51120.2,4340.5,3295.6
2022-07-07,51043.2,4283.5,3327.8
2022-07-08,51036.2,4276.5,3359.8
2022-07-09,51036.2,4276.5,3391.9
2022-07-10,51036.2,4276.5,3423.9
2022-07-11,51036.2,4276.5,3456.0
2022-07-12,51036.2,4276.5,3488.0
2022-07-13,51036.2,4276.5,3520.1
2022-07-14,51036.2,4276.5,3552.1
2022-07-15,51036.2,3276.5,3564.2
2022-07-16,51036.2,3276.5,3576.2
2022-07-17,51036.2,3276.5,3588.3
2022-07-18,51045.2,3285.5,3600.5
2022-07-19,51049.2,3289.5,3612.8
2022-07-20,51049.2,3289.5,3625.1
2022-07-21,51049.2,3289.5,3624.6
2022-07-22,51049.2,3289.5,3624.1
2022-07-23,51049.2,3289.5,3623.9
2022-07-24,51049.2,3289.5,3623.6
2022-07-25,51042.2,3282.5,3623.1
2022-07-26,51040.2,3280.5,3622.7
2022-07-27,51039.2,3279.5,3622.2
2022-07-28,51038.2,3278.5,3621.7
2022-07-29,51037.2,3257.5,3620.7
2022-07-30,51037.2,3237.5,3619.2
2022-07-31,51037.2,3237.5,3617.7
2022-08-01,51014.1,2829.9,3608.0
2022-08-02,51011.1,2826.9,3598.3
2022-08-03,51011.1,2826.9,3588.3
2022-08-04,51011.1,2826.9,3578.4
2022-08-05,51011.1,2846.9,3568.9
2022-08-06,51011.1,2866.9,3559.7
2022-08-07,51011.1,2866.9,3550.6
2022-08-08,51011.1,2866.9,3541.4
2022-08-09,51011.1,2866.9,3532.3
2022-08-10,51011.1,2866.9,3523.4
2022-08-11,51011.1,2866.9,3514.4
2022-08-12,51011.1,2866.9,3505.5
2022-08-13,51011.1,2866.9,3495.9
2022-08-14,51011.1,2866.9,3486.8
2022-08-15,51011.1,2866.9,3477.7
2022-08-16,51011.1,2866.9,3466.7
2022-08-17,51011.1,2866.9,3454.2
2022-08-18,51011.1,2866.9,3440.2
2022-08-19,51011.1,2866.9,3425.3
2022-08-20,51011.1,2866.9,3391.0
2022-08-21,51011.1,2866.9,3356.3
2022-08-22,51011.1,2866.9,3321.6
2022-08-23,51011.1,2866.9,3288.9
2022-08-24,51011.1,2866.9,3257.9
2022-08-25,51011.1,2826.9,3227.6
2022-08-26,51011.1,2786.9,3197.7
2022-08-27,51011.1,2746.9,3167.1
2022-08-28,51011.1,2746.9,3136.5
2022-08-29,51011.1,2746.9,3105.9
2022-08-30,51011.1,2706.9,3074.5
2022-08-31,51011.1,2666.9,3042.3
2022-09-01,51406.3,4040.7,3037.6
2022-09-02,51406.3,4080.7,3033.7
2022-09-03,51406.3,4120.7,3050.6
2022-09-04,51406.3,4120.7,3067.5
2022-09-05,51406.3,4120.7,3084.3
2022-09-06,51406.3,4160.7,3101.8
2022-09-07,51406.3,4200.7,3120.1
2022-09-08,51406.3,4200.7,3138.3
2022-09-09,51406.3,4200.7,3156.5
2022-09-10,51406.3,4200.7,3174.7
2022-09-11,51406.3,4200.7,3193.0
2022-09-12,51404.3,4198.7,3211.2
2022-09-13,51404.3,4198.7,3229.5
2022-09-14,51404.3,4198.7,3247.8
2022-09-15,51404.3,4198.7,3266.2
2022-09-16,51404.3,4198.7,3284.6
2022-09-17,51404.3,4108.7,3301.7
2022-09-18,51404.3,4008.7,3317.1
2022-09-19,51416.3,4020.7,3332.8
2022-09-20,51440.3,4054.7,3357.2
2022-09-21,51459.3,4083.7,3382.4
2022-09-22,51475.3,3989.7,3405.6
2022-09-23,51496.3,3900.7,3427.1
2022-09-24,51496.3,3830.7,3446.8
2022-09-25,51496.3,3880.7,3467.1
2022-09-26,51629.3,3913.7,3488.0
2022-09-27,51802.3,3986.7,3510.4
2022-09-28,52000.3,4084.7,3534.8
2022-09-29,52180.3,4224.7,3561.9
2022-09-30,52364.3,4368.7,3591.9
2022-10-01,50562.9,4180.5,3618.2
2022-10-02,50562.9,4230.5,3645.5
2022-10-03,50510.9,4178.5,3671.7
2022-10-04,50373.9,4041.5,3695.2
2022-10-05,50221.9,3889.5,3715.7
2022-10-06,50100.9,3828.5,3734.9
2022-10-07,49951.9,3739.5,3752.3
2022-10-08,49968.9,3866.5,3772.3
2022-10-09,49970.9,3858.5,3792.2
2022-10-10,49879.9,3867.5,3812.2
2022-10-11,49819.9,3897.5,3832.8
2022-10-12,49754.9,3922.5,3853.9
2022-10-13,49679.9,3937.5,3875.3
2022-10-14,49623.9,3971.5,3898.2
2022-10-15,49606.9,3954.5,3921.6
2022-10-16,49604.9,3962.5,3945.9
2022-10-17,49604.9,3962.5,3970.2
2022-10-18,49604.9,3962.5,3994.5
2022-10-19,49604.9,3962.5,4019.6
2022-10-20,49604.9,3872.5,4043.7
2022-10-21,49604.9,3782.5,4038.5
2022-10-22,49604.9,3692.5,4030.8
2022-10-23,49604.9,3692.5,4022.2
2022-10-24,49612.9,3700.5,4013.8
2022-10-25,49840.9,3738.5,4006.2
2022-10-26,50118.9,3826.5,3999.5
2022-10-27,50356.9,3964.5,3994.8
2022-10-28,50444.9,3952.5,3989.8
2022-10-29,50444.9,3852.5,3982.8
2022-10-30,50444.9,3852.5,3975.9
2022-10-31,50504.9,3912.5,3970.1
2022-11-01,49699.1,3846.0,3963.0
2022-11-02,49437.1,3774.0,3954.6
2022-11-03,49204.1,3691.0,3944.4
2022-11-04,49117.1,3754.0,3935.5
2022-11-05,49117.1,3854.0,3928.6
2022-11-06,49117.1,3854.0,3923.5
2022-11-07,49049.1,3786.0,3919.1
2022-11-08,49036.1,3683.0,3912.3
2022-11-09,49026.1,3583.0,3902.9
2022-11-10,49028.1,3535.0,3891.9
2022-11-11,49037.1,3494.0,3882.0
2022-11-12,49037.1,3494.0,3873.8
2022-11-13,49037.1,3494.0,3867.1
2022-11-14,49040.1,3497.0,3859.4
2022-11-15,49210.1,3757.0,3856.3
2022-11-16,49273.1,3870.0,3854.0
2022-11-17,49396.1,4043.0,3853.1
2022-11-18,49405.1,4102.0,3850.7
2022-11-19,49405.1,4152.0,3846.3
2022-11-20,49405.1,4152.0,3845.8
2022-11-21,49403.1,4150.0,3844.2
2022-11-22,49233.1,3940.0,3839.4
2022-11-23,49164.1,3871.0,3836.0
2022-11-24,49040.1,3697.0,3832.1
2022-11-25,49027.1,3634.0,3828.2
2022-11-26,49027.1,3584.0,3825.1
2022-11-27,49027.1,3584.0,3819.5
2022-11-28,49079.1,3636.0,3815.0
2022-11-29,49157.1,3664.0,3811.0
2022-11-30,49325.1,3782.0,3808.6
2022-12-01,51084.0,4417.1,3818.5
2022-12-02,51078.0,4501.1,3829.8
2022-12-03,51078.0,4591.1,3842.2
2022-12-04,51078.0,4591.1,3854.9
2022-12-05,51525.0,5038.1,3876.4
2022-12-06,51447.0,5050.1,3898.2
2022-12-07,51279.0,4972.1,3918.4
2022-12-08,51271.0,4964.1,3938.4
2022-12-09,51271.0,4964.1,3960.3
2022-12-10,51271.0,4964.1,3983.9
2022-12-11,51271.0,4964.1,4009.3
2022-12-12,51271.0,4964.1,4034.8
2022-12-13,51271.0,4964.1,4060.0
2022-12-14,51271.0,4964.1,4084.5
2022-12-15,51271.0,3764.1,4083.3
2022-12-16,51310.0,3803.1,4080.1
2022-12-17,51310.0,3803.1,4077.1
2022-12-18,51310.0,3803.1,4076.1
2022-12-19,51393.0,3886.1,4076.8
2022-12-20,51537.0,4020.1,4078.9
2022-12-21,51695.0,4168.1,4085.4
2022-12-22,51850.0,4313.1,4096.1
2022-12-23,52014.0,4467.1,4111.7
2022-12-24,52014.0,4457.1,4125.7
2022-12-25,52014.0,4457.1,4137.8
2022-12-26,52221.0,4664.1,4154.0
2022-12-27,52424.0,4827.1,4174.8
2022-12-28,52607.0,4820.1,4197.6
2022-12-29,52808.0,4831.1,4222.5
2022-12-30,52989.0,4922.1,4250.3
2022-12-31,52989.0,4832.1,4277.0
2023-01-01,52989.0,5680.9,4320.8
2023-01-02,52740.0,5431.9,4359.5
2023-01-03,52455.0,5206.9,4393.7
2023-01-04,52128.0,5079.9,4420.2
2023-01-05,51772.0,4923.9,4441.3
2023-01-06,51388.0,4639.9,4453.2
2023-01-07,51388.0,4739.9,4466.0
2023-01-08,51388.0,4739.9,4477.7
2023-01-09,51347.0,4698.9,4488.7
2023-01-10,51285.0,4626.9,4498.2
2023-01-11,51356.0,4697.9,4513.4
2023-01-12,51471.0,4812.9,4532.2
2023-01-13,51601.0,4942.9,4557.1
2023-01-14,51601.0,4942.9,4583.3
2023-01-15,51601.0,4942.9,4610.5
2023-01-16,51755.0,5096.9,4640.7
2023-01-17,52259.0,5510.9,4678.2
2023-01-18,52774.0,5935.9,4723.7
2023-01-19,53241.0,6312.9,4774.3
2023-01-20,53567.0,6548.9,4816.9
2023-01-21,53567.0,6458.9,4856.1
2023-01-22,53567.0,6458.9,4893.4
2023-01-23,53485.0,6376.9,4929.1
2023-01-24,53280.0,6121.9,4950.8
2023-01-25,53125.0,5916.9,4968.2
2023-01-26,53008.0,5699.9,4982.7
2023-01-27,52869.0,5460.9,4992.6
2023-01-28,53091.0,5582.9,5005.0
2023-01-29,53219.0,5610.9,5018.0
2023-01-30,53318.0,5609.9,5030.9
2023-01-31,53488.0,5779.9,5047.2
2023-02-01,50316.8,3138.5,5010.7
2023-02-02,49915.8,2737.5,4966.1
2023-02-03,49619.8,2441.5,4939.7
2023-02-04,49397.8,2219.5,4908.0
2023-02-05,49269.8,2091.5,4873.8
2023-02-06,49246.8,2068.5,4839.1
2023-02-07,49168.8,2120.5,4803.8
2023-02-08,49654.8,2736.5,4778.1
2023-02-09,50041.8,3303.5,4760.8
2023-02-10,50221.8,3663.5,4747.8
2023-02-11,50221.8,3843.5,4735.3
2023-02-12,50221.8,3943.5,4725.1
2023-02-13,50117.8,3939.5,4714.7
2023-02-14,49815.8,3647.5,4694.4
2023-02-15,49377.8,3219.5,4662.2
2023-02-16,49411.8,3263.5,4631.1
2023-02-17,50043.8,3905.5,4612.6
2023-02-18,50043.8,3915.5,4592.5
2023-02-19,50043.8,3915.5,4574.1
2023-02-20,50267.8,4139.5,4543.3
2023-02-21,50326.8,4198.5,4518.6
2023-02-22,50423.8,4205.5,4498.6
2023-02-23,50236.8,3828.5,4473.6
2023-02-24,49871.8,3273.5,4440.6
2023-02-25,49871.8,2983.5,4407.4
2023-02-26,49871.8,2983.5,4372.3
2023-02-27,49937.8,3049.5,4338.5
2023-02-28,50268.8,3090.5,4306.3
2023-03-01,52297.2,3871.4,4291.2
2023-03-02,52070.2,3834.4,4273.9
2023-03-03,51618.2,3572.4,4249.1
2023-03-04,51618.2,3862.4,4227.5
2023-03-05,51618.2,3862.4,4205.9
2023-03-06,51289.2,3533.4,4177.7
2023-03-07,50811.2,3345.4,4142.7
2023-03-08,50708.2,3282.4,4098.1
2023-03-09,50638.2,3212.4,4043.7
2023-03-10,50635.2,3209.4,3981.6
2023-03-11,50635.2,3209.4,3914.8
2023-03-12,50635.2,3209.4,3849.8
2023-03-13,50669.2,3243.4,3785.5
2023-03-14,50695.2,3269.4,3723.3
2023-03-15,50795.2,3369.4,3668.3
2023-03-16,50901.2,3475.4,3619.5
2023-03-17,51066.2,3570.4,3576.9
2023-03-18,51066.2,3550.4,3538.7
2023-03-19,51066.2,3550.4,3498.0
2023-03-20,51055.2,3539.4,3456.6
2023-03-21,51208.2,3672.4,3417.8
2023-03-22,51171.2,3625.4,3374.7
2023-03-23,51126.2,3570.4,3383.4
2023-03-24,50953.2,3457.4,3397.8
2023-03-25,50953.2,3387.4,3416.7
2023-03-26,50953.2,3387.4,3440.1
2023-03-27,51678.2,4112.4,3480.5
2023-03-28,51774.2,4088.4,3520.9
2023-03-29,51907.2,4091.4,3560.3
2023-03-30,52082.2,4136.4,3588.3
2023-03-31,52264.2,4188.4,3606.0
2023-04-01,53639.0,5123.4,3635.2
2023-04-02,53639.0,5113.4,3660.6
2023-04-03,53386.0,4860.4,3678.9
2023-04-04,53110.0,4734.4,3694.8
2023-04-05,52910.0,4684.4,3715.6
2023-04-06,52679.0,4593.4,3743.0
2023-04-07,52507.0,4561.4,3769.0
2023-04-08,52507.0,4561.4,3782.1
2023-04-09,52507.0,4571.4,3795.2
2023-04-10,52523.0,4587.4,3808.7
2023-04-11,52526.0,4580.4,3817.5
2023-04-12,52533.0,4567.4,3824.9
2023-04-13,52534.0,4568.4,3832.1
2023-04-14,52532.0,4566.4,3846.9
2023-04-15,52532.0,4566.4,3872.7
2023-04-16,52532.0,4566.4,3904.4
2023-04-17,52534.0,4568.4,3936.1
2023-04-18,52567.0,4601.4,3967.1
2023-04-19,52592.0,4636.4,3998.1
2023-04-20,52617.0,4661.4,4013.9
2023-04-21,52690.0,4734.4,4031.9
2023-04-22,52690.0,4734.4,4055.1
2023-04-23,52779.0,4823.4,4074.3
2023-04-24,52874.0,4908.4,4095.2
2023-04-25,53006.0,4510.4,4114.8
2023-04-26,53069.0,4573.4,4139.3
2023-04-27,53128.0,4632.4,4166.3
2023-04-28,53205.0,4709.4,4196.3
2023-04-29,53205.0,4709.4,4226.3
2023-04-30,53116.0,4620.4,4254.5
2023-05-01,54237.7,5752.1,4305.4
2023-05-02,54067.7,5592.1,4352.3
2023-05-03,53972.7,5507.1,4397.1
2023-05-04,53912.7,5457.1,4438.8
2023-05-05,53750.7,5295.1,4475.2
2023-05-06,53752.7,5297.1,4509.8
2023-05-07,53752.7,5287.1,4544.5
2023-05-08,53754.7,5289.1,4579.3
2023-05-09,53756.7,5281.1,4614.1
2023-05-10,53758.7,5273.1,4646.1
2023-05-11,53727.7,5232.1,4678.3
2023-05-12,53726.7,5231.1,4711.5
2023-05-13,53724.7,5229.1,4746.9
2023-05-14,53724.7,5239.1,4783.9
2023-05-15,53724.7,5239.1,4821.0
2023-05-16,53724.7,5239.1,4843.5
2023-05-17,53724.7,5239.1,4866.5
2023-05-18,53724.7,5239.1,4889.5
2023-05-19,53724.7,5239.1,4911.5
2023-05-20,53724.7,5239.1,4932.5
2023-05-21,53724.7,5239.1,4934.9
2023-05-22,53724.7,5239.1,4937.4
2023-05-23,53724.7,5239.1,4944.9
2023-05-24,53724.7,5239.1,4955.0
2023-05-25,53729.7,5244.1,4966.2
2023-05-26,53732.7,5247.1,4979.3
2023-05-27,53732.7,5247.1,4993.0
2023-05-28,53732.7,5247.1,5006.7
2023-05-29,53755.7,5270.1,5020.7
2023-05-30,53790.7,5305.1,5035.0
2023-05-31,53801.7,5316.1,5049.8
2023-06-01,53796.7,4401.6,5046.4
2023-06-02,53793.7,4398.6,5043.0
2023-06-03,53793.7,4408.6,5039.9
2023-06-04,53793.7,4408.6,5036.7
2023-06-05,53770.7,4385.6,5033.1
2023-06-06,53735.7,4350.6,5028.8
2023-06-07,53724.7,4339.6,5023.5
2023-06-08,53724.7,4339.6,5017.6
2023-06-09,53724.7,4339.6,5011.1
2023-06-10,53724.7,4329.6,5003.1
2023-06-11,53724.7,4329.6,4995.0
2023-06-12,53724.7,4329.6,4985.1
2023-06-13,53724.7,4329.6,4973.5
2023-06-14,53724.7,4329.6,4969.9
2023-06-15,53724.7,4329.6,4965.0
2023-06-16,53764.7,4369.6,4959.7
2023-06-17,53764.7,4369.6,4953.0
2023-06-18,53764.7,4369.6,4946.2
2023-06-19,53851.7,4456.6,4942.9
2023-06-20,54031.7,4636.6,4920.6
2023-06-21,54174.7,4779.6,4904.3
2023-06-22,54172.7,4777.6,4889.7
2023-06-23,54130.7,4735.6,4875.3
2023-06-24,54130.7,4685.6,4863.1
2023-06-25,54326.7,4881.6,4854.8
2023-06-26,54481.7,5036.6,4849.8
2023-06-27,54518.7,4983.6,4843.7
2023-06-28,54587.7,4952.6,4837.1
2023-06-29,54780.7,5055.6,4832.8
2023-06-30,54883.7,5088.6,4829.9
2023-07-01,55974.6,4553.4,4816.3
2023-07-02,55778.6,4357.4,4798.9
2023-07-03,55539.6,4118.4,4776.5
2023-07-04,55322.6,3998.4,4751.7
2023-07-05,55110.6,3893.4,4724.8
2023-07-06,54919.6,3799.4,4696.0
2023-07-07,54818.6,3775.4,4666.7
2023-07-08,54818.6,3782.4,4637.6
2023-07-09,54818.6,3782.4,4608.4
2023-07-10,54815.6,3779.4,4579.2
2023-07-11,54815.6,3779.4,4550.0
2023-07-12,54815.6,3779.4,4520.8
2023-07-13,54818.6,3782.4,4491.7
2023-07-14,54836.6,3800.4,4462.8
2023-07-15,54836.6,3800.4,4433.9
2023-07-16,54836.6,3800.4,4405.0
2023-07-17,54867.6,3831.4,4376.7
2023-07-18,54880.6,3835.4,4348.0
2023-07-19,54903.6,3854.4,4319.0
2023-07-20,54924.6,3875.4,4290.1
2023-07-21,54917.6,3868.4,4279.5
2023-07-22,54917.6,3868.4,4268.9
2023-07-23,54917.6,3868.4,4258.1
2023-07-24,54898.6,3849.4,4246.9
2023-07-25,54927.6,3885.4,4236.9
2023-07-26,55006.6,3966.4,4229.2
2023-07-27,55094.6,4055.4,4223.5
2023-07-28,55146.6,4108.4,4218.9
2023-07-29,55146.6,4109.4,4214.3
2023-07-30,55146.6,4109.4,4209.9
2023-07-31,55163.6,4126.4,4205.8
2023-08-01,54835.7,3821.6,4195.7
2023-08-02,54740.7,3729.6,4183.7
2023-08-03,54629.7,3618.6,4169.5
2023-08-04,54566.7,3555.6,4154.0
2023-08-05,54566.7,3555.6,4137.7
2023-08-06,54566.7,3555.6,4121.4
2023-08-07,54538.7,3527.6,4104.6
2023-08-08,54536.7,3525.6,4086.0
2023-08-09,54529.7,3518.6,4063.6
2023-08-10,54531.7,3520.6,4038.4
2023-08-11,54531.7,3520.6,4013.3
2023-08-12,54531.7,3520.6,3989.0
2023-08-13,54531.7,3520.6,3965.7
2023-08-14,54534.7,3523.6,3938.5
2023-08-15,54528.7,3517.6,3908.2
2023-08-16,54825.7,3814.6,3884.8
2023-08-17,54988.7,3977.6,3865.3
2023-08-18,55084.7,4073.6,3845.6
2023-08-19,55084.7,4073.6,3825.3
2023-08-20,55084.7,4073.6,3815.7
2023-08-21,55112.7,4101.6,3810.6
2023-08-22,55223.7,4212.6,3812.5
2023-08-23,55225.7,4214.6,3816.8
2023-08-24,55118.7,4107.6,3821.1
2023-08-25,55241.7,4230.6,3829.7
2023-08-26,55241.7,4230.6,3838.8
2023-08-27,55241.7,4230.6,3847.8
2023-08-28,55539.7,4528.6,3862.7
2023-08-29,55813.7,4802.6,3883.2
2023-08-30,55894.7,4883.6,3905.3
2023-08-31,56042.7,5031.6,3930.3
2023-09-01,55922.7,4516.4,3945.0
2023-09-02,55922.7,4516.4,3959.3
2023-09-03,55922.7,4516.4,3973.6
2023-09-04,55602.7,4196.4,3981.6
2023-09-05,55231.7,3825.4,3981.4
2023-09-06,54875.7,3469.4,3974.1
2023-09-07,54996.7,3590.4,3968.8
2023-09-08,55258.7,3852.4,3968.4
2023-09-09,55258.7,3852.4,3968.1
2023-09-10,55258.7,3852.4,3967.7
2023-09-11,55461.7,4055.4,3971.5
2023-09-12,55656.7,4252.4,3979.5
2023-09-13,55695.7,4291.4,3987.7
2023-09-14,55475.7,4071.4,3989.8
2023-09-15,55612.7,4208.4,3992.8
2023-09-16,55612.7,4208.4,3994.8
2023-09-17,55612.7,4208.4,3996.8
2023-09-18,55641.7,4237.4,3999.4
2023-09-19,55700.7,4284.4,4002.5
2023-09-20,55926.7,4486.4,4015.8
2023-09-21,56067.7,4608.4,4033.4
2023-09-22,56269.7,4794.4,4056.9
2023-09-23,56269.7,4773.4,4081.3
2023-09-24,56269.7,4773.4,4105.6
2023-09-25,56404.7,4908.4,4132.7
2023-09-26,56574.7,4945.4,4161.0
2023-09-27,56986.7,5184.4,4194.2
2023-09-28,57426.7,5426.4,4232.3
2023-09-29,57426.7,5246.4,4266.9
2023-09-30,57426.7,5062.4,4297.7
2023-10-01,53620.0,3057.1,4288.4
2023-10-02,53560.0,2997.1,4278.0
2023-10-03,53500.0,2989.1,4267.3
2023-10-04,53214.0,2840.1,4253.7
2023-10-05,53031.0,2809.1,4233.6
2023-10-06,52829.0,2728.1,4208.6
2023-10-07,53029.0,3077.1,4188.7
2023-10-08,53049.0,3080.1,4168.8
2023-10-09,52750.0,2779.1,4142.9
2023-10-10,52439.0,2559.1,4112.1
2023-10-11,52124.0,2304.1,4073.9
2023-10-12,51778.0,2023.1,4030.1
2023-10-13,51873.0,2193.1,3991.8
2023-10-14,51673.0,2049.1,3948.1
2023-10-15,51653.0,2046.1,3904.4
2023-10-16,51633.0,2028.1,3860.4
2023-10-17,51637.0,2032.1,3810.5
2023-10-18,51640.0,2035.1,3755.1
2023-10-19,51822.0,2217.1,3701.8
2023-10-20,52555.0,2950.1,3660.1
2023-10-21,52555.0,2950.1,3628.8
2023-10-22,52555.0,2950.1,3597.5
2023-10-23,53363.0,3758.1,3582.3
2023-10-24,53885.0,4272.1,3583.8
2023-10-25,54280.0,4439.1,3596.1
2023-10-26,54360.0,4241.1,3611.6
2023-10-27,54031.0,3674.1,3613.2
2023-10-28,54031.0,3586.1,3607.9
2023-10-29,54031.0,3586.1,3602.6
2023-10-30,53881.0,3436.1,3594.3
2023-10-31,53900.0,3395.1,3581.0
2023-11-01,53640.8,3941.6,3574.8
2023-11-02,53410.8,3973.6,3568.5
2023-11-03,52954.8,3750.6,3562.1
2023-11-04,52954.8,3837.6,3554.6
2023-11-05,52954.8,3837.6,3547.2
2023-11-06,52314.8,3197.6,3527.0
2023-11-07,52055.8,3006.6,3502.4
2023-11-08,52138.8,3102.6,3478.8
2023-11-09,52146.8,3120.6,3451.4
2023-11-10,52306.8,3278.6,3424.9
2023-11-11,52306.8,3269.6,3394.4
2023-11-12,52306.8,3269.6,3364.3
2023-11-13,52401.8,3364.6,3336.1
2023-11-14,52472.8,3432.6,3306.6
2023-11-15,51998.8,2788.6,3263.5
2023-11-16,52173.8,2900.6,3217.8
2023-11-17,52322.8,2926.6,3167.8
2023-11-18,52322.8,2917.6,3121.2
2023-11-19,52322.8,2917.6,3078.3
2023-11-20,52414.8,3009.6,3077.4
2023-11-21,52309.8,2906.6,3075.6
2023-11-22,52769.8,3536.6,3086.5
2023-11-23,52911.8,3747.6,3104.7
2023-11-24,53223.8,4183.6,3132.2
2023-11-25,53223.8,4196.6,3161.5
2023-11-26,53223.8,4196.6,3183.9
2023-11-27,53519.8,4492.6,3212.2
2023-11-28,53615.8,4536.6,3247.3
2023-11-29,53593.8,4436.6,3284.9
2023-11-30,53737.8,4412.6,3327.0
2023-12-01,53918.4,2834.5,3343.3
2023-12-02,53918.4,2840.5,3356.2
2023-12-03,53918.4,2840.5,3372.0
2023-12-04,53484.4,2406.5,3379.2
2023-12-05,53279.4,1754.5,3373.8
2023-12-06,53081.4,1634.5,3365.8
2023-12-07,52781.4,1502.5,3355.2
2023-12-08,52859.4,1588.5,3342.6
2023-12-09,52859.4,1588.5,3315.4
2023-12-10,52859.4,1588.5,3288.1
2023-12-11,53077.4,1806.5,3265.3
2023-12-12,53281.4,2010.5,3230.3
2023-12-13,53306.4,2035.5,3185.6
2023-12-14,53205.4,1934.5,3135.5
2023-12-15,53008.4,1737.5,3085.4
2023-12-16,53008.4,1698.5,3045.9
2023-12-17,53008.4,1698.5,3008.1
2023-12-18,52967.4,1657.5,2969.6
2023-12-19,52854.4,1461.5,2930.1
2023-12-20,52874.4,1337.5,2888.9
2023-12-21,53033.4,1338.5,2836.9
2023-12-22,53364.4,1514.5,2787.7
2023-12-23,53364.4,1350.5,2739.7
2023-12-24,53364.4,1350.5,2689.9
2023-12-25,53651.4,1637.5,2645.9
2023-12-26,54000.4,1779.5,2617.6
2023-12-27,54287.4,1863.5,2594.7
2023-12-28,54466.4,1859.5,2569.8
2023-12-29,54621.4,1813.5,2543.7
2023-12-30,54621.4,1632.5,2510.8
2023-12-31,54621.4,1632.5,2478.0
2024-01-01,54022.4,1033.5,2433.3
2024-01-02,53594.4,854.5,2383.1
2024-01-03,53036.4,581.5,2326.1
2024-01-04,52451.4,323.5,2276.8
2024-01-05,52040.4,268.5,2224.1
2024-01-06,52040.4,652.5,2178.7
2024-01-07,52040.4,652.5,2133.4
2024-01-08,52000.4,612.5,2087.3
2024-01-09,51843.4,496.5,2037.0
2024-01-10,51849.4,564.5,1990.1
2024-01-11,51861.4,505.5,1929.5
2024-01-12,51851.4,380.5,1862.2
2024-01-13,51851.4,250.5,1783.5
2024-01-14,51851.4,250.5,1704.6
2024-01-15,51801.4,200.5,1624.7
2024-01-16,52496.4,741.5,1549.7
2024-01-17,53023.4,764.5,1474.2
2024-01-18,53096.4,322.5,1391.9
2024-01-19,53102.4,-138.5,1300.9
2024-01-20,53102.4,-464.5,1234.9
2024-01-21,53102.4,-464.5,1168.8
2024-01-22,53224.4,-342.5,1105.2
2024-01-23,52929.4,-555.5,1045.9
2024-01-24,52845.4,-434.5,1002.1
2024-01-25,53211.4,86.5,971.2
2024-01-26,53601.4,593.5,953.0
2024-01-27,53601.4,732.5,935.9
2024-01-28,53601.4,510.5,914.3
2024-01-29,53979.4,760.5,897.8
2024-01-30,54077.4,759.5,876.8
2024-01-31,54158.4,670.5,850.0
2024-02-01,53735.4,3418.6,877.7
2024-02-02,53371.4,3455.6,908.1
2024-02-03,53371.4,3751.6,948.4
2024-02-04,53414.4,4016.6,994.8
2024-02-05,54014.4,4744.6,1055.7
2024-02-06,53790.4,4543.6,1113.4
2024-02-07,53642.4,4473.6,1173.6
2024-02-08,53944.4,4289.6,1232.7
2024-02-09,53997.4,3955.6,1285.0
2024-02-10,53997.4,3775.6,1330.3
2024-02-11,53997.4,3775.6,1378.8
2024-02-12,53997.4,3775.6,1427.3
2024-02-13,53997.4,3879.6,1472.1
2024-02-14,53997.4,4181.6,1520.2
2024-02-15,53907.4,4529.6,1573.5
2024-02-16,53849.4,4437.6,1625.0
2024-02-17,53849.4,3805.6,1664.9
2024-02-18,53806.4,3762.6,1707.5
2024-02-19,53738.4,3694.6,1748.7
2024-02-20,53440.4,3172.6,1791.5
2024-02-21,53093.4,2766.6,1829.8
2024-02-22,52896.4,2472.6,1867.6
2024-02-23,53051.4,2814.6,1917.4
2024-02-24,53051.4,3179.6,1975.6
2024-02-25,53051.4,3179.6,2026.2
2024-02-26,53348.4,3476.6,2082.7
2024-02-27,53691.4,3753.6,2145.5
2024-02-28,53966.4,3697.6,2209.5
2024-02-29,54025.4,1728.2,2232.8
2024-03-01,55421.0,3350.8,2289.7
2024-03-02,55421.0,3802.8,2358.1
2024-03-03,55421.0,3802.8,2429.2
2024-03-04,55102.0,3483.8,2493.8
2024-03-05,54728.0,3438.8,2558.6
2024-03-06,54414.0,3602.8,2615.8
2024-03-07,54307.0,3598.8,2672.5
2024-03-08,54307.0,3668.8,2739.4
2024-03-09,54307.0,3671.8,2815.7
2024-03-10,54307.0,3671.8,2898.4
2024-03-11,54307.0,3671.8,2981.1
2024-03-12,54307.0,3637.8,3060.7
2024-03-13,54300.0,3604.8,3143.9
2024-03-14,54293.0,3497.8,3222.6
2024-03-15,54283.0,3381.8,3288.5
2024-03-16,54283.0,3216.8,3340.9
2024-03-17,54283.0,3216.8,3390.6
2024-03-18,54283.0,3216.8,3444.8
2024-03-19,54278.0,3222.8,3494.0
2024-03-20,54278.0,3069.8,3540.2
2024-03-21,54277.0,3105.8,3588.9
2024-03-22,54279.0,3152.8,3583.6
2024-03-23,54279.0,3325.8,3581.0
2024-03-24,54279.0,3325.8,3572.5
2024-03-25,54319.0,3365.8,3559.5
2024-03-26,54464.0,2785.8,3520.3
2024-03-27,54711.0,2936.8,3488.2
2024-03-28,54959.0,3051.8,3459.7
2024-03-29,55107.0,3024.8,3434.4
2024-03-30,55107.0,2842.8,3412.2
2024-03-31,55107.0,1468.0,3366.0
2024-04-01,56453.5,2814.4,3346.8
2024-04-02,56305.5,2919.4,3329.7
2024-04-03,56057.5,2947.4,3311.0
2024-04-04,55807.5,2897.4,3285.3
2024-04-05,55657.5,2978.4,3254.3
2024-04-06,55657.5,3150.4,3228.6
2024-04-07,55659.5,3152.4,3215.5
2024-04-08,55659.5,3152.4,3203.3
2024-04-09,55659.5,3136.4,3192.1
2024-04-10,55659.5,3133.4,3191.4
2024-04-11,55661.5,3128.4,3198.6
2024-04-12,55663.5,3129.4,3211.7
2024-04-13,55663.5,3131.4,3218.1
2024-04-14,55661.5,3129.4,3217.1
2024-04-15,55659.5,3127.4,3216.0
2024-04-16,55659.5,3125.4,3209.0
2024-04-17,55659.5,3092.4,3195.8
2024-04-18,55659.5,3067.4,3183.2
2024-04-19,55659.5,3042.4,3209.5
2024-04-20,55659.5,2969.4,3201.8
2024-04-21,55659.5,2969.4,3185.2
2024-04-22,55661.5,2882.4,3166.7
2024-04-23,55661.5,2787.4,3152.8
2024-04-24,55661.5,2655.4,3137.2
2024-04-25,55661.5,2592.4,3116.9
2024-04-26,55661.5,2533.4,3095.6
2024-04-27,55661.5,2456.4,3071.4
2024-04-28,55663.5,2458.4,3047.1
2024-04-29,55663.5,2547.4,3024.6
2024-04-30,56101.5,1863.8,2988.5
2024-05-01,56099.5,2031.8,2956.4
2024-05-02,56097.5,2124.8,2926.8
2024-05-03,56095.5,2182.8,2900.5
2024-05-04,56095.5,2344.8,2879.7
2024-05-05,56093.5,2340.8,2862.2
2024-05-06,56093.5,2340.8,2844.7
2024-05-07,55655.5,1900.8,2818.4
2024-05-08,55657.5,1900.8,2791.9
2024-05-09,55659.5,1900.8,2768.5
2024-05-10,55661.5,1933.8,2745.1
2024-05-11,55663.5,1936.8,2720.8
2024-05-12,55663.5,1938.8,2693.0
2024-05-13,55663.5,1938.8,2665.3
2024-05-14,55663.5,1938.8,2636.7
2024-05-15,55661.5,1936.8,2619.8
2024-05-16,55661.5,1936.8,2599.8
2024-05-17,55661.5,1936.8,2577.5
2024-05-18,55659.5,1934.8,2555.7
2024-05-19,55659.5,1934.8,2537.5
2024-05-20,55659.5,1934.8,2546.8
2024-05-21,55659.5,1934.8,2529.2
2024-05-22,55661.5,1936.8,2509.6
2024-05-23,55661.5,1936.8,2489.4
2024-05-24,55661.5,1931.8,2470.1
2024-05-25,55661.5,1928.8,2449.1
2024-05-26,55661.5,1928.8,2424.6
2024-05-27,55661.5,1928.8,2400.2
2024-05-28,55661.5,1905.8,2375.2
2024-05-29,55909.5,2118.8,2354.9
2024-05-30,56167.5,2365.8,2339.5
2024-05-31,56265.5,2468.8,2326.3
2024-06-01,55852.7,2059.0,2304.9
2024-06-02,55852.7,2059.0,2283.5
2024-06-03,55852.7,2059.0,2262.1
2024-06-04,55852.7,2082.0,2241.2
2024-06-05,55604.7,1869.0,2216.0
2024-06-06,55346.7,1622.0,2186.6
2024-06-07,55248.7,1524.0,2155.8
2024-06-08,55248.7,1524.0,2125.4
2024-06-09,55248.7,1524.0,2096.5
2024-06-10,55246.7,1522.0,2067.5
2024-06-11,55246.7,1522.0,2040.3
2024-06-12,55246.7,1522.0,2015.0
2024-06-13,55246.7,1522.0,1992.3
2024-06-14,55246.7,1522.0,1970.9
2024-06-15,55246.7,1482.0,1949.9
2024-06-16,55246.7,1482.0,1930.4
2024-06-17,55246.7,1482.0,1910.9
2024-06-18,55330.7,1479.0,1889.5
2024-06-19,55606.7,1575.0,1883.7
2024-06-20,55624.7,1450.0,1872.1
2024-06-21,55632.7,1460.0,1858.8
2024-06-22,55632.7,1502.0,1845.2
2024-06-23,55632.7,1502.0,1828.3
2024-06-24,55682.7,1356.0,1808.6
2024-06-25,55896.7,1415.0,1790.1
2024-06-26,55868.7,1350.0,1779.1
2024-06-27,55948.7,1361.0,1768.3
2024-06-28,55988.7,1208.0,1754.5
2024-06-29,55988.7,1105.0,1737.9
2024-06-30,55988.7,14.0,1699.4
2024-07-01,55940.7,162.0,1663.9
2024-07-02,55642.7,103.0,1627.2
2024-07-03,55394.7,72.0,1589.8
2024-07-04,55296.7,186.0,1554.8
2024-07-05,55248.7,329.0,1522.7
2024-07-06,55248.7,430.0,1492.5
2024-07-07,55248.7,430.0,1462.5
2024-07-08,55248.7,430.0,1432.4
2024-07-09,55248.7,433.0,1402.3
2024-07-10,55248.7,433.0,1372.3
2024-07-11,55248.7,433.0,1342.2
2024-07-12,55248.7,430.0,1312.1
2024-07-13,55248.7,412.0,1281.7
2024-07-14,55248.7,412.0,1251.3
2024-07-15,55246.7,410.0,1221.0
2024-07-16,55920.7,1053.0,1203.5
2024-07-17,56188.7,1308.0,1191.5
2024-07-18,56235.7,1332.0,1175.8
2024-07-19,56292.7,1368.0,1155.8
2024-07-20,56292.7,1375.0,1133.9
2024-07-21,56292.7,1375.0,1120.3
2024-07-22,56350.9,1433.2,1107.7
2024-07-23,55942.2,1043.5,1087.4
2024-07-24,55738.3,810.6,1062.0
2024-07-25,55689.3,682.6,1038.3
2024-07-26,55988.3,893.6,1023.7
2024-07-27,55988.3,841.6,1010.1
2024-07-28,55988.3,841.6,996.4
2024-07-29,56231.7,1085.0,987.6
2024-07-30,56180.7,1017.0,977.5
2024-07-31,56366.3,1530.6,977.7
2024-08-01,58458.2,3717.5,1021.6
2024-08-02,58101.3,3471.6,1060.6
2024-08-03,58101.3,3534.6,1100.9
2024-08-04,58101.3,3534.6,1141.9
2024-08-05,57800.4,3233.7,1177.0
2024-08-06,57584.8,3046.1,1208.2
2024-08-07,57333.1,2796.4,1234.6
2024-08-08,57329.8,2800.1,1259.1
2024-08-09,57341.5,2809.8,1286.3
2024-08-10,57341.5,2809.8,1313.3
2024-08-11,57341.5,2809.8,1339.4
2024-08-12,57415.3,2883.6,1367.1
2024-08-13,57800.4,3265.7,1405.3
2024-08-14,58169.6,3640.9,1449.8
2024-08-15,58740.2,3914.5,1501.1
2024-08-16,58865.1,3876.4,1551.4
2024-08-17,58865.1,3780.4,1602.8
2024-08-18,58865.1,3780.4,1656.3
2024-08-19,58842.7,3758.0,1731.2
2024-08-20,58606.1,3493.4,1797.8
2024-08-21,58494.9,3271.2,1861.2
2024-08-22,58276.5,3050.8,1920.8
2024-08-23,58518.0,3399.3,1985.0
2024-08-24,58518.0,3276.3,2044.0
2024-08-25,58518.0,3276.3,2100.9
2024-08-26,58465.9,3224.2,2156.8
2024-08-27,58789.3,3249.6,2213.2
2024-08-28,58808.6,2994.9,2264.4
2024-08-29,58600.2,2705.5,2309.9
2024-08-30,58251.0,2208.3,2345.4
2024-08-31,58251.0,2328.3,2383.3
2024-09-01,57344.9,1422.2,2403.5
2024-09-02,57348.4,1425.7,2423.8
2024-09-03,56877.1,1274.4,2441.1
2024-09-04,56600.5,1368.8,2447.4
2024-09-05,56512.9,1637.2,2454.0
2024-09-06,56624.3,1627.6,2459.9
2024-09-07,56624.3,1365.6,2459.9
2024-09-08,56624.3,1365.6,2459.7
2024-09-09,56712.3,1453.6,2461.2
2024-09-10,56897.1,1435.4,2461.3
2024-09-11,57106.4,1449.7,2469.4
2024-09-12,57203.9,1508.2,2483.4
2024-09-13,57298.6,1822.9,2506.2
2024-09-14,57437.3,1824.6,2524.8
2024-09-15,57437.3,1824.6,2544.4
2024-09-16,57345.8,1733.1,2562.3
2024-09-17,57159.8,1518.1,2570.9
2024-09-18,57518.0,1817.3,2586.9
2024-09-19,57880.8,1954.1,2595.4
2024-09-20,58216.5,2148.8,2564.0
2024-09-21,58077.8,1808.1,2530.8
2024-09-22,58077.8,1808.1,2496.2
2024-09-23,58312.4,2042.7,2466.4
2024-09-24,58772.4,2367.7,2449.1
2024-09-25,58400.7,1826.0,2424.7
2024-09-26,58169.1,1182.4,2392.4
2024-09-27,58875.2,1448.5,2365.4
2024-09-28,58875.2,1448.5,2338.1
2024-09-29,59057.2,1630.5,2314.5
2024-09-30,59109.2,5489.2,2368.1
2024-10-01,59109.2,5549.2,2421.4
2024-10-02,59109.2,5609.2,2468.3
2024-10-03,59109.2,5895.2,2513.4
2024-10-04,59109.2,6078.2,2556.7
2024-10-05,59109.2,6280.2,2604.7
2024-10-06,58927.2,5898.2,2647.1
2024-10-07,58640.6,5591.6,2683.3
2024-10-08,58222.3,5472.3,2717.6
2024-10-09,58086.8,5647.8,2760.7
2024-10-10,57944.8,5820.8,2811.7
2024-10-11,57761.0,5983.0,2870.3
2024-10-12,57784.2,5911.2,2920.6
2024-10-13,57784.2,6111.2,2977.3
2024-10-14,57803.7,6150.7,3034.8
2024-10-15,57830.3,6197.3,3094.2
2024-10-16,58411.7,6774.7,3164.7
2024-10-17,58394.3,6754.3,3239.9
2024-10-18,58408.5,6586.5,3317.5
2024-10-19,58385.3,5830.3,3390.0
2024-10-20,58385.3,5830.3,3460.0
2024-10-21,58574.7,6019.7,3552.0
2024-10-22,58664.8,5301.8,3629.5
2024-10-23,58815.1,4930.1,3702.6
2024-10-24,59481.4,5201.4,3779.2
2024-10-25,59665.6,5305.6,3852.6
2024-10-26,59665.6,5634.6,3932.7
2024-10-27,59665.6,5634.6,4018.1
2024-10-28,59698.3,5667.3,4104.2
2024-10-29,59922.7,6041.7,4195.9
2024-10-30,59561.0,5661.0,4280.4
2024-10-31,59089.7,5448.9,4360.4
2024-11-01,57615.2,4204.5,4414.3
2024-11-02,57615.2,4660.5,4471.1
2024-11-03,57615.2,4660.5,4527.8
2024-11-04,57390.9,4436.2,4580.1
2024-11-05,57026.4,4711.7,4639.6
2024-11-06,56612.7,4557.0,4700.4
2024-11-07,56304.3,4165.6,4747.4
2024-11-08,56299.4,4152.7,4791.3
2024-11-09,56299.4,3992.7,4828.2
2024-11-10,56299.4,3992.7,4871.9
2024-11-11,56415.8,4109.1,4917.9
2024-11-12,56523.0,4121.3,4959.5
2024-11-13,56738.7,4266.0,4997.5
2024-11-14,57047.7,5049.0,5061.9
2024-11-15,58016.5,5842.8,5155.1
2024-11-16,58016.5,5693.8,5240.0
2024-11-17,58016.5,5693.8,5324.9
2024-11-18,58055.4,5732.7,5407.0
2024-11-19,58218.2,5803.5,5413.3
2024-11-20,58287.3,5977.6,5421.8
2024-11-21,58429.2,5659.5,5422.9
2024-11-22,58083.3,5171.6,5408.4
2024-11-23,58083.3,4859.6,5384.0
2024-11-24,58083.3,4859.6,5355.6
2024-11-25,58160.0,4936.3,5336.4
2024-11-26,58171.0,4651.3,5317.6
2024-11-27,58137.2,4521.5,5298.5
2024-11-28,57857.4,4263.7,5270.9
2024-11-29,57701.3,3963.6,5233.7
2024-11-30,57701.3,3782.9,5189.7
2024-12-01,58604.4,4686.0,5165.2
2024-12-02,58388.4,4470.0,5132.4
2024-12-03,58140.4,4656.0,5102.5
2024-12-04,57913.4,4634.0,5071.2
2024-12-05,57760.4,4679.0,5029.3
2024-12-06,57472.3,4690.9,4988.0
2024-12-07,57472.3,4612.9,4948.6
2024-12-08,57472.3,4612.9,4924.2
2024-12-09,57486.1,4626.7,4900.1
2024-12-10,57576.4,4499.0,4869.7
2024-12-11,57613.7,4332.3,4850.3
2024-12-12,57642.5,4336.1,4838.5
2024-12-13,57656.7,4451.3,4823.5
2024-12-14,57656.7,4648.3,4810.3
2024-12-15,57656.7,4648.3,4790.6
2024-12-16,58362.7,5354.3,4785.0
2024-12-17,58576.5,5609.1,4783.8
2024-12-18,58885.5,6031.1,4783.6
2024-12-19,58900.0,6025.6,4790.9
2024-12-20,58796.5,5763.1,4797.2
2024-12-21,58796.5,5432.1,4821.7
2024-12-22,58796.5,5432.1,4837.2
2024-12-23,58153.0,4788.6,4839.7
2024-12-24,57861.7,4210.3,4835.2
2024-12-25,57666.4,3666.0,4814.3
2024-12-26,57692.1,3404.7,4791.2
2024-12-27,57698.3,3231.9,4772.6
2024-12-28,57698.3,3076.9,4751.1
2024-12-29,57698.3,3076.9,4732.7
2024-12-30,57677.8,3056.4,4714.0
2024-12-31,57771.4,3749.0,4706.8
2025-01-01,57579.1,3984.7,4704.1
2025-01-02,57497.6,4461.2,4708.0
2025-01-03,57409.1,4957.7,4706.2
2025-01-04,57409.1,5368.7,4696.7
2025-01-05,57409.1,5368.7,4690.2
2025-01-06,57334.1,5293.7,4682.2
2025-01-07,57183.5,5183.1,4671.2
2025-01-08,57184.6,5341.2,4661.9
2025-01-09,57163.9,5314.5,4648.7
2025-01-10,57149.1,5287.7,4641.2
2025-01-11,57149.1,5297.7,4643.8
2025-01-12,57149.1,5297.7,4652.5
2025-01-13,57159.8,5308.4,4661.5
2025-01-14,57207.7,5406.3,4670.9
2025-01-15,58166.1,5669.7,4691.3
2025-01-16,58502.5,5479.1,4710.4
2025-01-17,58603.0,5506.6,4735.3
2025-01-18,58603.0,5500.6,4766.0
2025-01-19,58603.0,5500.6,4800.4
2025-01-20,58701.2,5598.8,4818.6
2025-01-21,58902.2,5677.8,4842.8
2025-01-22,59100.2,6170.8,4873.1
2025-01-23,59239.7,6394.3,4908.3
2025-01-24,59418.7,6207.3,4938.8
2025-01-25,59418.7,5817.3,4961.4
2025-01-26,59569.7,5968.3,4988.5
2025-01-27,59744.7,6143.3,5019.1
2025-01-28,59744.7,5765.3,5041.9
2025-01-29,59744.7,5667.3,5065.2
2025-01-30,59744.7,5586.3,5090.3
2025-01-31,59744.7,6009.3,5123.8
2025-02-01,58734.1,5362.7,5142.0
2025-02-02,58734.1,5362.7,5156.3
2025-02-03,58734.1,5319.7,5169.7
2025-02-04,58478.1,4463.7,5151.9
2025-02-05,58017.6,4227.2,5124.3
2025-02-06,57813.1,4170.7,5087.1
2025-02-07,57712.8,3768.4,5041.9
2025-02-08,57726.8,3729.4,5001.3
2025-02-09,57575.8,3578.4,4964.2
2025-02-10,57492.8,3495.4,4925.4
2025-02-11,57525.8,3528.4,4900.2
2025-02-12,57386.8,3389.4,4883.8
2025-02-13,57237.1,3239.7,4875.3
2025-02-14,57151.9,3244.5,4872.1
2025-02-15,57137.9,3288.5,4873.2
2025-02-16,57137.9,3288.5,4877.5
2025-02-17,57113.4,3307.0,4882.1
2025-02-18,57569.6,3831.2,4897.6
2025-02-19,57550.5,4110.1,4904.8
2025-02-20,57549.7,4456.3,4914.2
2025-02-21,57633.7,4737.3,4919.7
2025-02-22,57633.7,4582.3,4912.2
2025-02-23,57633.7,4582.3,4896.5
2025-02-24,57735.7,4684.3,4882.8
2025-02-25,57565.0,4216.6,4861.3
2025-02-26,57574.8,3883.4,4835.3
2025-02-27,57664.8,3698.4,4802.4
2025-02-28,57766.8,3741.4,4771.0
2025-03-01,57766.8,2345.8,4712.1
2025-03-02,57766.8,2345.8,4653.1
2025-03-03,57571.3,2150.3,4590.2
2025-03-04,57291.0,2189.0,4527.8
2025-03-05,57095.5,2367.5,4467.0
2025-03-06,56985.0,2571.0,4405.0
2025-03-07,56885.5,2578.5,4347.0
2025-03-08,56885.5,2578.5,4288.4
2025-03-09,56885.5,2578.5,4230.0
2025-03-10,56885.0,2578.0,4171.5
2025-03-11,56884.5,2577.5,4111.1
2025-03-12,56706.7,2399.7,4045.6
2025-03-13,56638.1,2338.1,3968.9
2025-03-14,56633.8,2340.8,3887.8
2025-03-15,56633.8,2350.8,3810.7
2025-03-16,56633.8,2350.8,3741.4
2025-03-17,57018.3,2735.3,3676.7
2025-03-18,57253.9,2970.9,3613.3
2025-03-19,57374.4,3096.4,3559.9
2025-03-20,57607.0,3329.0,3513.1
2025-03-21,57519.3,3242.3,3466.3
2025-03-22,57519.3,3240.3,3410.9
2025-03-23,57519.3,3240.3,3368.4
2025-03-24,57173.3,2894.3,3319.1
2025-03-25,57277.9,2958.9,3271.8
2025-03-26,57437.4,2973.4,3242.0
2025-03-27,57387.4,2676.4,3211.0
2025-03-28,57372.9,2413.9,3175.9
2025-03-29,57372.9,2265.9,3145.8
2025-03-30,57372.9,2265.9,3116.6
2025-03-31,57404.6,2297.6,3090.9
2025-04-01,59589.0,3135.5,3083.7
2025-04-02,59363.5,3058.0,3074.3
2025-04-03,59368.4,3310.9,3072.8
2025-04-04,59289.9,3482.4,3077.6
2025-04-05,59289.9,3632.4,3085.4
2025-04-06,59289.9,3632.4,3092.2
2025-04-07,59216.7,3557.2,3097.6
2025-04-08,59319.2,3659.7,3104.7
2025-04-09,59208.2,3548.7,3099.0
2025-04-10,59050.7,3391.2,3084.6
2025-04-11,59079.2,3417.7,3063.9
2025-04-12,59079.2,3415.7,3037.4
2025-04-13,59079.2,3415.7,3014.1
2025-04-14,59028.7,3367.2,2989.8
2025-04-15,59025.8,3366.3,2963.4
2025-04-16,59011.4,3351.9,2946.1
2025-04-17,59191.0,3531.5,2939.1
2025-04-18,59413.0,3753.5,2940.2
2025-04-19,59413.0,3753.5,2940.4
2025-04-20,59413.0,3753.5,2968.6
2025-04-21,59546.0,3886.5,2999.4
2025-04-22,59602.0,3940.5,3035.2
2025-04-23,59605.5,3944.0,3070.3
2025-04-24,59578.0,3916.5,3101.3
2025-04-25,59487.0,3825.5,3126.4
2025-04-26,59487.0,3825.5,3151.3
2025-04-27,59577.0,3915.5,3178.1
2025-04-28,59680.0,4016.5,3206.8
2025-04-29,59800.0,4136.5,3238.0
2025-04-30,60222.8,4121.3,3268.9
2025-05-01,59878.6,3779.1,3296.5
2025-05-02,59719.1,3621.6,3322.1
2025-05-03,59719.1,3623.6,3347.8
2025-05-04,59629.1,3533.6,3371.4
2025-05-05,59350.1,3256.6,3389.6
2025-05-06,59414.6,3321.1,3401.3
2025-05-07,59079.3,3423.8,3410.3
2025-05-08,59237.9,3580.4,3420.0
2025-05-09,59314.9,3655.4,3426.5
2025-05-10,59314.9,3653.4,3434.8
2025-05-11,59314.9,3651.4,3443.0
2025-05-12,59357.9,3694.4,3452.1
2025-05-13,59132.9,3469.4,3463.6
2025-05-14,59029.4,3365.9,3471.7
2025-05-15,59935.3,4273.8,3497.7
2025-05-16,59964.8,4303.3,3530.3
2025-05-17,59964.8,4303.3,3568.1
2025-05-18,59964.8,4305.3,3608.8
2025-05-19,60056.8,4397.3,3651.5
2025-05-20,60233.8,4574.3,3697.0
2025-05-21,60298.8,4639.3,3727.1
2025-05-22,60388.8,4727.3,3760.5
2025-05-23,60424.8,4763.3,3789.5
2025-05-24,60424.8,4763.3,3815.1
2025-05-25,60424.8,4763.3,3837.8
2025-05-26,60671.8,5010.3,3865.3
2025-05-27,60762.8,5101.3,3896.2
2025-05-28,60821.3,5159.8,3926.2
2025-05-29,60932.8,5023.3,3955.7
2025-05-30,61081.4,4913.9,3986.1
2025-05-31,61081.4,4815.9,4014.1
2025-06-01,61081.4,5228.7,4050.4
2025-06-02,60699.4,4846.7,4079.0
2025-06-03,60705.9,4853.2,4108.7
2025-06-04,60705.3,4852.6,4138.4
2025-06-05,60565.8,4961.1,4170.6
2025-06-06,61409.7,6063.0,4221.3
2025-06-07,61409.7,6161.0,4269.4
2025-06-08,61409.7,6161.0,4317.6
2025-06-09,61583.5,6334.8,4369.2
2025-06-10,61327.6,6080.9,4413.1
2025-06-11,61276.7,6030.0,4454.9
2025-06-12,61269.5,6022.8,4496.4
2025-06-13,61337.0,6090.3,4539.9
2025-06-14,61337.0,6090.3,4585.2
2025-06-15,61337.0,6090.3,4630.5
2025-06-16,61805.2,6558.5,4683.4
2025-06-17,61803.9,6557.2,4734.2
2025-06-18,61796.2,6465.5,4780.8
2025-06-19,61880.4,6273.7,4823.8
2025-06-20,61839.1,6214.4,4872.5
2025-06-21,61839.1,6206.4,4924.2
2025-06-22,61839.1,6206.4,4975.9
2025-06-23,61817.6,6184.9,5028.9
2025-06-24,62026.8,6344.1,5090.6
2025-06-25,62235.8,6339.1,5151.0
2025-06-26,62541.6,6672.9,5216.0
2025-06-27,62906.3,6957.6,5283.5
2025-06-28,62906.3,6917.6,5348.8
2025-06-29,62906.3,6917.6,5414.1
2025-06-30,63017.3,7028.6,5481.6
2025-07-01,61729.4,5788.7,5523.5
2025-07-02,61462.6,5819.9,5570.5
2025-07-03,61010.5,5615.8,5615.5
2025-07-04,60518.6,5221.9,5634.4
2025-07-05,60518.6,5269.9,5653.8
2025-07-06,60518.6,5269.9,5673.1
2025-07-07,60293.6,5044.9,5687.9
2025-07-08,60231.6,4982.9,5699.6
2025-07-09,60208.6,4959.9,5707.3
2025-07-10,60241.4,4992.7,5714.4
2025-07-11,60292.1,5043.4,5720.7
2025-07-12,60292.1,5043.4,5726.3
2025-07-13,60292.1,5043.4,5731.9
2025-07-14,60411.8,5163.1,5739.9
2025-07-15,62085.3,6838.6,5776.5
2025-07-16,62529.9,6609.2,5806.6
2025-07-17,62890.4,6701.7,5837.5
2025-07-18,62993.2,6757.5,5872.2
2025-07-19,62993.2,6700.5,5907.9
2025-07-20,62993.2,6700.5,5945.6
2025-07-21,62937.7,6645.0,5973.9
2025-07-22,62810.0,6459.1,6006.2
2025-07-23,62440.4,6498.2,6039.1
2025-07-24,62320.9,6582.6,6073.7
2025-07-25,62922.7,7233.4,6119.1
2025-07-26,62922.7,6934.4,6136.5
2025-07-27,62922.7,6934.4,6152.0
2025-07-28,63247.8,7259.5,6174.0
2025-07-29,63482.2,7250.5,6192.3
2025-07-30,63640.7,7460.0,6219.9
2025-07-31,63592.9,7226.6,6243.8
2025-08-01,62929.6,4471.4,6212.8
2025-08-02,62929.6,4828.3,6187.5
2025-08-03,62929.6,4828.3,6162.3
2025-08-04,62978.6,4877.3,6138.0
2025-08-05,62690.1,4889.7,6104.6
2025-08-06,62519.6,4934.8,6072.2
2025-08-07,62397.1,5064.0,6044.2
2025-08-08,63093.1,5763.3,6034.0
2025-08-09,63093.1,5751.6,6024.7
2025-08-10,63093.1,5751.6,6015.6
2025-08-11,62660.3,5318.8,5997.9
2025-08-12,62614.2,5198.9,5978.1
2025-08-13,62594.2,4793.8,5947.1
2025-08-14,62562.2,4392.6,5908.2
2025-08-15,63178.2,4438.0,5863.5
2025-08-16,63178.2,4313.1,5810.6
2025-08-17,63178.2,4313.1,5758.5
2025-08-18,63332.7,4467.6,5709.5
2025-08-19,63798.4,4955.7,5668.1
2025-08-20,64295.9,5689.8,5666.1
2025-08-21,64420.2,5925.3,5668.2
2025-08-22,64543.4,6266.9,5681.2
2025-08-23,64543.4,6025.4,5697.3
2025-08-24,64543.4,6025.4,5712.4
2025-08-25,64565.3,6047.3,5727.9
2025-08-26,64390.8,5924.9,5745.5
2025-08-27,64154.7,5365.4,5753.2
2025-08-28,64317.8,5509.2,5764.2
2025-08-29,64739.5,6139.3,5787.1
2025-08-30,64739.5,6488.5,5816.0
2025-08-31,64739.5,6488.5,5844.9
2025-09-01,63715.8,6370.9,5871.5
2025-09-02,63565.7,6217.3,5892.5
2025-09-03,63414.9,6537.8,5886.5
2025-09-04,63211.4,6610.9,5886.6
2025-09-05,63616.8,7103.9,5894.6
2025-09-06,62616.8,5992.5,5879.3
2025-09-07,62616.8,5992.5,5865.1
2025-09-08,62625.6,6001.3,5851.2
2025-09-09,62616.9,5904.6,5836.3
2025-09-10,62691.8,5794.7,5823.1
2025-09-11,62771.2,5664.8,5806.4
2025-09-12,62812.9,5609.0,5786.9
2025-09-13,62812.9,5514.3,5752.5
2025-09-14,62812.9,5375.6,5721.4
2025-09-15,63501.4,6064.1,5704.0
2025-09-16,63541.4,6195.6,5682.7
2025-09-17,63655.9,6496.1,5667.6
2025-09-18,63850.9,6332.9,5645.0
2025-09-19,63975.2,6094.4,5622.4
2025-09-20,63975.2,5758.7,5648.1
2025-09-21,63975.2,5897.4,5669.5
2025-09-22,63935.7,5857.9,5690.1
2025-09-23,63924.8,5612.4,5704.8
2025-09-24,63907.8,5135.4,5709.7
2025-09-25,63904.3,5503.6,5721.1
2025-09-26,63715.8,5546.7,5730.8
2025-09-27,63715.8,4840.6,5712.3
2025-09-28,63897.5,5022.3,5697.7
2025-09-29,63945.6,4888.4,5680.5
2025-09-30,63911.7,4802.5,5670.1
2025-10-01,62057.5,2948.3,5625.1
2025-10-02,61574.0,2464.8,5578.5
2025-10-03,61408.2,2299.0,5536.7
2025-10-04,61408.2,2299.0,5493.9
2025-10-05,61226.5,2117.3,5450.0
2025-10-06,60937.9,2010.7,5403.9
2025-10-07,60695.7,2055.1,5355.7
2025-10-08,60695.7,2473.4,5306.0
2025-10-09,62407.7,4320.9,5278.7
2025-10-10,62816.7,4871.9,5257.6
2025-10-11,62932.7,5171.7,5235.7
2025-10-12,62932.7,5148.5,5218.2
2025-10-13,63070.5,5286.3,5203.4
2025-10-14,62361.5,4557.8,5173.6
2025-10-15,63005.0,5174.7,5158.6
2025-10-16,62629.0,4217.3,5135.6
2025-10-17,62384.8,3990.5,5105.3
2025-10-18,62268.8,3860.3,5059.7
2025-10-19,62268.8,3883.5,5007.6
2025-10-20,62320.0,3934.7,4956.5
2025-10-21,62388.5,3813.8,4905.4
2025-10-22,62483.2,3818.4,4857.4
2025-10-23,62459.7,3644.6,4799.5
2025-10-24,62462.9,2981.5,4726.9
2025-10-25,62462.9,2797.3,4640.8
2025-10-26,62462.9,2797.3,4576.9
2025-10-27,62611.2,2945.6,4516.0
2025-10-28,62927.0,3228.7,4460.5
2025-10-29,63346.5,3423.8,4410.9
2025-10-30,63476.6,3915.6,4373.3
2025-10-31,63663.7,4574.0,4351.5
2025-11-01,62199.5,4584.3,4331.0
2025-11-02,62199.5,4584.3,4312.4
2025-11-03,61940.5,4325.3,4291.4
2025-11-04,61582.7,4191.8,4254.0
2025-11-05,61790.5,4764.1,4225.3
2025-11-06,61540.7,4928.0,4194.0
2025-11-07,61327.3,5023.0,4167.8
2025-11-08,60627.3,4327.9,4132.4
2025-11-09,60627.3,4327.9,4103.8
2025-11-10,60668.9,4369.5,4073.3
2025-11-11,60955.2,4539.4,4046.9
2025-11-12,61085.2,4562.2,4025.9
2025-11-13,61182.4,4443.7,4012.1
2025-11-14,61253.5,4205.8,3986.1
2025-11-15,61253.5,3237.0,3939.9
2025-11-16,61253.5,3237.0,3907.8
2025-11-17,62216.6,4200.1,3891.4
2025-11-18,62220.3,4164.9,3876.9
2025-11-19,62335.3,4117.1,3863.2
2025-11-20,62445.3,4158.0,3887.4
2025-11-21,62607.5,4178.3,3921.7
2025-11-22,62607.5,4524.2,3966.2
2025-11-23,62607.5,4524.2,4010.7
2025-11-24,62663.2,4579.9,4059.9
2025-11-25,62557.8,4397.8,4107.7
2025-11-26,62460.6,4289.6,4152.4
2025-11-27,62517.0,4379.8,4190.5
2025-11-28,62443.3,4585.9,4195.8
2025-11-29,62443.3,4742.0,4193.2
2025-11-30,62443.3,4742.0,4184.6
2025-12-01,62212.2,3607.8,4153.8
2025-12-02,62066.4,3678.0,4121.6
2025-12-03,61932.4,3792.0,4106.3
2025-12-04,61756.8,3843.4,4079.7
2025-12-05,61595.3,3834.9,4072.0
2025-12-06,61595.3,4123.0,4074.7
2025-12-07,61595.3,4123.0,4079.9
2025-12-08,61610.0,4137.7,4085.0
2025-12-09,61571.0,4084.9,4088.0
2025-12-10,61681.5,4105.1,4093.8
2025-12-11,61619.3,4005.6,4097.6
2025-12-12,61600.0,3957.5,4103.8
2025-12-13,61600.0,3943.3,4123.1
2025-12-14,61600.0,3943.3,4146.0
2025-12-15,62208.6,4551.9,4181.1
2025-12-16,61826.6,3463.9,4191.4
2025-12-17,61683.6,3107.1,4189.0
2025-12-18,61653.3,2767.8,4175.9
2025-12-19,61589.0,2689.0,4151.4
2025-12-20,61589.0,2792.5,4115.7
2025-12-21,61589.0,2792.5,4079.9
2025-12-22,61525.4,2728.9,4042.8
2025-12-23,61449.4,3296.4,4022.2
2025-12-24,61428.6,3566.9,4009.7
2025-12-25,61517.4,3851.0,3991.5
2025-12-26,61554.2,3862.1,3970.1
2025-12-27,61554.2,3855.9,3946.8
2025-12-28,61554.2,3855.9,3937.4
2025-12-29,61969.2,4270.9,3936.2
2025-12-30,62222.4,4544.6,3939.7
2025-12-31,62725.2,4953.8,3948.0
2026-01-01,62548.1,4969.0,3956.1
2026-01-02,62455.1,4957.5,3966.4
2026-01-03,62455.1,5046.0,3983.2
2026-01-04,62491.6,5082.5,4020.1
2026-01-05,62022.8,4613.7,4047.7
2026-01-06,61726.5,4392.4,4051.5
2026-01-07,61226.3,4042.8,4049.1
2026-01-08,62336.2,5151.6,4069.8
2026-01-09,61270.2,4106.3,4068.7
2026-01-10,61270.2,4121.1,4067.6
2026-01-11,61233.7,4084.6,4058.8
2026-01-12,61306.3,4157.2,4051.5
2026-01-13,61048.7,3888.9,4037.6
2026-01-14,61260.9,4053.2,4030.8
2026-01-15,62330.3,4164.2,4028.2
2026-01-16,62383.0,3880.5,4018.3
2026-01-17,62383.0,3780.0,4002.1
2026-01-18,62383.0,3780.0,3982.9
2026-01-19,62455.2,3852.2,3965.1
2026-01-20,62420.6,3719.4,3967.3
2026-01-21,62543.3,3641.1,3966.6
2026-01-22,62574.2,3474.0,3960.2
2026-01-23,62612.5,3372.8,3950.8
2026-01-24,62612.5,3193.8,3938.0
2026-01-25,62612.5,3193.8,3919.4
2026-01-26,62604.7,3035.0,3897.7
2026-01-27,62682.7,2938.0,3873.7
2026-01-28,62696.7,2952.0,3851.0
2026-01-29,62840.5,3095.8,3830.8
2026-01-30,63193.0,3448.3,3819.7
2026-01-31,63193.0,3448.3,3809.5
2026-02-01,63193.0,4458.9,3819.8
2026-02-02,63117.5,4383.4,3828.6
2026-02-03,62821.0,4086.9,3819.3
2026-02-04,63318.5,4840.4,3846.8
2026-02-05,62383.0,4365.4,3872.0
2026-02-06,61937.0,4123.9,3899.1
2026-02-07,61937.0,4224.2,3929.8
2026-02-08,61937.0,4210.2,3958.2
2026-02-09,61975.0,4399.2,3990.3
2026-02-10,62180.9,4688.1,4029.5
2026-02-11,62184.4,4658.6,4056.7
2026-02-12,62232.4,4845.6,4082.3
2026-02-13,63345.9,6108.8,4127.5
2026-02-14,63383.9,6232.0,4174.9
2026-02-15,62883.9,5746.0,4212.7
2026-02-16,62770.9,5633.0,4248.2
2026-02-17,62459.5,5346.1,4269.7
2026-02-18,62381.0,4811.4,4275.0
2026-02-19,62214.5,4664.0,4269.2
2026-02-20,62069.5,4519.8,4260.3
2026-02-21,62031.5,4397.8,4249.1
2026-02-22,62031.5,4397.8,4236.1
2026-02-23,62031.5,4397.8,4222.4
2026-02-24,62557.5,4821.8,4226.6
2026-02-25,62967.0,5402.0,4246.8
2026-02-26,63287.5,5712.7,4280.2
2026-02-27,63556.5,5891.7,4295.0
2026-02-28,63672.5,5905.7,4330.9
2026-03-01,63672.5,5905.7,4366.6
2026-03-02,63691.5,5924.7,4403.4
2026-03-03,63199.8,5628.5,4432.9
2026-03-04,62830.8,5539.8,4465.9
2026-03-05,61533.3,4437.8,4473.6
2026-03-06,62109.1,5124.1,4492.8
2026-03-07,61993.1,5107.6,4517.3
2026-03-08,61993.1,5107.6,4543.9
2026-03-09,62022.6,5137.1,4571.0
2026-03-10,62027.8,5142.8,4596.8
2026-03-11,62013.8,5129.3,4625.0
2026-03-12,62015.3,5308.6,4658.3
2026-03-13,62008.0,5369.9,4696.3
2026-03-14,62008.0,5374.2,4736.3
2026-03-15,61408.0,4774.2,4767.9
2026-03-16,61996.8,5363.0,4811.3
2026-03-17,62008.3,4990.0,4850.4
2026-03-18,62002.3,4748.4,4886.6
2026-03-19,61990.8,4616.4,4919.9
2026-03-20,61973.8,4366.8,4945.3
2026-03-21,61973.8,4454.5,4965.4
2026-03-22,61973.8,4454.5,4985.5
2026-03-23,61844.5,4325.2,4982.9
2026-03-24,61811.0,4637.7,4988.0
2026-03-25,61869.0,4591.1,4998.0
2026-03-26,62080.0,4642.6,4994.1
2026-03-27,62205.7,4818.3,5003.1
2026-03-28,62205.7,4832.8,5017.3
2026-03-29,62205.7,4832.8,5029.5
2026-03-30,62467.2,5094.3,5047.2
2026-03-31,62482.2,5077.6,5060.7
2026-04-01,62404.2,2815.3,5023.3
2026-04-02,62180.7,2817.3,4986.5
2026-04-03,62035.5,2667.2,4942.9
2026-04-04,62035.5,2745.7,4875.6
2026-04-05,62035.5,2745.7,4805.9
2026-04-06,61766.0,2476.2,4740.5
2026-04-07,62534.0,3317.4,4694.2
2026-04-08,61434.0,2114.9,4629.6
2026-04-09,61434.0,2225.9,4577.9
2026-04-10,61435.0,2384.4,4532.3
2026-04-11,61435.0,2355.9,4489.0
2026-04-12,61435.0,2355.9,4448.1
2026-04-13,61435.5,2356.4,4407.3
2026-04-14,61436.0,2407.4,4367.5
2026-04-15,61336.0,2310.3,4317.3
2026-04-16,61336.0,2324.7,4255.7
2026-04-17,61334.5,2143.6,4184.4
2026-04-18,61334.5,1921.6,4105.0
2026-04-19,61334.5,1921.6,4025.3
2026-04-20,61334.5,1921.6,3945.6
2026-04-21,61338.5,1792.6,3862.9
2026-04-22,61344.0,1742.1,3785.2
2026-04-23,61344.0,1738.6,3709.2
2026-04-24,61348.5,1770.6,3655.8
2026-04-25,61348.5,1861.6,3590.6
2026-04-26,61348.5,1861.6,3525.7
2026-04-27,61566.5,1989.6,3463.3
2026-04-28,61605.0,1925.1,3399.1
2026-04-29,61624.9,1825.0,3332.7
2026-04-30,61750.6,1527.9,3260.7
2026-05-01,61745.6,1867.0,3191.9
2026-05-02,61745.6,2026.5,3125.0
2026-05-03,61745.6,2026.5,3058.0
2026-05-04,60727.1,1098.0,2984.5
2026-05-05,60683.6,1333.5,2903.9
2026-05-06,60983.7,1569.1,2835.5
2026-05-07,60884.5,1805.2,2776.7
2026-05-08,60885.0,1647.1,2717.3
2026-05-09,60885.5,1570.6,2661.3
2026-05-10,60885.5,1570.6,2603.7
2026-05-11,60886.0,1571.1,2546.0
2026-05-12,60886.5,1528.6,2490.1
2026-05-13,60861.0,1728.1,2431.9
2026-05-14,60834.5,1805.1,2376.2
2026-05-15,61134.5,1199.2,2307.3
2026-05-16,61134.0,1169.2,2234.3
2026-05-17,60334.0,369.2,2145.0
2026-05-18,60334.5,369.7,2055.8
2026-05-19,60334.5,277.7,1959.5
2026-05-20,60384.0,150.2,1860.9
2026-05-21,60483.5,184.7,1808.3
2026-05-22,60636.0,247.2,1756.9
2026-05-23,60636.0,211.2,1707.8
2026-05-24,60636.0,211.2,1657.1
2026-05-25,60893.0,468.2,1611.5
2026-05-26,61141.5,469.7,1571.4
2026-05-27,61269.1,506.3,1515.2
2026-05-28,61270.4,449.1,1481.9
2026-05-29,61240.4,307.6,1443.5
2026-05-30,61240.4,159.0,1399.0
2026-05-31,61240.4,159.0,1355.1
2026-06-01,60993.4,-88.0,1306.2
2026-06-02,60744.6,45.2,1260.0
2026-06-03,60567.0,-138.9,1209.0
2026-06-04,60465.7,-239.6,1158.0
2026-06-05,61057.7,491.9,1121.4
2026-06-06,60257.7,-1152.0,1055.5
2026-06-07,60257.7,-1152.0,994.0
2026-06-08,60465.2,-944.5,936.7
2026-06-09,60618.0,-965.5,878.9
2026-06-10,60777.0,-550.6,832.1
2026-06-11,60965.5,-311.2,791.0
2026-06-12,61143.5,-126.0,753.7
2026-06-13,61143.5,-193.5,714.4
2026-06-14,61143.5,-193.5,673.3
2026-06-15,61350.0,13.0,636.4
2026-06-16,61646.5,-158.7,593.4
2026-06-17,61907.8,103.9,557.0
2026-06-18,61967.3,171.1,523.9
2026-06-19,61574.3,-306.1,487.2
2026-06-20,61574.3,-264.8,444.6
2026-06-21,61574.3,-264.8,398.8
2026-06-22,61625.8,-213.3,354.0
2026-06-23,61700.8,-116.8,329.7
2026-06-24,61943.0,-83.8,301.3
2026-06-25,62065.5,-170.3,266.5
2026-06-26,62297.0,-244.6,225.6
2026-06-27,62297.0,-609.3,180.4
2026-06-28,62297.0,-609.3,136.8
2026-06-29,61978.0,-928.3,86.8
2026-06-30,61523.0,-1494.3,25.5
2026-07-01,60960.5,-768.9,-20.4
2026-07-02,60878.5,-584.1,-66.7
2026-07-03,60710.0,-300.5,-108.8
2026-07-04,60710.0,191.4,-128.9
2026-07-05,59910.0,-608.6,-164.5
2026-07-06,60752.5,233.9,-167.2
